complaint_id,customer_id,complaint_type,complaint_date,status,resolution_days,priority
1,635,Data Not Working,2025-09-01 05:15:34,Resolved,6,High
2,6530,Porting Issue,2023-05-09 15:57:46,Escalated,,Medium
3,48147,Wrong Plan Charged,2026-03-05 10:09:03,Closed,6,High
4,14454,Porting Issue,2025-01-20 13:08:55,Closed,10,Medium
5,19700,Refund Request,2023-09-26 10:05:29,Closed,6,Low
6,3925,SIM Activation,2024-01-27 06:37:43,Resolved,14,High
7,34604,Call Drop,2025-08-09 08:37:11,Open,,Low
8,8038,Recharge Failure,2025-05-16 21:29:50,In Progress,,Low
9,18730,Network Issue,2023-06-08 15:03:29,Open,,High
10,38652,Signal Not Available,2025-06-12 23:01:58,In Progress,,Critical
11,49504,Data Not Working,2025-06-14 14:10:21,Open,,High
12,10855,Signal Not Available,2025-10-19 01:49:40,Open,,Critical
13,31955,Signal Not Available,2023-07-10 10:22:45,Resolved,12,High
14,26572,Slow Internet,2023-06-16 05:21:12,Escalated,,Critical
15,1453,Signal Not Available,2025-08-22 05:51:00,Closed,13,Critical
16,46429,SIM Activation,2023-03-12 16:31:48,Open,,Critical
17,1010,Network Issue,2023-11-08 03:51:31,Closed,9,Critical
18,25877,Porting Issue,2026-04-01 19:33:12,Escalated,,Critical
19,32049,Signal Not Available,2024-11-03 19:07:14,Closed,2,Medium
20,43839,Refund Request,2024-01-08 00:22:16,Open,,Critical
21,31232,Refund Request,2023-08-05 22:40:33,Escalated,,Critical
22,8542,Data Not Working,2023-08-11 12:38:53,Open,,Low
23,2197,Data Not Working,2025-11-30 04:08:25,Closed,11,Critical
24,9223,Recharge Failure,2026-06-08 01:50:29,Open,,High
25,13781,Customer Service,2025-11-09 16:20:14,Closed,7,Low
26,4809,Slow Internet,2025-07-29 02:15:21,In Progress,,Critical
27,27988,Signal Not Available,2025-07-08 07:02:26,Open,,High
28,30266,Porting Issue,2023-06-24 21:59:53,Closed,2,Critical
29,5756,Network Issue,2025-10-01 16:49:57,Closed,7,High
30,13945,Call Drop,2023-02-01 12:48:27,In Progress,,High
31,26424,Network Issue,2023-02-16 05:04:11,Open,,High
32,35162,Customer Service,2025-05-05 02:00:05,In Progress,,Critical
33,1583,Data Not Working,2023-05-21 05:15:38,Closed,5,High
34,44724,Porting Issue,2023-06-01 08:38:25,Resolved,11,High
35,36559,Signal Not Available,2023-08-16 14:09:18,Closed,6,Critical
36,26851,Billing Dispute,2024-08-13 21:44:05,Open,,High
37,6974,Customer Service,2024-02-25 18:06:32,Open,,Medium
38,36699,SIM Activation,2026-04-03 05:45:20,Resolved,8,High
39,6908,Recharge Failure,2023-03-25 15:56:27,In Progress,,Critical
40,3653,Signal Not Available,2023-06-20 07:22:54,Open,,Low
41,48961,Call Drop,2024-02-12 22:41:11,In Progress,,High
42,30734,Signal Not Available,2024-07-29 16:17:30,Closed,15,Medium
43,33225,Refund Request,2024-07-12 10:49:07,In Progress,,High
44,35052,Call Drop,2026-03-06 23:44:14,Open,,Medium
45,25976,Recharge Failure,2023-03-24 14:35:24,Resolved,13,Low
46,33183,Billing Dispute,2024-09-02 22:13:41,Open,,Medium
47,1882,Porting Issue,2026-02-13 07:07:32,Resolved,13,Critical
48,21187,Data Not Working,2024-03-29 13:45:56,Escalated,,Medium
49,21489,Signal Not Available,2024-04-30 03:16:31,Resolved,6,Low
50,7639,Signal Not Available,2026-05-29 16:29:39,Open,,Critical
51,37583,Wrong Plan Charged,2024-12-12 09:51:14,Open,,Critical
52,16991,Signal Not Available,2023-03-10 06:56:04,Closed,8,High
53,25605,SIM Activation,2023-07-04 11:11:30,In Progress,,Medium
54,27739,SIM Activation,2026-01-22 16:55:43,Resolved,4,Critical
55,6926,Wrong Plan Charged,2023-05-22 03:35:13,Resolved,10,Medium
56,4571,SIM Activation,2023-11-15 16:33:15,Escalated,,Low
57,2543,Wrong Plan Charged,2026-04-29 11:43:20,In Progress,,Low
58,1105,Customer Service,2024-09-04 13:03:48,Open,,Critical
59,38754,Porting Issue,2024-03-05 01:07:03,Escalated,,Low
60,32008,SIM Activation,2024-01-18 03:11:59,Closed,0,Medium
61,21941,Billing Dispute,2024-10-17 11:42:23,In Progress,,High
62,27532,Slow Internet,2024-03-11 23:52:55,Escalated,,Medium
63,30564,SIM Activation,2023-04-14 05:24:51,Resolved,13,High
64,23921,Customer Service,2023-07-22 14:58:24,Open,,High
65,1673,Slow Internet,2023-12-19 05:19:46,Closed,8,Medium
66,38312,Slow Internet,2023-11-26 11:15:02,Closed,15,High
67,42132,Network Issue,2023-01-19 04:14:06,Closed,3,Medium
68,19461,Wrong Plan Charged,2024-02-01 01:16:28,Closed,12,Low
69,36012,Recharge Failure,2024-04-27 06:20:16,Closed,5,Medium
70,39760,Customer Service,2023-03-16 02:59:06,Closed,8,Low
71,3008,Slow Internet,2023-07-15 00:34:29,In Progress,,Medium
72,8176,Slow Internet,2025-09-21 22:54:22,In Progress,,Medium
73,10768,Recharge Failure,2024-04-15 19:18:58,Open,,Critical
74,42964,Wrong Plan Charged,2023-08-05 10:03:47,Closed,14,Critical
75,297,Customer Service,2025-10-10 13:01:57,Resolved,12,Critical
76,42684,Billing Dispute,2025-06-04 21:50:15,Open,,Medium
77,36714,Wrong Plan Charged,2026-03-23 19:42:04,Escalated,,Medium
78,17615,Call Drop,2025-05-02 14:29:14,Open,,Medium
79,3573,Call Drop,2023-04-26 22:10:20,In Progress,,Critical
80,49467,Call Drop,2023-05-12 02:32:13,Closed,8,Low
81,22233,Refund Request,2023-12-14 12:49:54,Closed,7,High
82,15184,Signal Not Available,2023-12-22 10:00:08,In Progress,,Critical
83,30387,Billing Dispute,2026-02-05 02:27:33,Escalated,,Low
84,39939,Slow Internet,2024-06-02 05:18:02,Open,,High
85,26015,Network Issue,2025-08-09 22:39:09,In Progress,,Low
86,16217,Porting Issue,2026-02-10 04:00:25,In Progress,,Low
87,2122,Refund Request,2024-02-11 03:35:37,In Progress,,Critical
88,1001,Wrong Plan Charged,2025-06-03 11:05:11,Escalated,,Medium
89,23149,Porting Issue,2024-06-29 19:26:50,Closed,7,High
90,15191,Data Not Working,2025-05-24 13:14:56,Resolved,3,Critical
91,44175,Customer Service,2025-07-24 02:57:09,In Progress,,Low
92,16283,Billing Dispute,2024-05-02 04:45:09,Open,,Medium
93,30957,Wrong Plan Charged,2023-02-28 05:28:21,Closed,11,Medium
94,5887,Billing Dispute,2025-04-10 14:45:00,Escalated,,Low
95,21015,Refund Request,2026-01-28 14:49:44,Resolved,4,Critical
96,41166,Network Issue,2025-08-01 00:59:51,Resolved,3,Low
97,17393,Billing Dispute,2025-08-10 16:53:54,Resolved,4,High
98,27829,Slow Internet,2026-01-27 17:18:37,Closed,11,Low
99,36599,Wrong Plan Charged,2025-07-27 18:57:07,Escalated,,High
100,14263,Refund Request,2026-03-11 23:10:54,In Progress,,High
101,3630,Slow Internet,2023-08-09 16:42:01,Escalated,,Critical
102,44025,Signal Not Available,2023-02-17 02:23:21,Resolved,0,Medium
103,24472,Signal Not Available,2024-02-02 12:32:29,Open,,High
104,11923,Recharge Failure,2024-11-15 06:30:41,Closed,2,Low
105,14477,Signal Not Available,2023-11-18 15:51:59,Closed,12,Low
106,49587,Call Drop,2023-09-05 21:13:03,Open,,Low
107,6823,Slow Internet,2025-01-07 11:05:20,Escalated,,Low
108,420,Porting Issue,2024-11-26 00:51:08,Resolved,8,Low
109,4833,Refund Request,2024-08-28 02:41:33,Open,,Medium
110,32572,Network Issue,2024-09-05 05:49:41,Closed,0,Medium
111,42497,Call Drop,2025-06-10 08:01:56,Resolved,1,Medium
112,32881,Recharge Failure,2026-03-12 17:00:33,Resolved,12,High
113,20296,Billing Dispute,2025-11-26 02:29:19,Closed,15,Medium
114,49058,Signal Not Available,2026-06-15 20:45:11,Escalated,,Critical
115,2398,Network Issue,2025-10-17 12:31:32,Open,,Medium
116,25454,Porting Issue,2024-04-01 13:22:27,Resolved,10,Low
117,30593,SIM Activation,2026-07-26 08:54:56,Resolved,14,Critical
118,79,Call Drop,2024-09-24 06:28:22,Open,,Low
119,21061,Refund Request,2025-07-14 18:43:05,In Progress,,Low
120,22218,Data Not Working,2023-10-15 05:23:38,Escalated,,Critical
121,39150,Customer Service,2023-12-23 01:06:13,Open,,Critical
122,39871,SIM Activation,2024-09-15 11:35:17,Escalated,,High
123,46282,Customer Service,2025-11-18 20:37:02,Resolved,4,High
124,35417,Wrong Plan Charged,2024-11-13 08:57:38,In Progress,,Medium
125,17793,Porting Issue,2024-12-26 09:15:38,Closed,14,Critical
126,39885,Signal Not Available,2023-12-20 13:48:45,Closed,9,Critical
127,6579,Data Not Working,2023-02-16 15:51:18,Resolved,6,High
128,26319,Refund Request,2024-05-03 23:44:29,Escalated,,Critical
129,18178,Signal Not Available,2026-07-23 08:11:27,Escalated,,Medium
130,30076,Slow Internet,2026-03-26 00:02:43,In Progress,,High
131,45260,Wrong Plan Charged,2026-02-14 14:18:16,In Progress,,High
132,45121,Data Not Working,2023-10-31 14:37:44,Closed,11,Critical
133,7475,Recharge Failure,2025-12-24 21:44:55,Closed,6,Medium
134,43966,Signal Not Available,2023-02-02 20:13:50,Closed,0,Medium
135,20390,Wrong Plan Charged,2023-03-23 12:27:45,Open,,High
136,31965,SIM Activation,2025-03-07 11:52:46,Closed,10,High
137,18331,Call Drop,2025-04-21 10:04:58,Closed,15,Medium
138,23790,Refund Request,2025-05-26 21:55:07,Closed,12,Critical
139,49218,Signal Not Available,2026-03-23 22:36:36,Escalated,,Medium
140,27968,Porting Issue,2023-05-30 03:43:44,Open,,Medium
141,48208,Billing Dispute,2023-05-20 13:23:06,Closed,7,Critical
142,15436,Call Drop,2023-05-22 20:24:56,Closed,13,Medium
143,39620,Porting Issue,2023-12-23 03:25:08,In Progress,,Medium
144,37170,Porting Issue,2025-08-16 17:29:37,Escalated,,Medium
145,33216,Recharge Failure,2023-12-03 03:51:10,In Progress,,High
146,4688,Network Issue,2024-06-21 12:24:54,In Progress,,Critical
147,11702,Customer Service,2026-04-29 17:40:46,Resolved,3,Medium
148,32619,Slow Internet,2023-11-05 06:52:50,Closed,12,Medium
149,27898,Billing Dispute,2023-04-14 02:02:34,Open,,Low
150,49252,Slow Internet,2026-02-17 01:33:43,Resolved,2,Critical
151,9992,Recharge Failure,2023-05-10 23:44:51,Closed,14,High
152,28122,Refund Request,2025-12-15 07:34:51,Resolved,1,Medium
153,13521,Customer Service,2024-03-17 00:31:15,Escalated,,Critical
154,1430,Refund Request,2024-11-29 04:43:46,In Progress,,Low
155,14441,Billing Dispute,2024-05-29 04:22:19,Resolved,11,Critical
156,7473,Data Not Working,2025-10-15 23:37:03,Resolved,11,Low
157,39714,Porting Issue,2026-07-16 16:33:22,In Progress,,Medium
158,4779,Signal Not Available,2023-04-24 12:20:39,In Progress,,Low
159,20660,Wrong Plan Charged,2026-01-29 15:43:15,Open,,Medium
160,21724,Slow Internet,2023-09-27 21:39:23,Escalated,,Medium
161,2596,Refund Request,2023-09-28 23:28:08,In Progress,,Critical
162,1119,Customer Service,2025-12-24 00:38:53,In Progress,,Low
163,8721,Network Issue,2025-06-01 19:01:48,Open,,Low
164,46225,Data Not Working,2024-12-07 15:47:40,In Progress,,Low
165,44462,Slow Internet,2023-06-26 22:18:49,Closed,11,Critical
166,49397,SIM Activation,2025-02-09 09:03:21,Closed,4,High
167,14336,Network Issue,2023-02-01 16:12:03,In Progress,,Low
168,11100,Signal Not Available,2024-06-13 15:59:03,In Progress,,Critical
169,28453,Porting Issue,2023-04-24 10:16:30,In Progress,,High
170,5757,Billing Dispute,2025-01-19 08:13:44,Open,,High
171,9208,Recharge Failure,2023-12-11 12:11:49,Open,,Critical
172,31464,Signal Not Available,2025-05-02 21:08:26,Escalated,,High
173,45011,Data Not Working,2023-10-29 04:10:46,In Progress,,High
174,22800,Refund Request,2024-09-23 07:17:51,Open,,Medium
175,24854,Data Not Working,2025-07-08 17:24:07,Escalated,,High
176,43527,Slow Internet,2025-11-25 18:07:13,Closed,15,Low
177,14173,Slow Internet,2024-04-30 01:24:23,Resolved,12,Medium
178,15096,Customer Service,2023-04-02 18:28:14,Open,,Medium
179,9723,Recharge Failure,2025-08-05 22:17:32,Escalated,,Critical
180,1094,Call Drop,2026-01-05 01:25:55,Open,,Medium
181,39259,Wrong Plan Charged,2023-01-10 17:23:40,Resolved,8,Critical
182,24827,Porting Issue,2024-08-02 01:20:47,Closed,6,Critical
183,1351,SIM Activation,2025-02-17 07:22:16,In Progress,,Medium
184,36736,Network Issue,2026-05-31 07:44:11,Escalated,,High
185,26859,Slow Internet,2023-05-31 21:53:39,Closed,15,High
186,42459,Recharge Failure,2024-11-01 06:11:59,Resolved,6,Low
187,9951,Slow Internet,2025-10-21 05:18:10,Closed,13,Low
188,30127,Call Drop,2023-11-04 21:22:17,Resolved,9,Low
189,25063,Billing Dispute,2023-09-22 19:29:13,In Progress,,High
190,2702,SIM Activation,2025-09-26 13:10:50,Closed,1,Medium
191,233,Billing Dispute,2025-10-30 23:37:23,Resolved,8,Low
192,48023,Slow Internet,2024-12-02 23:47:42,Escalated,,Low
193,25359,SIM Activation,2025-05-09 22:20:27,In Progress,,Medium
194,49807,Refund Request,2023-01-22 02:51:47,Escalated,,Critical
195,23175,Signal Not Available,2025-12-13 14:34:03,Resolved,3,Medium
196,27388,Network Issue,2023-03-06 14:58:01,Escalated,,Critical
197,4470,Recharge Failure,2025-01-09 19:32:24,Closed,11,High
198,42393,Recharge Failure,2023-08-15 13:23:22,Resolved,11,High
199,19260,Slow Internet,2024-10-16 09:20:39,Escalated,,Medium
200,44448,Refund Request,2025-11-06 07:59:50,In Progress,,Medium
201,24243,Wrong Plan Charged,2023-05-02 06:06:36,In Progress,,Low
202,16029,Wrong Plan Charged,2025-08-19 06:48:57,Open,,High
203,6068,Data Not Working,2026-04-16 19:19:41,Closed,5,Medium
204,42761,Porting Issue,2024-09-04 00:54:18,Closed,10,Critical
205,4109,Network Issue,2026-07-27 15:23:51,Escalated,,Medium
206,13209,Recharge Failure,2025-05-06 05:27:11,Closed,6,Critical
207,24342,Wrong Plan Charged,2024-02-03 20:00:44,Open,,Critical
208,23464,SIM Activation,2025-09-20 10:29:05,Resolved,5,Critical
209,11234,Network Issue,2024-02-22 23:48:06,Open,,Low
210,32181,Customer Service,2023-04-09 06:41:39,Escalated,,High
211,23343,Slow Internet,2023-07-24 18:48:21,Closed,15,High
212,32819,Wrong Plan Charged,2023-02-25 04:03:15,Escalated,,Low
213,3627,Refund Request,2024-03-16 19:28:28,Resolved,13,Low
214,46564,Data Not Working,2023-01-22 22:03:30,In Progress,,Low
215,2969,Wrong Plan Charged,2025-07-27 03:19:48,In Progress,,Low
216,29258,Network Issue,2024-07-23 19:58:03,Resolved,10,High
217,37802,Wrong Plan Charged,2026-02-28 10:57:25,Resolved,6,High
218,25990,Wrong Plan Charged,2026-02-24 21:05:39,Closed,10,Medium
219,28091,SIM Activation,2024-02-20 21:48:27,Closed,5,Critical
220,41604,Wrong Plan Charged,2023-07-13 14:58:36,Closed,5,Low
221,49634,SIM Activation,2023-09-03 05:44:15,Escalated,,Critical
222,9411,Customer Service,2023-02-27 09:01:46,In Progress,,Medium
223,32106,Wrong Plan Charged,2023-09-08 03:05:30,Open,,Low
224,37374,Porting Issue,2026-05-08 19:44:37,Closed,0,High
225,12289,Billing Dispute,2024-11-17 12:12:24,Escalated,,Low
226,32617,Network Issue,2024-03-24 08:05:19,Escalated,,Low
227,12925,Customer Service,2025-06-09 02:26:54,Resolved,8,Low
228,20757,Refund Request,2025-07-15 10:16:24,Resolved,9,Medium
229,25921,Wrong Plan Charged,2024-02-24 22:40:00,Open,,Critical
230,26329,Signal Not Available,2024-11-05 02:32:15,Closed,11,Critical
231,4092,Call Drop,2025-10-04 13:04:13,In Progress,,Low
232,17685,SIM Activation,2025-12-17 06:23:39,Open,,Low
233,12530,Refund Request,2026-05-19 15:57:27,Open,,Low
234,38669,Network Issue,2023-11-05 21:48:34,Escalated,,Critical
235,29963,Billing Dispute,2025-02-23 14:00:58,Escalated,,High
236,29126,Billing Dispute,2024-06-26 10:55:34,Open,,High
237,13450,Billing Dispute,2023-10-19 22:44:48,Escalated,,Medium
238,3872,Customer Service,2023-03-12 00:13:45,Open,,Low
239,3871,Recharge Failure,2023-05-23 17:26:51,In Progress,,Critical
240,39184,Call Drop,2024-06-30 17:01:24,Escalated,,High
241,25530,Customer Service,2025-12-26 19:50:37,Closed,4,Critical
242,41330,Recharge Failure,2023-11-26 19:46:16,Resolved,4,Medium
243,5552,Slow Internet,2025-11-22 17:26:42,Open,,Critical
244,39836,SIM Activation,2023-07-11 20:24:54,Open,,Critical
245,35217,Signal Not Available,2024-02-17 09:52:54,Closed,10,Low
246,40249,Data Not Working,2023-02-21 04:18:30,Escalated,,Low
247,8464,Porting Issue,2023-10-08 07:27:47,Closed,7,High
248,24648,Billing Dispute,2025-06-22 02:42:21,Open,,Critical
249,20742,Signal Not Available,2025-10-03 15:15:24,Closed,0,Critical
250,9859,Porting Issue,2025-10-24 07:32:58,Open,,Low
251,7614,Billing Dispute,2023-10-09 12:25:22,In Progress,,Critical
252,28742,Recharge Failure,2023-04-25 02:04:53,In Progress,,Critical
253,18752,SIM Activation,2025-09-08 05:21:26,Closed,5,Medium
254,29228,Network Issue,2025-07-08 15:15:20,Open,,Critical
255,960,SIM Activation,2024-03-27 09:54:28,In Progress,,Low
256,44786,Porting Issue,2025-05-11 21:26:55,Closed,7,High
257,30008,Wrong Plan Charged,2024-07-03 02:07:33,Escalated,,Medium
258,1141,Refund Request,2026-02-20 18:09:16,Escalated,,Critical
259,4348,Recharge Failure,2023-05-28 14:50:19,Escalated,,Low
260,20420,Slow Internet,2024-08-18 06:12:50,Escalated,,High
261,18448,Slow Internet,2026-06-10 12:35:22,In Progress,,Critical
262,36099,Call Drop,2024-10-06 21:37:05,In Progress,,Critical
263,18768,Porting Issue,2024-09-06 11:25:47,In Progress,,Low
264,42787,Recharge Failure,2024-03-30 02:40:17,Open,,Low
265,45278,Call Drop,2023-12-28 14:20:13,In Progress,,Critical
266,23388,Signal Not Available,2025-03-09 09:24:01,Resolved,2,Critical
267,39890,SIM Activation,2023-10-25 21:40:54,Closed,1,High
268,697,SIM Activation,2025-05-15 07:33:11,In Progress,,Medium
269,24155,Slow Internet,2026-02-11 22:32:38,In Progress,,High
270,26184,Wrong Plan Charged,2026-06-07 13:25:44,In Progress,,High
271,25727,Data Not Working,2023-06-24 10:19:42,Escalated,,Low
272,714,Porting Issue,2023-08-08 13:35:26,Escalated,,Low
273,45282,Wrong Plan Charged,2024-09-23 21:01:30,Closed,5,Critical
274,18056,Refund Request,2024-01-13 09:00:00,Resolved,15,Medium
275,45382,Network Issue,2025-02-23 00:59:44,Resolved,6,High
276,17502,Porting Issue,2023-04-03 20:28:04,In Progress,,Critical
277,17554,Customer Service,2023-08-26 21:41:34,In Progress,,Critical
278,46728,Network Issue,2023-05-23 00:58:36,Open,,Critical
279,28031,SIM Activation,2023-06-03 08:37:31,Open,,Low
280,5281,Billing Dispute,2025-11-16 22:19:41,Escalated,,Critical
281,141,Slow Internet,2025-07-13 21:11:14,Escalated,,High
282,14923,Customer Service,2025-05-17 17:50:35,In Progress,,Critical
283,33252,SIM Activation,2023-03-07 15:52:54,Resolved,13,High
284,15029,Call Drop,2025-12-15 14:32:01,Resolved,4,Low
285,39882,Call Drop,2024-07-06 07:42:43,Resolved,15,High
286,31817,Slow Internet,2025-03-28 17:22:10,Escalated,,Critical
287,11634,Customer Service,2024-04-20 10:57:09,Escalated,,Low
288,21537,Billing Dispute,2026-01-15 19:00:09,Closed,5,Low
289,36748,Signal Not Available,2023-04-14 11:19:43,Closed,5,Low
290,13343,Signal Not Available,2025-06-22 08:03:07,In Progress,,High
291,37334,Data Not Working,2025-11-14 02:40:46,Resolved,14,Critical
292,29465,Porting Issue,2023-10-08 13:04:56,Resolved,14,Medium
293,16377,SIM Activation,2024-08-08 08:11:07,Resolved,15,High
294,33997,Wrong Plan Charged,2025-09-05 02:16:18,Resolved,6,High
295,41835,Wrong Plan Charged,2025-12-18 17:12:09,Closed,9,Medium
296,2799,Customer Service,2026-04-20 14:21:32,Resolved,12,High
297,33331,Customer Service,2025-05-09 23:20:59,Escalated,,Low
298,9171,Call Drop,2023-11-13 04:59:55,Resolved,11,Medium
299,2690,SIM Activation,2026-03-23 19:04:15,Escalated,,Medium
300,1499,Refund Request,2026-02-21 16:24:03,Resolved,6,Low
301,32088,SIM Activation,2023-04-12 17:46:24,Open,,Low
302,41636,Recharge Failure,2024-09-29 14:03:01,In Progress,,Medium
303,30236,Slow Internet,2024-05-26 18:34:26,Resolved,4,Medium
304,1127,Slow Internet,2023-07-07 09:32:52,Escalated,,Medium
305,43855,Recharge Failure,2026-05-16 10:01:56,Resolved,3,High
306,7011,Network Issue,2024-08-21 11:03:09,Resolved,1,High
307,3449,Data Not Working,2026-01-10 01:53:43,Open,,Medium
308,11023,Slow Internet,2025-12-07 08:01:15,Open,,High
309,35283,Porting Issue,2024-04-12 11:57:48,Open,,Critical
310,26628,Customer Service,2025-03-21 12:58:51,Escalated,,Medium
311,37576,Refund Request,2023-01-06 05:46:18,Open,,Critical
312,16436,Network Issue,2026-05-04 20:23:22,Escalated,,Medium
313,3025,Porting Issue,2023-01-20 18:47:16,Closed,7,Critical
314,36207,Recharge Failure,2025-06-16 18:11:02,Closed,6,Critical
315,45745,Data Not Working,2026-06-27 18:24:09,Closed,13,Critical
316,48038,Porting Issue,2026-05-11 13:40:22,Open,,Critical
317,43782,Data Not Working,2023-09-13 19:46:09,Escalated,,Critical
318,27846,Data Not Working,2026-05-20 10:24:08,In Progress,,High
319,20541,Recharge Failure,2026-06-12 22:43:06,Open,,Medium
320,33761,SIM Activation,2025-07-01 20:40:37,Open,,Critical
321,9987,Network Issue,2025-09-19 09:43:33,Closed,10,Critical
322,16048,Customer Service,2023-08-27 20:19:27,Escalated,,Medium
323,22488,Slow Internet,2024-10-26 09:58:34,Open,,Low
324,36863,Porting Issue,2025-11-13 22:35:18,Escalated,,Critical
325,6469,Porting Issue,2026-04-11 03:58:17,Open,,Critical
326,44180,Refund Request,2023-11-19 01:23:04,Escalated,,High
327,19587,Network Issue,2023-06-27 13:36:57,Escalated,,Low
328,14303,Porting Issue,2026-02-26 20:21:26,In Progress,,Critical
329,48290,Billing Dispute,2023-08-01 03:39:03,Open,,Medium
330,13411,Recharge Failure,2024-08-04 18:28:00,Open,,Low
331,31354,Refund Request,2023-07-19 17:38:26,In Progress,,High
332,2654,Signal Not Available,2026-04-10 04:52:07,In Progress,,Critical
333,18118,Slow Internet,2024-08-23 00:44:10,In Progress,,High
334,9096,Slow Internet,2023-11-10 04:11:34,Resolved,8,Critical
335,35045,Wrong Plan Charged,2026-05-23 04:36:30,Open,,Critical
336,23218,Signal Not Available,2025-08-13 17:17:40,Open,,High
337,896,Billing Dispute,2025-06-12 11:08:51,Closed,3,Critical
338,3438,Customer Service,2025-07-21 00:03:50,Open,,High
339,47460,Network Issue,2023-06-06 02:57:01,Open,,Critical
340,3926,Recharge Failure,2025-10-17 21:58:06,Open,,Low
341,27259,Porting Issue,2025-12-17 06:14:40,In Progress,,Critical
342,5858,Customer Service,2024-05-01 11:59:47,Open,,Medium
343,24578,Billing Dispute,2024-09-22 10:12:47,In Progress,,Low
344,7838,Customer Service,2025-06-08 06:11:49,Open,,High
345,24549,Porting Issue,2025-01-02 04:26:12,Escalated,,Medium
346,39184,Slow Internet,2025-03-17 13:41:35,Open,,High
347,41533,SIM Activation,2026-07-25 15:27:32,Open,,Medium
348,21806,Porting Issue,2024-07-12 10:33:14,Closed,5,Critical
349,12568,Data Not Working,2023-02-16 18:06:30,Resolved,8,Critical
350,4089,Billing Dispute,2023-09-03 11:28:40,Escalated,,High
351,3270,Signal Not Available,2024-08-28 19:30:20,Closed,15,Low
352,40286,Billing Dispute,2024-02-08 17:09:47,Escalated,,High
353,34127,Slow Internet,2026-07-18 13:37:04,In Progress,,Medium
354,29174,Signal Not Available,2023-10-13 03:45:16,Resolved,3,Medium
355,16510,Network Issue,2024-11-03 22:31:08,Closed,3,Low
356,28999,Signal Not Available,2024-09-07 11:06:47,Escalated,,Low
357,29519,Network Issue,2024-07-11 11:17:23,Open,,Critical
358,18930,Refund Request,2024-09-19 02:32:25,Open,,Critical
359,26780,Network Issue,2026-06-21 05:36:47,In Progress,,Critical
360,9456,Wrong Plan Charged,2026-03-17 17:49:15,In Progress,,Critical
361,10912,SIM Activation,2023-07-30 10:42:03,Closed,15,Medium
362,41360,Porting Issue,2023-03-01 23:18:45,Escalated,,High
363,28172,Signal Not Available,2025-08-26 06:25:39,Escalated,,High
364,6910,Signal Not Available,2026-03-30 18:44:03,Resolved,7,Medium
365,6424,Recharge Failure,2023-04-18 09:58:19,Closed,2,Medium
366,47899,Refund Request,2025-06-07 01:22:40,Open,,Medium
367,19910,Network Issue,2024-10-06 04:06:46,Open,,Medium
368,47124,Data Not Working,2024-09-12 08:40:40,Open,,Medium
369,6237,Billing Dispute,2025-01-30 13:28:44,Closed,3,Medium
370,41822,Call Drop,2024-11-17 13:24:47,Open,,Low
371,48832,Network Issue,2026-06-01 14:44:21,Escalated,,Medium
372,32645,Signal Not Available,2023-06-25 21:31:51,Closed,7,Medium
373,4557,Billing Dispute,2024-02-26 10:38:10,In Progress,,Critical
374,45646,Signal Not Available,2023-02-03 13:14:30,Resolved,11,High
375,45433,Billing Dispute,2025-01-16 06:01:56,Resolved,7,Low
376,37636,Refund Request,2026-05-29 16:55:41,In Progress,,Critical
377,9889,Data Not Working,2025-04-12 05:33:34,Closed,1,High
378,6112,Recharge Failure,2024-11-12 09:14:58,Resolved,13,Low
379,17742,SIM Activation,2026-04-30 14:54:47,Closed,11,Low
380,39135,SIM Activation,2024-08-24 07:12:54,Resolved,10,Critical
381,38687,Billing Dispute,2025-08-05 21:33:17,Open,,Low
382,32060,SIM Activation,2023-12-11 06:14:42,Resolved,1,Critical
383,10871,Billing Dispute,2026-05-03 20:10:01,Open,,Medium
384,20539,Porting Issue,2023-04-25 19:42:20,In Progress,,Medium
385,12624,Slow Internet,2025-05-28 20:41:54,Resolved,9,Medium
386,8061,Billing Dispute,2023-06-26 18:02:46,Escalated,,Medium
387,42790,Wrong Plan Charged,2024-06-06 13:55:43,Escalated,,Low
388,15717,SIM Activation,2025-02-10 16:42:21,In Progress,,Medium
389,9466,Refund Request,2025-09-30 21:25:45,Escalated,,Critical
390,4939,Porting Issue,2025-02-12 20:03:50,Closed,12,Medium
391,12316,Call Drop,2025-06-02 03:09:22,Resolved,13,Low
392,20199,Signal Not Available,2023-12-13 11:10:01,Closed,7,Critical
393,33762,Wrong Plan Charged,2023-04-07 13:21:36,Closed,10,Medium
394,28073,Refund Request,2025-11-20 16:01:59,Resolved,3,Low
395,15059,Network Issue,2024-09-18 11:23:55,Resolved,15,Low
396,15089,Signal Not Available,2025-03-24 22:30:28,Escalated,,Low
397,17439,Call Drop,2024-10-02 05:17:34,Closed,6,Medium
398,44928,Wrong Plan Charged,2023-04-28 22:51:32,Open,,Low
399,27980,Slow Internet,2026-03-07 06:15:46,Open,,High
400,38668,Recharge Failure,2025-01-01 13:01:41,Resolved,4,Critical
401,6878,Slow Internet,2023-09-15 17:23:25,Open,,Medium
402,14022,Refund Request,2025-05-04 15:35:39,In Progress,,Medium
403,24124,Recharge Failure,2025-07-19 22:17:57,In Progress,,Critical
404,13873,Wrong Plan Charged,2024-04-25 02:46:13,In Progress,,High
405,2628,Slow Internet,2025-06-17 15:06:31,Closed,6,Critical
406,12585,Customer Service,2023-07-11 05:12:37,Open,,Medium
407,12084,SIM Activation,2024-11-09 06:44:35,Open,,Critical
408,32082,Porting Issue,2023-10-19 17:46:54,Resolved,2,Low
409,9809,Data Not Working,2023-11-23 17:10:18,In Progress,,Low
410,31475,Slow Internet,2024-07-13 16:19:28,Escalated,,High
411,6163,Call Drop,2024-07-05 09:43:00,Open,,Critical
412,42313,Slow Internet,2023-01-23 11:53:18,In Progress,,High
413,40509,Customer Service,2024-03-20 08:25:13,Open,,High
414,15325,Porting Issue,2025-06-04 09:44:20,Resolved,12,Low
415,22022,Billing Dispute,2023-03-16 13:27:01,Resolved,13,High
416,16546,SIM Activation,2023-03-04 01:14:40,Closed,2,Low
417,3266,Billing Dispute,2025-09-13 23:00:09,Resolved,8,High
418,9272,Call Drop,2024-02-02 06:28:55,Closed,10,Medium
419,13198,Slow Internet,2024-12-15 02:08:22,Resolved,5,Critical
420,6981,Signal Not Available,2024-05-21 20:19:45,In Progress,,Critical
421,26491,Signal Not Available,2024-03-07 22:32:33,Closed,6,Low
422,20528,Data Not Working,2025-07-26 07:10:10,Closed,8,Critical
423,19682,Porting Issue,2026-05-05 01:45:47,Resolved,1,Low
424,15288,Slow Internet,2026-06-01 08:40:33,In Progress,,Low
425,2900,Billing Dispute,2025-07-02 08:13:36,Resolved,0,Medium
426,48322,Customer Service,2023-12-28 15:55:18,Open,,High
427,32615,Slow Internet,2023-01-31 20:04:24,Resolved,7,Critical
428,22845,Porting Issue,2024-09-02 23:12:11,Escalated,,Low
429,8292,Refund Request,2023-12-10 22:53:38,Closed,10,High
430,43923,Porting Issue,2024-05-12 20:26:20,Closed,3,Critical
431,34883,Network Issue,2024-09-06 15:59:10,Closed,6,Critical
432,31482,SIM Activation,2026-02-28 08:14:21,Resolved,11,Critical
433,33944,Data Not Working,2024-12-30 01:08:35,Closed,8,High
434,31602,Data Not Working,2024-07-11 08:23:38,Closed,8,High
435,7577,Refund Request,2026-01-20 17:09:16,Resolved,6,High
436,26218,Data Not Working,2026-02-04 09:13:09,Escalated,,Medium
437,23076,Slow Internet,2023-06-21 03:23:38,Resolved,0,Medium
438,23685,Billing Dispute,2026-05-11 00:07:09,Resolved,15,Critical
439,19837,Slow Internet,2024-09-21 08:38:26,Resolved,10,High
440,33556,Data Not Working,2023-07-10 10:06:00,Open,,Critical
441,39812,Recharge Failure,2026-06-12 04:00:33,Open,,High
442,31984,Signal Not Available,2026-07-14 12:41:51,Closed,0,Medium
443,48320,Call Drop,2024-09-17 03:41:24,Resolved,15,Low
444,41659,Wrong Plan Charged,2024-02-07 19:04:12,In Progress,,Critical
445,4901,Billing Dispute,2024-09-23 08:46:11,In Progress,,Low
446,6522,Slow Internet,2026-06-27 00:04:31,In Progress,,Medium
447,39316,Slow Internet,2026-04-01 05:02:21,Escalated,,High
448,40817,Billing Dispute,2025-07-07 14:53:15,Closed,10,Low
449,44867,Data Not Working,2023-09-20 00:57:33,Closed,2,High
450,27596,SIM Activation,2024-05-01 20:38:39,Escalated,,Low
451,15064,Recharge Failure,2023-02-01 21:16:38,Resolved,2,Critical
452,44035,Customer Service,2024-10-27 11:18:37,Escalated,,Medium
453,15139,Call Drop,2026-07-01 02:57:47,Open,,Low
454,7607,Recharge Failure,2024-12-14 12:04:31,Open,,Critical
455,36633,Slow Internet,2025-09-28 14:40:25,In Progress,,Medium
456,11888,Customer Service,2024-07-03 08:12:41,Closed,10,Critical
457,36497,Recharge Failure,2026-04-09 15:48:42,Resolved,5,Critical
458,37137,Refund Request,2024-05-26 15:37:52,In Progress,,Critical
459,22714,Billing Dispute,2026-06-04 05:02:44,Closed,5,High
460,38093,Signal Not Available,2025-04-12 03:24:24,In Progress,,Critical
461,30532,Call Drop,2026-01-08 16:57:14,Escalated,,Medium
462,730,Refund Request,2024-04-16 19:50:09,Escalated,,Low
463,29543,Billing Dispute,2026-06-19 03:40:43,Resolved,2,High
464,12679,SIM Activation,2024-10-29 11:10:32,Resolved,0,Medium
465,45518,Customer Service,2024-03-02 01:19:46,Resolved,13,High
466,33651,Call Drop,2025-07-23 21:47:26,In Progress,,Low
467,22593,Refund Request,2024-01-30 19:43:43,Open,,High
468,43700,Data Not Working,2023-11-21 14:45:07,In Progress,,Medium
469,41375,Porting Issue,2025-05-13 10:07:12,Open,,Medium
470,38871,Refund Request,2025-05-05 16:30:36,In Progress,,High
471,4736,SIM Activation,2025-11-20 06:45:18,Open,,Critical
472,42516,Wrong Plan Charged,2025-12-25 02:24:01,Open,,High
473,28433,Network Issue,2026-06-15 03:20:58,Closed,3,Low
474,14989,Data Not Working,2024-09-20 07:18:17,In Progress,,Medium
475,12906,Network Issue,2024-11-26 16:04:22,Escalated,,Medium
476,5717,Billing Dispute,2023-10-01 05:12:33,In Progress,,Medium
477,18612,Slow Internet,2024-06-01 22:20:57,Escalated,,Critical
478,7885,Slow Internet,2025-12-03 20:45:41,In Progress,,Critical
479,12899,Network Issue,2026-06-30 20:12:43,Closed,4,High
480,10073,Customer Service,2025-06-06 23:25:33,Closed,8,Critical
481,19268,Data Not Working,2025-06-28 07:58:42,Escalated,,Medium
482,30718,Customer Service,2025-05-05 02:46:24,In Progress,,Critical
483,11788,Billing Dispute,2023-08-03 14:08:10,Closed,4,Low
484,15891,Porting Issue,2025-10-18 21:10:04,In Progress,,Critical
485,33732,Signal Not Available,2025-04-03 12:19:26,Resolved,9,High
486,36315,Customer Service,2023-05-19 06:47:07,Resolved,4,Critical
487,26830,Recharge Failure,2024-05-18 08:27:45,Escalated,,Critical
488,13657,Refund Request,2024-06-07 13:40:33,Open,,Medium
489,34771,Porting Issue,2025-01-12 10:38:43,Closed,2,Critical
490,26712,Billing Dispute,2023-01-12 09:29:36,Resolved,2,Critical
491,17148,Data Not Working,2025-12-30 13:55:00,In Progress,,Low
492,27195,Billing Dispute,2026-03-09 01:02:14,Escalated,,Critical
493,5850,Call Drop,2025-05-26 09:27:11,In Progress,,Low
494,1727,Data Not Working,2025-01-05 15:44:08,Open,,Low
495,40685,Wrong Plan Charged,2023-07-17 12:47:06,Resolved,13,Critical
496,23451,Wrong Plan Charged,2023-05-29 13:27:10,Closed,14,High
497,10690,Data Not Working,2025-02-01 07:25:47,In Progress,,High
498,2501,Network Issue,2024-03-21 16:52:30,Resolved,10,High
499,4084,Billing Dispute,2024-09-02 19:16:52,Open,,Critical
500,46898,Signal Not Available,2025-02-11 17:26:58,Open,,High
501,16072,Customer Service,2025-04-17 00:09:44,Closed,3,Critical
502,48013,Billing Dispute,2024-05-28 04:57:22,Open,,Critical
503,12473,Wrong Plan Charged,2023-03-12 15:49:25,Escalated,,Medium
504,24499,Signal Not Available,2023-09-09 03:40:01,In Progress,,High
505,24089,Refund Request,2024-06-11 03:10:55,Escalated,,Low
506,37930,Recharge Failure,2025-08-17 22:11:19,Resolved,3,Medium
507,1232,Customer Service,2025-10-11 15:39:33,Open,,Critical
508,17500,Recharge Failure,2025-09-28 16:33:05,Open,,Medium
509,43121,Recharge Failure,2026-06-17 09:53:35,In Progress,,Critical
510,14344,Wrong Plan Charged,2025-03-27 21:40:22,Escalated,,Critical
511,1769,Slow Internet,2025-03-24 04:18:45,Open,,Low
512,28866,Customer Service,2025-05-27 02:24:18,In Progress,,Medium
513,6156,Signal Not Available,2024-11-30 10:45:42,Open,,High
514,6455,Signal Not Available,2025-05-26 00:11:53,Resolved,10,High
515,31766,SIM Activation,2025-04-29 03:09:14,Open,,High
516,7064,Recharge Failure,2023-02-11 17:10:14,Escalated,,Medium
517,29684,Network Issue,2023-07-16 06:02:06,Open,,Low
518,29477,Recharge Failure,2023-07-25 04:59:40,Closed,12,Low
519,5494,Refund Request,2025-10-29 06:45:10,Escalated,,High
520,17535,Porting Issue,2026-06-10 02:40:50,In Progress,,Medium
521,11598,Slow Internet,2024-09-08 04:54:26,Closed,14,Critical
522,35752,SIM Activation,2025-01-05 08:45:50,Resolved,3,High
523,20662,Billing Dispute,2023-04-30 10:12:05,Escalated,,Critical
524,32256,Data Not Working,2023-09-22 00:35:35,Closed,6,Critical
525,8589,Wrong Plan Charged,2025-01-21 01:35:22,In Progress,,High
526,27514,Recharge Failure,2024-10-24 12:57:34,In Progress,,High
527,21803,Customer Service,2023-03-09 08:01:08,Closed,7,Critical
528,2468,Signal Not Available,2025-03-05 00:45:27,Escalated,,Low
529,6629,Call Drop,2026-07-11 05:55:27,Resolved,1,Medium
530,22098,Porting Issue,2023-06-23 23:31:00,Resolved,15,Low
531,22884,SIM Activation,2023-07-09 02:07:06,Resolved,8,Medium
532,18413,Recharge Failure,2025-06-19 02:25:11,Closed,5,High
533,19457,Wrong Plan Charged,2025-04-10 05:57:41,Open,,Critical
534,40887,Data Not Working,2023-03-29 00:06:01,Resolved,12,High
535,42511,Signal Not Available,2024-03-22 12:57:11,Open,,Medium
536,14368,Network Issue,2023-09-07 06:59:18,Closed,11,Low
537,2835,Slow Internet,2026-02-16 11:30:28,Open,,High
538,42051,Wrong Plan Charged,2024-01-09 09:31:41,Open,,Medium
539,49414,Data Not Working,2023-06-30 21:40:13,Open,,Medium
540,8814,Billing Dispute,2023-07-18 18:29:42,In Progress,,High
541,25610,Signal Not Available,2024-12-16 10:20:15,Open,,Medium
542,30571,Call Drop,2026-03-25 00:09:33,Resolved,3,High
543,21014,Customer Service,2023-12-30 00:21:34,Escalated,,High
544,6363,Data Not Working,2025-09-11 03:33:21,Escalated,,Medium
545,39529,Call Drop,2023-03-06 04:40:28,Resolved,12,High
546,8876,Refund Request,2024-04-23 21:22:40,Closed,15,High
547,5548,Customer Service,2024-11-20 05:04:02,In Progress,,Critical
548,29827,Data Not Working,2023-10-30 21:24:00,Open,,Low
549,32528,Wrong Plan Charged,2024-10-22 13:38:35,Closed,6,Critical
550,29092,Call Drop,2023-06-30 04:58:23,Open,,Critical
551,41330,Recharge Failure,2023-11-01 04:04:05,Closed,7,High
552,49883,Signal Not Available,2024-02-12 18:29:29,Resolved,13,High
553,28345,Recharge Failure,2023-04-22 03:58:30,In Progress,,Low
554,31990,Call Drop,2023-04-29 01:43:12,Resolved,1,Low
555,1685,Billing Dispute,2024-11-07 01:00:01,Escalated,,Critical
556,35718,Slow Internet,2025-05-21 14:15:45,Resolved,3,Low
557,11315,Refund Request,2024-05-11 05:56:50,Resolved,8,Medium
558,16497,Slow Internet,2023-07-04 16:08:13,In Progress,,Low
559,45404,Wrong Plan Charged,2023-07-12 11:29:39,Resolved,2,Low
560,11181,Data Not Working,2026-04-06 12:48:48,In Progress,,High
561,22161,Billing Dispute,2023-11-07 14:40:50,Closed,8,Medium
562,4776,Signal Not Available,2025-09-04 18:21:16,In Progress,,Low
563,31613,Network Issue,2025-06-18 16:07:11,Open,,Medium
564,32454,Customer Service,2023-06-03 19:02:09,Open,,High
565,37014,Wrong Plan Charged,2025-11-03 11:30:01,Open,,Medium
566,40163,Slow Internet,2025-01-18 11:07:15,Resolved,13,Critical
567,15593,Call Drop,2024-11-25 20:35:02,In Progress,,Medium
568,1152,Network Issue,2023-10-17 20:02:29,Escalated,,Low
569,36215,Signal Not Available,2025-12-03 18:35:17,Closed,4,Critical
570,6394,Call Drop,2023-12-17 16:02:05,In Progress,,High
571,48326,Refund Request,2025-06-15 00:13:18,Open,,High
572,39262,Customer Service,2026-02-09 19:31:14,Open,,Medium
573,29867,SIM Activation,2024-11-27 05:58:22,Closed,4,High
574,7081,Customer Service,2023-05-05 00:15:21,Open,,High
575,11378,Porting Issue,2025-04-12 19:16:30,Open,,Critical
576,16457,Signal Not Available,2023-11-08 13:13:15,Resolved,3,Medium
577,42035,Slow Internet,2024-04-03 21:13:28,Escalated,,Low
578,10767,Call Drop,2024-12-14 05:06:07,Resolved,12,Medium
579,18324,SIM Activation,2025-10-05 02:34:10,Resolved,11,Critical
580,7926,Network Issue,2023-04-03 11:44:29,Resolved,2,Critical
581,47064,Billing Dispute,2024-08-30 15:26:39,Open,,Low
582,27664,Refund Request,2025-12-02 13:20:39,Closed,11,Critical
583,15637,Wrong Plan Charged,2025-06-18 02:50:37,Closed,12,High
584,43697,Wrong Plan Charged,2023-10-29 15:28:24,In Progress,,Critical
585,8070,Recharge Failure,2023-04-30 10:14:55,Open,,Medium
586,15696,Recharge Failure,2026-05-07 17:17:28,Resolved,1,Critical
587,49120,SIM Activation,2025-06-05 20:33:15,Escalated,,High
588,29134,Billing Dispute,2024-03-27 11:28:22,Resolved,2,High
589,10125,Recharge Failure,2024-03-14 05:49:07,Resolved,12,High
590,32545,Wrong Plan Charged,2023-08-26 05:53:55,Escalated,,High
591,4598,Network Issue,2025-09-26 06:28:59,In Progress,,Low
592,8776,Network Issue,2024-04-27 18:09:51,Resolved,5,Medium
593,39840,Data Not Working,2025-11-13 21:27:09,Escalated,,Medium
594,12163,Network Issue,2026-01-28 16:15:41,Closed,5,High
595,25939,Data Not Working,2024-08-17 01:01:18,Resolved,1,Low
596,20611,Recharge Failure,2023-11-29 09:35:45,Escalated,,Low
597,19636,Refund Request,2024-06-09 18:15:29,Closed,15,Low
598,27977,Porting Issue,2026-02-07 20:50:05,Resolved,8,Low
599,9425,Signal Not Available,2026-03-02 00:41:41,Resolved,8,Medium
600,31207,Network Issue,2023-07-26 23:41:21,Escalated,,Low
601,2804,Signal Not Available,2023-04-05 15:18:05,Resolved,11,High
602,47154,Recharge Failure,2024-11-15 13:11:50,In Progress,,Critical
603,23942,Recharge Failure,2023-03-17 18:18:51,Open,,Medium
604,45760,Porting Issue,2023-09-07 12:25:16,Escalated,,Critical
605,4960,Slow Internet,2023-12-12 15:59:00,Escalated,,Low
606,45592,Recharge Failure,2025-09-04 11:44:47,Resolved,5,Low
607,11743,Signal Not Available,2023-06-08 08:17:02,Resolved,10,Low
608,21138,Recharge Failure,2026-04-30 00:42:39,Open,,Low
609,10374,Call Drop,2024-11-29 13:35:39,Resolved,9,Medium
610,35769,Wrong Plan Charged,2023-01-15 09:38:52,In Progress,,High
611,41315,Signal Not Available,2024-08-29 00:01:16,Open,,High
612,531,Slow Internet,2023-01-04 21:44:47,Open,,High
613,10788,Wrong Plan Charged,2023-06-01 09:02:49,Open,,Medium
614,12375,Billing Dispute,2025-05-19 22:58:16,Closed,9,Medium
615,42164,Wrong Plan Charged,2025-02-26 10:39:21,Closed,9,High
616,27235,Refund Request,2024-09-07 20:08:49,In Progress,,Low
617,40426,Billing Dispute,2025-05-05 04:45:18,Escalated,,Critical
618,16015,Slow Internet,2024-06-11 21:38:49,Open,,Low
619,8278,SIM Activation,2024-02-01 01:42:31,Resolved,6,Critical
620,25997,Signal Not Available,2025-01-14 15:15:05,Closed,13,Critical
621,49257,SIM Activation,2025-12-27 04:29:33,Closed,6,Low
622,39341,Porting Issue,2026-01-30 01:05:29,Closed,11,Critical
623,8794,Data Not Working,2026-07-26 19:04:36,Open,,Medium
624,5066,Network Issue,2025-06-12 22:27:09,Open,,Medium
625,20195,Billing Dispute,2025-10-16 15:47:39,Closed,8,Low
626,14523,Billing Dispute,2024-02-21 16:47:53,Resolved,2,High
627,8371,Wrong Plan Charged,2023-12-18 22:22:09,Open,,Critical
628,43672,Porting Issue,2024-07-21 09:40:42,Resolved,9,Medium
629,33694,Recharge Failure,2024-02-17 22:18:57,Escalated,,Low
630,22185,Customer Service,2023-05-05 06:53:05,Resolved,11,Low
631,3639,Recharge Failure,2023-01-13 01:35:44,Resolved,5,Critical
632,19230,Porting Issue,2025-08-19 18:19:44,Resolved,8,Low
633,32267,Network Issue,2024-05-22 10:02:32,Resolved,3,High
634,48853,Refund Request,2023-02-25 07:03:06,In Progress,,Critical
635,49670,Billing Dispute,2025-03-20 14:49:14,Open,,Low
636,43912,Recharge Failure,2026-05-19 05:59:15,Resolved,13,Critical
637,41312,Wrong Plan Charged,2023-08-15 10:58:45,Resolved,4,High
638,20504,Call Drop,2023-03-29 15:39:31,In Progress,,Low
639,38287,SIM Activation,2025-07-24 00:56:02,In Progress,,Medium
640,14471,Network Issue,2024-11-08 17:40:05,In Progress,,Critical
641,28799,Porting Issue,2025-06-14 02:42:15,Resolved,5,High
642,36185,Billing Dispute,2024-11-12 01:22:37,Escalated,,Critical
643,43060,Refund Request,2024-04-11 08:58:34,Resolved,9,Low
644,7608,Slow Internet,2024-09-09 07:49:53,Escalated,,High
645,8331,Billing Dispute,2024-03-28 23:44:13,Resolved,15,High
646,26503,Customer Service,2023-02-23 14:59:52,Open,,Critical
647,48093,Customer Service,2024-07-22 19:28:37,Resolved,1,Medium
648,5111,Signal Not Available,2025-03-17 02:08:36,Resolved,0,Medium
649,42793,Network Issue,2023-06-22 04:41:02,In Progress,,Critical
650,21782,SIM Activation,2023-08-01 03:22:55,Escalated,,Low
651,43131,Network Issue,2023-10-24 15:15:09,Escalated,,Low
652,19537,Wrong Plan Charged,2024-02-02 21:50:15,Resolved,15,Medium
653,17523,Refund Request,2023-02-26 06:37:09,Open,,Critical
654,8567,Network Issue,2024-06-11 11:10:47,Escalated,,Medium
655,33636,Slow Internet,2026-07-13 11:09:58,Closed,14,Medium
656,36189,Call Drop,2025-05-06 21:12:26,In Progress,,Medium
657,7059,Billing Dispute,2025-03-21 02:56:40,Escalated,,High
658,7930,SIM Activation,2024-07-03 22:59:46,Closed,6,Medium
659,19666,Data Not Working,2023-01-11 17:17:05,Resolved,0,Low
660,28878,Call Drop,2024-05-29 23:05:50,In Progress,,Medium
661,38511,Recharge Failure,2024-06-16 05:00:06,Resolved,8,Medium
662,26922,Refund Request,2025-05-09 11:11:55,Resolved,12,Critical
663,44824,Data Not Working,2026-03-11 04:02:14,Escalated,,Medium
664,15585,Recharge Failure,2024-04-01 06:44:17,Open,,High
665,9908,Data Not Working,2023-12-10 16:32:52,In Progress,,Medium
666,37234,Refund Request,2024-02-19 22:00:20,Resolved,10,Medium
667,34307,SIM Activation,2026-02-02 02:11:37,Resolved,10,Low
668,31301,SIM Activation,2025-06-06 11:45:42,In Progress,,Critical
669,47376,Refund Request,2025-10-30 00:08:01,In Progress,,Critical
670,28285,Recharge Failure,2024-01-25 11:43:36,In Progress,,Medium
671,20369,Call Drop,2024-05-08 03:04:43,In Progress,,Critical
672,13491,Refund Request,2023-02-25 18:37:22,Open,,Low
673,20785,Recharge Failure,2023-07-31 23:44:01,Escalated,,Low
674,18164,Wrong Plan Charged,2025-01-15 12:55:25,In Progress,,Medium
675,49540,Slow Internet,2026-01-31 02:03:06,Closed,14,Critical
676,32915,Network Issue,2026-04-23 17:44:33,Resolved,5,Medium
677,19588,Porting Issue,2025-11-11 08:53:49,In Progress,,High
678,31702,Slow Internet,2023-07-16 18:22:47,In Progress,,High
679,14891,Network Issue,2025-02-03 18:17:42,Escalated,,Low
680,4693,Network Issue,2025-11-13 07:21:00,Resolved,9,High
681,18724,Network Issue,2026-06-19 21:00:44,Resolved,1,Medium
682,3541,Porting Issue,2025-10-23 00:08:35,Closed,10,Medium
683,42694,Refund Request,2024-04-09 09:44:01,Open,,High
684,46184,Wrong Plan Charged,2025-10-05 17:36:55,In Progress,,Critical
685,13562,Billing Dispute,2024-03-09 03:18:24,Open,,Critical
686,42614,Data Not Working,2024-07-27 16:50:46,In Progress,,Medium
687,12327,Call Drop,2025-08-20 11:38:49,Open,,Low
688,43697,Recharge Failure,2026-05-27 23:32:53,Open,,Critical
689,5634,Slow Internet,2026-01-11 15:16:38,In Progress,,Medium
690,45309,Slow Internet,2024-01-12 14:07:36,Closed,4,Low
691,22428,SIM Activation,2024-07-11 13:18:22,Closed,12,Critical
692,39220,Signal Not Available,2025-10-04 04:59:53,Escalated,,High
693,671,Network Issue,2025-04-05 16:40:57,Closed,2,Critical
694,4040,Network Issue,2024-01-15 05:04:31,Resolved,7,High
695,37112,Refund Request,2025-10-11 14:19:53,Open,,Low
696,21519,Recharge Failure,2024-06-10 10:49:37,Resolved,9,Low
697,11127,Network Issue,2025-01-26 00:11:07,Closed,10,Critical
698,3595,Signal Not Available,2026-01-17 13:45:46,Resolved,11,High
699,32763,Data Not Working,2024-08-25 02:42:33,In Progress,,Medium
700,12251,Network Issue,2024-03-31 08:14:34,In Progress,,Critical
701,9387,Porting Issue,2025-01-05 18:38:11,Open,,Low
702,3088,Wrong Plan Charged,2025-02-04 04:30:40,In Progress,,Critical
703,6444,Recharge Failure,2023-07-06 06:35:25,Closed,8,Low
704,4825,Refund Request,2023-01-08 02:29:20,In Progress,,Medium
705,22283,Network Issue,2026-01-06 17:28:24,Open,,Medium
706,31232,Signal Not Available,2023-11-25 06:07:27,Closed,12,Medium
707,46419,Call Drop,2025-07-24 11:13:30,Closed,4,High
708,49194,SIM Activation,2024-06-29 01:16:32,Closed,3,Critical
709,30671,Billing Dispute,2024-12-06 07:30:09,Closed,14,Medium
710,11436,Customer Service,2026-03-13 09:49:20,Resolved,3,High
711,4847,Customer Service,2023-04-10 09:13:03,Closed,2,Low
712,38717,Data Not Working,2026-01-25 22:10:45,Resolved,6,Medium
713,28886,Data Not Working,2023-07-24 07:08:31,Escalated,,Critical
714,12361,Network Issue,2025-05-04 10:12:52,Resolved,14,Low
715,42144,Call Drop,2025-03-12 12:23:21,Closed,13,Low
716,12677,Call Drop,2024-04-26 12:00:43,Escalated,,Medium
717,7853,Slow Internet,2025-06-16 02:36:51,Closed,7,Critical
718,37340,Billing Dispute,2025-11-14 19:38:01,Resolved,14,Medium
719,14272,Slow Internet,2025-11-03 10:15:16,Resolved,6,Low
720,11393,Call Drop,2023-02-19 14:25:35,Closed,1,Medium
721,40495,Data Not Working,2024-06-28 11:29:42,In Progress,,Low
722,20427,Network Issue,2025-01-24 00:37:51,Resolved,7,High
723,2370,SIM Activation,2025-06-18 22:05:44,In Progress,,Medium
724,30193,Signal Not Available,2023-07-02 21:27:06,Escalated,,Critical
725,13782,Slow Internet,2025-05-25 19:03:42,Closed,5,Medium
726,12376,Wrong Plan Charged,2023-01-14 06:26:31,Closed,0,High
727,13325,Customer Service,2026-03-16 02:53:49,Open,,Low
728,636,Slow Internet,2024-02-29 09:13:37,In Progress,,High
729,40631,Network Issue,2023-07-28 18:22:31,Escalated,,Critical
730,4594,Network Issue,2024-06-01 21:11:22,Open,,Critical
731,11033,Data Not Working,2023-11-20 22:00:22,In Progress,,High
732,35364,SIM Activation,2023-10-02 15:37:20,Escalated,,Critical
733,11885,Call Drop,2025-10-02 03:14:05,Escalated,,Medium
734,12172,Customer Service,2023-05-28 03:16:07,Open,,High
735,2649,Customer Service,2024-09-30 09:31:36,Closed,14,Low
736,49588,SIM Activation,2024-11-17 01:27:00,Open,,High
737,32815,Call Drop,2025-05-20 23:22:43,Escalated,,Critical
738,32769,Network Issue,2024-01-19 05:18:07,Closed,2,Medium
739,32277,Refund Request,2026-02-07 07:57:24,Escalated,,Critical
740,38692,Network Issue,2025-05-17 14:46:15,In Progress,,High
741,3186,Billing Dispute,2023-11-07 21:56:03,Open,,Medium
742,27628,Network Issue,2023-05-04 03:32:05,In Progress,,High
743,29287,Wrong Plan Charged,2023-02-02 08:37:08,Closed,12,High
744,25096,Signal Not Available,2026-04-18 06:36:45,Escalated,,Critical
745,16615,Recharge Failure,2024-10-21 01:02:08,Escalated,,High
746,1518,Billing Dispute,2023-11-13 16:36:30,In Progress,,High
747,25304,Customer Service,2023-05-19 03:52:18,In Progress,,Low
748,29191,Customer Service,2024-12-17 19:47:34,Open,,High
749,43125,Data Not Working,2024-01-26 14:16:52,In Progress,,Medium
750,29478,Call Drop,2026-06-25 00:49:48,In Progress,,Medium
751,19425,Call Drop,2023-05-28 12:55:12,Resolved,12,Critical
752,3868,Slow Internet,2024-10-11 16:01:24,Resolved,7,Medium
753,19468,Slow Internet,2024-10-28 01:49:45,Open,,High
754,20038,Slow Internet,2023-01-17 12:37:18,Open,,Critical
755,41152,Wrong Plan Charged,2023-05-15 13:46:09,Resolved,5,Critical
756,36253,Porting Issue,2024-11-18 22:20:20,Open,,High
757,14562,Slow Internet,2024-01-26 14:20:48,Closed,4,High
758,30441,Customer Service,2023-01-19 17:30:37,Closed,6,Medium
759,19488,Call Drop,2026-06-20 23:34:48,Closed,13,Critical
760,12599,Porting Issue,2026-07-19 22:44:16,Closed,12,Critical
761,14062,Slow Internet,2026-04-19 15:29:36,In Progress,,Critical
762,1998,Customer Service,2025-03-10 11:19:22,Open,,Low
763,45673,Customer Service,2023-11-13 03:48:26,Closed,0,Low
764,48206,Signal Not Available,2025-06-30 07:03:54,In Progress,,Medium
765,4494,Porting Issue,2024-11-20 16:47:46,Escalated,,High
766,21698,Refund Request,2023-05-01 18:20:12,Resolved,15,High
767,5830,Slow Internet,2025-02-14 06:42:35,Open,,High
768,37246,Recharge Failure,2024-02-26 22:16:56,Closed,6,High
769,34207,Call Drop,2024-03-07 18:53:34,In Progress,,Critical
770,12955,Data Not Working,2023-05-13 04:22:37,In Progress,,Critical
771,29229,Call Drop,2023-12-25 05:32:20,Open,,High
772,17160,Wrong Plan Charged,2025-03-25 18:41:06,Escalated,,Medium
773,20099,Call Drop,2024-03-17 14:11:02,Closed,14,Medium
774,9950,SIM Activation,2023-04-20 01:51:21,Open,,Medium
775,13546,Slow Internet,2025-09-15 04:46:43,Resolved,7,Critical
776,24527,Porting Issue,2024-06-06 01:04:30,Closed,6,High
777,12776,SIM Activation,2025-02-05 09:18:47,Open,,Critical
778,31005,SIM Activation,2024-08-30 06:37:43,In Progress,,Critical
779,766,Recharge Failure,2024-09-02 06:13:14,In Progress,,Medium
780,27101,Customer Service,2024-05-13 03:37:50,Resolved,7,Medium
781,33329,Call Drop,2023-02-16 02:45:47,Open,,Critical
782,23315,Data Not Working,2023-05-19 07:36:56,Escalated,,Critical
783,20533,Slow Internet,2023-11-23 10:52:59,Open,,Low
784,21106,Network Issue,2024-03-29 16:07:52,Escalated,,Critical
785,49089,Network Issue,2023-02-23 15:18:25,Resolved,9,Medium
786,48487,Network Issue,2023-02-17 10:24:13,Closed,10,Low
787,15660,SIM Activation,2024-05-04 05:25:22,In Progress,,High
788,16612,Billing Dispute,2024-11-28 03:41:34,In Progress,,Medium
789,25929,Customer Service,2025-03-30 15:40:26,In Progress,,Low
790,10944,Recharge Failure,2023-11-30 12:42:25,Closed,2,Low
791,5339,Wrong Plan Charged,2023-08-07 10:33:01,Closed,14,Critical
792,47100,Network Issue,2025-04-03 18:10:18,Closed,0,Critical
793,1078,Signal Not Available,2025-07-21 22:31:40,In Progress,,Critical
794,20328,Porting Issue,2024-08-17 05:20:25,Open,,Medium
795,7871,Porting Issue,2024-04-02 09:13:30,Closed,0,Critical
796,17352,Refund Request,2024-04-28 18:21:52,In Progress,,Critical
797,11077,Call Drop,2024-06-10 17:51:09,In Progress,,Low
798,30292,SIM Activation,2024-08-17 19:49:20,Resolved,13,Medium
799,31645,Refund Request,2023-11-06 04:25:52,Escalated,,Low
800,31850,Porting Issue,2026-06-07 02:02:20,Resolved,15,Medium
801,40337,Call Drop,2025-12-04 02:07:04,Resolved,9,Critical
802,12480,Signal Not Available,2025-03-10 13:50:26,In Progress,,Medium
803,21149,Porting Issue,2023-11-07 11:41:21,Open,,Low
804,21379,Data Not Working,2023-03-02 05:45:28,Escalated,,High
805,15092,Network Issue,2025-01-13 23:52:12,Resolved,3,Critical
806,27509,Network Issue,2023-07-09 06:38:19,In Progress,,Critical
807,44459,Slow Internet,2023-02-22 05:06:19,Closed,6,Low
808,49115,Refund Request,2025-09-13 05:56:03,Escalated,,Medium
809,10953,SIM Activation,2025-06-20 03:13:18,In Progress,,Medium
810,42820,SIM Activation,2025-03-20 02:44:26,Open,,Low
811,9149,Wrong Plan Charged,2023-09-23 13:27:40,Resolved,6,High
812,32783,Recharge Failure,2026-01-30 22:39:02,Escalated,,Critical
813,33767,Slow Internet,2026-07-26 00:36:31,Closed,13,Critical
814,33211,Customer Service,2025-12-05 04:56:53,Closed,9,Low
815,26925,Refund Request,2024-03-10 21:04:00,Resolved,15,Critical
816,20949,Customer Service,2026-06-11 10:12:56,Open,,Critical
817,17495,SIM Activation,2025-02-02 16:25:13,Open,,Critical
818,40738,Signal Not Available,2024-01-05 23:27:52,Resolved,5,Low
819,43755,Data Not Working,2023-10-24 07:13:02,Open,,High
820,20549,Customer Service,2024-05-08 14:58:47,Closed,9,Critical
821,24796,Signal Not Available,2026-05-08 22:35:16,Escalated,,Low
822,35621,Data Not Working,2023-06-11 14:13:07,Escalated,,High
823,31239,Wrong Plan Charged,2024-07-01 10:35:51,Open,,Critical
824,22056,Call Drop,2023-01-21 11:24:08,Closed,5,High
825,13483,Customer Service,2024-06-20 21:29:19,Escalated,,Critical
826,45408,Recharge Failure,2025-09-14 15:03:10,Escalated,,High
827,11419,SIM Activation,2023-07-25 10:30:44,Escalated,,Low
828,23817,Refund Request,2026-02-10 10:27:00,Open,,Low
829,2255,Billing Dispute,2024-04-25 06:04:11,Resolved,3,High
830,35991,Refund Request,2024-05-07 22:59:30,Open,,Low
831,2378,Signal Not Available,2024-09-18 05:34:17,Open,,Medium
832,2578,SIM Activation,2023-12-31 13:34:17,In Progress,,Medium
833,15790,Signal Not Available,2024-09-12 07:50:18,Open,,Medium
834,24456,Slow Internet,2023-06-03 09:28:39,Closed,12,Low
835,49275,Data Not Working,2025-06-26 17:52:42,Closed,7,Critical
836,22917,SIM Activation,2025-06-21 04:22:10,Escalated,,Medium
837,44715,Billing Dispute,2023-01-14 19:57:17,In Progress,,Low
838,31990,Recharge Failure,2024-10-15 11:04:02,In Progress,,Low
839,35032,Wrong Plan Charged,2025-05-17 15:06:39,Escalated,,Medium
840,29418,Signal Not Available,2026-07-06 14:22:03,Closed,6,Critical
841,31181,Network Issue,2024-03-14 17:29:59,Resolved,10,Low
842,42800,Network Issue,2023-09-06 01:27:30,In Progress,,High
843,41536,Billing Dispute,2023-09-06 07:27:14,Escalated,,Critical
844,2693,Wrong Plan Charged,2024-03-23 16:05:05,Open,,Critical
845,37075,Slow Internet,2024-09-13 20:39:26,Escalated,,Medium
846,38205,Porting Issue,2025-06-22 10:13:20,Escalated,,Low
847,27683,Customer Service,2026-04-27 12:46:22,Open,,High
848,39340,Customer Service,2023-02-04 02:22:54,Closed,8,Medium
849,36558,Porting Issue,2025-11-25 06:13:39,Escalated,,High
850,35928,Wrong Plan Charged,2024-09-03 10:57:18,Open,,Low
851,40973,Slow Internet,2024-06-17 07:24:51,Open,,High
852,2503,Refund Request,2024-12-16 12:53:27,Resolved,1,Low
853,28122,Billing Dispute,2025-12-07 01:18:49,Closed,7,Medium
854,48450,Network Issue,2023-10-24 00:04:17,Escalated,,Low
855,42174,Refund Request,2025-07-24 19:29:58,Closed,7,Medium
856,29519,Wrong Plan Charged,2026-07-10 08:46:44,Resolved,9,High
857,8793,Network Issue,2026-02-26 18:13:30,Escalated,,High
858,24271,Billing Dispute,2024-11-12 03:26:55,Closed,3,Critical
859,18003,Billing Dispute,2024-03-14 11:39:22,Closed,8,Medium
860,815,Billing Dispute,2025-01-26 09:55:56,Escalated,,Low
861,37207,Signal Not Available,2024-05-26 03:49:27,Closed,15,High
862,49362,Refund Request,2023-04-15 19:03:02,Resolved,15,Critical
863,10851,Slow Internet,2024-05-12 02:46:41,Escalated,,Low
864,20444,SIM Activation,2026-07-18 18:27:28,Open,,High
865,2451,Wrong Plan Charged,2024-04-25 02:24:13,In Progress,,High
866,26924,Refund Request,2023-11-06 09:19:25,Escalated,,High
867,8652,Data Not Working,2023-11-26 16:40:31,Resolved,1,High
868,15462,Data Not Working,2025-12-10 23:15:15,Resolved,8,High
869,14017,Recharge Failure,2026-06-23 18:26:31,Escalated,,High
870,49631,Data Not Working,2025-10-31 12:32:52,Escalated,,Critical
871,9326,Wrong Plan Charged,2025-05-21 04:02:42,Resolved,0,Low
872,11524,Wrong Plan Charged,2024-12-18 05:17:45,Open,,High
873,6768,Call Drop,2026-05-16 04:23:43,Open,,High
874,18078,SIM Activation,2026-04-27 09:57:07,In Progress,,Critical
875,42608,Network Issue,2025-06-01 18:08:55,Resolved,5,Critical
876,5769,Call Drop,2025-09-11 14:08:43,Escalated,,Low
877,49933,Refund Request,2024-04-22 07:04:11,Resolved,5,Low
878,20759,Customer Service,2024-05-22 09:05:06,Escalated,,High
879,21530,Slow Internet,2025-11-19 20:01:23,In Progress,,Critical
880,22846,Wrong Plan Charged,2024-05-04 17:46:35,Open,,Medium
881,22568,Call Drop,2023-11-04 15:46:42,Open,,Low
882,44096,Call Drop,2026-05-02 15:40:57,Open,,Low
883,29994,Slow Internet,2025-09-18 20:15:46,Open,,High
884,27893,Wrong Plan Charged,2024-12-10 20:34:14,Closed,0,Low
885,15583,Recharge Failure,2023-01-12 15:00:11,Open,,Critical
886,33534,Signal Not Available,2026-01-05 08:53:37,In Progress,,Low
887,44490,Signal Not Available,2026-07-21 02:51:55,In Progress,,Low
888,13624,Network Issue,2023-11-04 19:54:08,In Progress,,Critical
889,35917,Call Drop,2024-03-14 21:12:54,Closed,8,Low
890,23286,Billing Dispute,2024-05-13 19:07:56,Resolved,10,Medium
891,12207,Refund Request,2023-06-15 01:51:23,Escalated,,High
892,23534,Data Not Working,2024-12-26 08:51:28,Resolved,11,Critical
893,18836,Customer Service,2023-08-16 23:10:42,Escalated,,Medium
894,34650,Refund Request,2025-09-14 00:53:40,Open,,Critical
895,22888,Signal Not Available,2024-02-10 01:19:41,Closed,14,Critical
896,46293,Slow Internet,2024-10-03 07:17:06,Open,,Low
897,12525,Call Drop,2024-04-24 06:53:04,Closed,2,Critical
898,38803,Call Drop,2024-07-02 11:37:30,Closed,15,Medium
899,41136,Signal Not Available,2024-02-05 11:30:09,Escalated,,Medium
900,2964,Slow Internet,2024-01-16 08:04:45,In Progress,,Critical
901,37817,Wrong Plan Charged,2025-03-10 19:32:06,Open,,Low
902,28418,Refund Request,2024-06-06 02:38:38,Resolved,4,Low
903,16493,Slow Internet,2024-12-08 06:29:39,Escalated,,Medium
904,44073,Wrong Plan Charged,2025-04-29 18:20:21,Open,,Medium
905,25603,Data Not Working,2023-11-13 00:15:44,Resolved,14,Medium
906,3074,Porting Issue,2023-04-29 12:40:32,Closed,15,Critical
907,45751,Billing Dispute,2026-07-11 12:10:58,In Progress,,Low
908,27298,SIM Activation,2025-04-19 15:07:25,Open,,Medium
909,18596,Data Not Working,2026-01-13 17:20:50,Resolved,8,High
910,42794,Refund Request,2025-07-08 01:36:59,In Progress,,Critical
911,17178,Call Drop,2025-06-10 14:36:45,Closed,3,Low
912,4341,Refund Request,2024-03-10 16:14:20,Resolved,7,Critical
913,37017,Network Issue,2024-01-05 12:36:20,Escalated,,High
914,46646,Wrong Plan Charged,2024-06-17 09:44:04,Closed,10,Critical
915,11744,Customer Service,2025-12-10 09:46:56,Open,,Medium
916,47716,Signal Not Available,2024-09-08 00:51:42,Resolved,13,Critical
917,47755,Customer Service,2023-10-04 12:58:57,Closed,9,Low
918,22539,Customer Service,2023-10-03 20:43:13,In Progress,,Medium
919,18797,Refund Request,2023-09-21 15:51:06,Resolved,6,Low
920,21140,SIM Activation,2025-08-16 00:39:56,Escalated,,Medium
921,14549,Data Not Working,2025-07-06 02:08:29,Closed,9,Low
922,2193,Porting Issue,2024-05-12 20:27:02,Resolved,14,Low
923,46118,SIM Activation,2023-07-02 19:04:51,In Progress,,High
924,46220,Data Not Working,2025-10-02 03:10:09,Open,,Critical
925,38860,Recharge Failure,2025-10-21 02:15:38,Escalated,,Medium
926,47557,Network Issue,2024-02-18 02:12:32,Closed,3,Medium
927,23421,Customer Service,2023-10-30 12:53:27,Closed,15,High
928,28643,SIM Activation,2024-09-02 08:31:23,Open,,Critical
929,15125,Porting Issue,2025-12-15 11:10:19,Resolved,7,Critical
930,31764,Slow Internet,2025-03-13 00:41:40,Closed,11,High
931,47312,Customer Service,2026-06-16 05:19:19,Open,,Medium
932,25726,Refund Request,2025-12-01 02:57:00,In Progress,,Medium
933,27291,Slow Internet,2023-08-11 15:24:46,Resolved,7,Critical
934,30270,Customer Service,2023-05-08 03:38:48,Escalated,,Critical
935,26254,Data Not Working,2023-05-02 21:16:44,Open,,Critical
936,23553,Refund Request,2023-11-15 05:41:11,Open,,Medium
937,4132,Wrong Plan Charged,2024-04-27 23:44:13,Closed,6,High
938,22430,Refund Request,2026-07-01 06:40:43,Open,,High
939,16360,Slow Internet,2025-01-05 01:13:03,Escalated,,Medium
940,28003,Customer Service,2024-11-18 17:21:51,In Progress,,High
941,17976,Billing Dispute,2025-01-14 21:26:37,Closed,0,Medium
942,22609,Billing Dispute,2026-04-20 03:26:02,Resolved,7,Low
943,21046,Refund Request,2025-05-07 21:00:29,Closed,8,Critical
944,16955,Recharge Failure,2024-08-10 15:09:13,Closed,14,Low
945,11112,Billing Dispute,2023-11-22 23:49:34,In Progress,,Critical
946,11004,Billing Dispute,2026-03-13 19:41:13,Closed,12,Medium
947,44595,Recharge Failure,2024-10-12 16:50:01,Resolved,10,Critical
948,29293,Data Not Working,2024-04-07 08:22:26,Resolved,12,Low
949,22481,Data Not Working,2025-10-20 13:38:34,Escalated,,High
950,44664,SIM Activation,2025-06-05 14:04:02,Escalated,,Critical
951,47481,Slow Internet,2026-04-28 13:26:50,In Progress,,High
952,47099,Call Drop,2024-01-21 08:55:44,Resolved,1,Low
953,6649,Recharge Failure,2025-11-25 10:20:23,Open,,High
954,25898,Wrong Plan Charged,2024-12-18 20:37:50,Closed,13,Low
955,39104,Porting Issue,2023-04-30 22:33:36,Open,,Medium
956,30336,Slow Internet,2023-04-26 15:49:34,Escalated,,Medium
957,17470,Refund Request,2024-03-10 11:35:50,Escalated,,Critical
958,46748,Wrong Plan Charged,2025-10-20 09:43:22,Open,,Medium
959,2808,Slow Internet,2025-01-27 01:21:46,Closed,4,High
960,38774,Wrong Plan Charged,2024-12-25 21:11:35,Closed,7,Critical
961,27121,Recharge Failure,2023-12-29 04:28:50,Open,,Low
962,2587,Signal Not Available,2024-11-12 10:00:41,Closed,6,Low
963,46981,Customer Service,2024-08-30 14:05:53,Closed,14,High
964,46299,Slow Internet,2023-07-24 15:01:43,Closed,3,Critical
965,16444,Network Issue,2025-03-15 10:43:09,In Progress,,Low
966,33103,Slow Internet,2024-11-15 05:00:33,In Progress,,Medium
967,12839,Wrong Plan Charged,2023-02-22 09:58:49,Resolved,11,Medium
968,47614,Network Issue,2025-08-27 08:03:42,In Progress,,Low
969,45722,Signal Not Available,2024-04-10 23:45:44,Escalated,,High
970,40755,Signal Not Available,2023-02-14 17:41:40,Escalated,,Medium
971,48333,Customer Service,2025-09-24 11:44:59,In Progress,,High
972,13672,Data Not Working,2024-06-05 10:25:24,Closed,9,Medium
973,38607,Customer Service,2024-12-15 04:37:38,Resolved,12,Critical
974,31961,Billing Dispute,2023-06-22 07:25:51,Open,,High
975,42334,Network Issue,2025-12-07 22:01:29,Closed,6,Critical
976,12322,SIM Activation,2023-12-08 23:09:56,Resolved,5,Medium
977,36106,Billing Dispute,2023-12-27 03:58:08,Resolved,13,High
978,36211,Call Drop,2023-08-23 12:25:15,Escalated,,Low
979,11737,Slow Internet,2024-03-20 08:06:05,Escalated,,Low
980,9767,Data Not Working,2026-05-22 00:27:34,In Progress,,Medium
981,4700,Refund Request,2023-03-28 07:52:57,Open,,High
982,34056,Billing Dispute,2023-07-12 23:32:12,Resolved,12,Medium
983,7941,Slow Internet,2026-06-24 03:32:55,Escalated,,Low
984,40637,Recharge Failure,2024-08-25 17:46:23,Closed,0,Medium
985,22689,Porting Issue,2026-01-08 06:17:53,Escalated,,Critical
986,23922,Slow Internet,2024-12-20 10:30:20,Escalated,,Low
987,6717,Wrong Plan Charged,2026-07-20 03:58:35,Open,,High
988,10155,Recharge Failure,2025-08-09 13:14:22,Closed,3,Critical
989,8227,Wrong Plan Charged,2024-03-17 21:19:33,Open,,Low
990,36170,Slow Internet,2025-02-24 03:54:12,Closed,5,Critical
991,152,Slow Internet,2024-06-19 22:13:49,In Progress,,Low
992,24120,Data Not Working,2023-03-06 02:22:11,Escalated,,Low
993,25032,Porting Issue,2025-03-21 18:42:23,Open,,Medium
994,19883,Porting Issue,2025-02-20 07:01:57,In Progress,,Medium
995,13808,Network Issue,2026-05-21 23:01:29,Escalated,,High
996,21006,Wrong Plan Charged,2023-01-26 14:58:41,In Progress,,High
997,5603,Billing Dispute,2024-12-04 21:23:19,Escalated,,Critical
998,29720,Refund Request,2024-02-13 23:59:52,Resolved,1,High
999,12850,Call Drop,2025-08-18 01:33:14,Resolved,15,Medium
1000,44707,Data Not Working,2023-01-08 14:47:42,In Progress,,High
1001,49317,Wrong Plan Charged,2024-01-30 20:13:41,Closed,1,High
1002,16572,Customer Service,2023-05-12 22:52:01,Closed,2,Critical
1003,32318,Slow Internet,2024-01-18 17:59:04,In Progress,,Low
1004,3850,Refund Request,2025-12-10 03:44:44,In Progress,,Critical
1005,45215,Recharge Failure,2024-08-24 14:49:02,Open,,Medium
1006,25411,Customer Service,2024-08-21 05:38:34,Resolved,1,High
1007,29339,Refund Request,2025-04-27 07:03:03,Closed,13,High
1008,25288,Data Not Working,2025-04-26 05:30:21,In Progress,,Low
1009,38681,Data Not Working,2024-01-17 12:22:29,In Progress,,Medium
1010,48866,Porting Issue,2024-04-04 21:10:42,Closed,10,Low
1011,47494,SIM Activation,2023-04-21 12:39:09,Open,,Critical
1012,7843,Data Not Working,2025-05-09 08:06:14,Open,,Critical
1013,28547,Call Drop,2025-05-09 13:27:08,Escalated,,Medium
1014,24852,SIM Activation,2024-03-21 08:40:45,Open,,Critical
1015,29390,Recharge Failure,2025-09-03 06:10:49,Resolved,8,Medium
1016,43236,Recharge Failure,2025-03-04 17:52:44,Closed,7,Low
1017,12462,Data Not Working,2024-06-13 09:02:58,Resolved,1,Low
1018,47873,SIM Activation,2025-03-05 12:26:34,In Progress,,Medium
1019,6239,Wrong Plan Charged,2026-02-14 02:27:25,Open,,Critical
1020,22328,Slow Internet,2024-03-02 16:41:34,Open,,Low
1021,35619,Refund Request,2025-05-14 04:11:55,Resolved,11,High
1022,15027,Wrong Plan Charged,2026-04-22 00:00:52,In Progress,,Medium
1023,19520,SIM Activation,2026-04-07 15:16:43,In Progress,,Low
1024,4469,Customer Service,2025-09-06 13:32:48,Closed,5,Low
1025,22450,SIM Activation,2023-09-26 20:47:56,In Progress,,Critical
1026,14488,Refund Request,2024-05-01 17:40:45,In Progress,,Medium
1027,2576,Recharge Failure,2026-05-24 15:02:23,Escalated,,Low
1028,22579,Wrong Plan Charged,2023-10-31 00:32:02,Open,,High
1029,38816,SIM Activation,2023-04-06 21:03:42,Open,,Medium
1030,11042,Recharge Failure,2024-03-12 12:35:39,Closed,6,Low
1031,31170,Slow Internet,2023-05-18 16:46:22,Resolved,15,Low
1032,6777,Slow Internet,2026-04-02 04:39:36,Resolved,12,High
1033,10912,Customer Service,2024-10-14 22:20:20,Escalated,,High
1034,18055,Slow Internet,2025-07-02 04:54:36,Escalated,,Low
1035,37795,Slow Internet,2023-12-29 08:30:34,Open,,Medium
1036,21663,SIM Activation,2026-05-09 23:42:30,In Progress,,Medium
1037,3535,Wrong Plan Charged,2023-11-18 07:21:18,Open,,High
1038,1960,Slow Internet,2025-07-04 11:41:35,Closed,0,High
1039,5395,Refund Request,2026-03-24 07:54:44,Open,,Medium
1040,22177,Data Not Working,2025-06-14 02:43:54,Closed,8,Low
1041,19364,Slow Internet,2024-05-29 07:13:08,Escalated,,High
1042,30240,Wrong Plan Charged,2025-03-23 03:51:31,Open,,Critical
1043,14267,Billing Dispute,2026-07-09 00:59:02,In Progress,,Medium
1044,17361,Call Drop,2025-06-06 00:24:54,Closed,13,Low
1045,1750,Porting Issue,2023-08-03 22:16:39,Escalated,,Critical
1046,5329,Customer Service,2023-12-15 03:13:22,Open,,Low
1047,47783,Porting Issue,2023-06-30 10:03:19,Resolved,6,Medium
1048,13673,Wrong Plan Charged,2024-09-26 06:19:15,In Progress,,Critical
1049,19362,Slow Internet,2025-10-03 03:31:34,Escalated,,High
1050,30960,Porting Issue,2026-07-04 00:59:34,In Progress,,Critical
1051,35945,Network Issue,2024-10-11 21:10:10,Closed,7,Critical
1052,6621,Call Drop,2023-08-27 02:37:41,Resolved,12,Medium
1053,19105,Network Issue,2026-05-09 09:23:17,Closed,11,Low
1054,17587,Network Issue,2025-05-10 08:50:03,Closed,15,Critical
1055,17941,Customer Service,2024-10-06 14:24:24,Escalated,,Low
1056,8139,Billing Dispute,2025-04-04 06:57:27,Closed,14,Medium
1057,34744,Data Not Working,2025-01-20 05:08:48,Resolved,4,Medium
1058,38098,Recharge Failure,2024-08-23 23:42:07,In Progress,,High
1059,15269,Signal Not Available,2024-09-15 11:01:24,Closed,0,High
1060,12830,Call Drop,2024-10-07 14:32:26,Resolved,1,Low
1061,9379,Porting Issue,2023-11-08 00:19:50,In Progress,,High
1062,17722,Slow Internet,2024-05-23 06:33:42,Resolved,7,Medium
1063,27736,Slow Internet,2025-08-29 08:04:18,Closed,12,High
1064,17370,Call Drop,2026-06-19 16:05:09,Open,,High
1065,22355,Slow Internet,2026-07-22 08:26:21,Open,,High
1066,7805,SIM Activation,2024-02-03 18:06:18,Resolved,13,Low
1067,5968,SIM Activation,2023-08-09 02:20:55,Resolved,4,Medium
1068,40651,Porting Issue,2026-07-13 12:12:07,In Progress,,Medium
1069,38963,Porting Issue,2025-06-21 01:27:25,Open,,Critical
1070,41687,Recharge Failure,2026-01-13 23:49:16,In Progress,,High
1071,44644,Slow Internet,2024-02-17 07:47:23,In Progress,,Medium
1072,43247,Porting Issue,2023-11-28 09:16:23,Resolved,7,Critical
1073,48054,Recharge Failure,2024-05-09 09:37:57,Open,,High
1074,30569,Refund Request,2023-05-14 09:03:00,Open,,Low
1075,30662,Billing Dispute,2024-09-22 03:42:35,Closed,10,High
1076,40017,SIM Activation,2023-03-19 22:46:23,Resolved,13,Medium
1077,32399,Call Drop,2026-04-19 12:06:53,Escalated,,Low
1078,4168,Network Issue,2023-02-28 02:32:47,Open,,Low
1079,10086,SIM Activation,2023-01-21 16:48:41,Resolved,7,Critical
1080,40695,Recharge Failure,2024-12-10 01:34:20,Escalated,,Medium
1081,11775,Network Issue,2023-10-30 09:02:41,Closed,6,Critical
1082,10181,Recharge Failure,2025-12-02 08:28:04,Open,,Medium
1083,43955,Data Not Working,2025-02-08 11:57:24,Resolved,3,Medium
1084,39446,Data Not Working,2025-05-31 00:22:06,Open,,Critical
1085,7456,Customer Service,2024-02-18 01:58:59,Resolved,1,High
1086,2823,Porting Issue,2026-07-04 01:12:06,Escalated,,Medium
1087,28638,Slow Internet,2025-10-01 04:04:24,Resolved,15,Low
1088,15932,Billing Dispute,2024-04-16 17:22:27,In Progress,,Low
1089,19595,Refund Request,2025-12-21 09:11:25,Open,,Low
1090,35561,Network Issue,2024-05-08 22:39:51,In Progress,,Critical
1091,23938,Billing Dispute,2025-11-03 14:45:37,Resolved,13,Medium
1092,47246,Call Drop,2024-09-23 07:21:19,In Progress,,Low
1093,12616,SIM Activation,2025-01-06 03:43:25,Escalated,,Medium
1094,33809,Billing Dispute,2026-05-07 14:50:14,Open,,High
1095,34421,Customer Service,2023-05-11 12:19:38,Resolved,6,High
1096,468,SIM Activation,2023-03-10 21:19:35,Closed,9,High
1097,21292,Signal Not Available,2026-05-19 07:05:47,Closed,15,Medium
1098,152,Porting Issue,2024-06-07 21:38:26,Open,,Low
1099,1562,Call Drop,2026-02-26 08:28:23,In Progress,,Critical
1100,37741,Billing Dispute,2025-11-17 08:57:50,Resolved,4,High
1101,44227,Wrong Plan Charged,2025-02-26 20:04:19,Closed,8,High
1102,19581,Wrong Plan Charged,2026-04-04 10:35:57,Open,,Medium
1103,31661,Recharge Failure,2025-02-14 22:34:15,Escalated,,Critical
1104,13390,Billing Dispute,2024-02-21 06:38:55,Closed,3,Low
1105,44916,Porting Issue,2025-08-06 14:33:05,Escalated,,Critical
1106,38196,Data Not Working,2024-02-07 04:19:02,Escalated,,Critical
1107,35841,Network Issue,2026-05-30 16:18:31,Resolved,13,Medium
1108,44668,Network Issue,2026-07-19 10:40:57,Closed,3,Critical
1109,42302,Customer Service,2023-03-27 21:03:29,In Progress,,Medium
1110,7547,Signal Not Available,2024-04-10 10:33:05,Open,,Low
1111,41725,SIM Activation,2023-12-23 04:31:27,In Progress,,Low
1112,23042,Billing Dispute,2023-09-04 14:55:41,Escalated,,Low
1113,21647,Data Not Working,2024-09-29 08:24:42,In Progress,,Low
1114,49102,Call Drop,2024-06-05 05:37:47,Resolved,9,High
1115,33854,Recharge Failure,2026-05-21 16:21:14,Resolved,2,Low
1116,5030,Data Not Working,2024-04-25 09:26:26,Escalated,,Low
1117,41840,Wrong Plan Charged,2023-11-13 12:39:41,In Progress,,Critical
1118,25121,Network Issue,2025-04-25 09:13:23,Resolved,6,High
1119,35495,Refund Request,2026-04-08 11:47:26,Resolved,0,Critical
1120,6866,Recharge Failure,2024-11-30 11:40:55,In Progress,,Critical
1121,27385,Network Issue,2025-10-29 16:02:31,Open,,Critical
1122,8699,SIM Activation,2026-05-14 21:21:31,Escalated,,High
1123,31397,Data Not Working,2024-12-13 17:48:15,Escalated,,Critical
1124,3104,Recharge Failure,2023-03-11 13:23:26,Closed,8,Low
1125,412,Network Issue,2025-05-15 13:07:14,Closed,2,Low
1126,36959,Slow Internet,2024-11-14 10:11:04,Resolved,11,Critical
1127,19873,SIM Activation,2026-05-25 04:56:02,Closed,4,Critical
1128,47038,Customer Service,2025-01-23 10:47:10,Resolved,1,Medium
1129,45896,Billing Dispute,2026-03-19 09:18:36,Open,,Low
1130,26098,Billing Dispute,2024-06-16 05:32:29,Resolved,10,High
1131,40344,Slow Internet,2023-12-12 05:59:13,Escalated,,Medium
1132,17905,Recharge Failure,2023-06-08 18:27:16,Escalated,,Medium
1133,30380,Billing Dispute,2025-06-25 03:19:31,In Progress,,Medium
1134,3314,Signal Not Available,2025-11-22 15:25:05,Open,,Medium
1135,39188,Network Issue,2025-08-14 06:41:42,In Progress,,Medium
1136,7128,Billing Dispute,2024-11-21 16:25:57,Open,,High
1137,19889,Wrong Plan Charged,2023-01-16 09:14:23,Resolved,2,Medium
1138,46189,SIM Activation,2023-07-09 05:31:46,Closed,4,Low
1139,13495,Billing Dispute,2023-10-23 02:18:35,Escalated,,High
1140,49871,Wrong Plan Charged,2023-08-04 05:07:09,In Progress,,Medium
1141,11202,Wrong Plan Charged,2023-03-25 11:28:53,Escalated,,High
1142,13286,SIM Activation,2023-08-19 20:48:35,Closed,13,Medium
1143,23628,Refund Request,2024-12-08 20:09:37,Open,,Critical
1144,2517,Porting Issue,2025-02-14 02:11:39,Escalated,,Critical
1145,16531,Billing Dispute,2023-06-28 22:49:39,Escalated,,High
1146,44521,SIM Activation,2025-03-12 02:07:19,Escalated,,High
1147,6604,Call Drop,2026-04-14 01:51:27,In Progress,,High
1148,48251,Wrong Plan Charged,2023-10-04 20:54:29,Open,,Medium
1149,26388,Slow Internet,2024-06-26 06:05:04,Open,,Medium
1150,31402,Refund Request,2023-09-20 01:59:00,Closed,9,Low
1151,48747,Refund Request,2023-05-12 14:20:48,In Progress,,Low
1152,40572,Refund Request,2025-11-04 05:51:52,Escalated,,Medium
1153,22809,Recharge Failure,2024-04-07 23:02:35,Open,,Critical
1154,31336,Network Issue,2024-07-08 00:16:44,Open,,Medium
1155,25554,Wrong Plan Charged,2023-07-02 07:44:17,In Progress,,High
1156,34022,Billing Dispute,2024-06-09 07:38:26,Open,,Medium
1157,29378,Billing Dispute,2024-01-07 13:19:57,Escalated,,Low
1158,4734,Wrong Plan Charged,2024-04-26 05:53:50,Open,,High
1159,37248,Billing Dispute,2025-12-18 01:00:05,In Progress,,Medium
1160,11649,Signal Not Available,2023-05-23 01:42:18,In Progress,,Critical
1161,28066,Call Drop,2026-05-05 07:59:09,Closed,10,Low
1162,13140,Network Issue,2024-07-26 13:16:57,In Progress,,Critical
1163,40242,SIM Activation,2024-11-14 00:48:00,Open,,Medium
1164,29300,Network Issue,2026-05-02 04:26:52,In Progress,,High
1165,10821,Signal Not Available,2025-11-20 17:55:18,Closed,0,High
1166,3995,Customer Service,2023-02-22 10:22:40,Escalated,,Critical
1167,20634,Refund Request,2025-02-09 17:11:38,Resolved,11,Low
1168,21446,Refund Request,2024-08-08 23:31:07,Open,,Medium
1169,9944,Slow Internet,2024-02-08 14:49:05,Closed,14,Low
1170,36426,Porting Issue,2025-09-02 13:59:47,Closed,5,High
1171,18188,Billing Dispute,2024-05-24 06:45:05,Escalated,,Low
1172,43022,Call Drop,2025-07-13 20:22:16,Closed,7,High
1173,48324,Network Issue,2025-04-24 13:38:24,Open,,High
1174,9710,SIM Activation,2025-04-02 16:59:14,Closed,9,Low
1175,16773,Porting Issue,2024-08-08 16:07:19,Open,,Low
1176,35801,Customer Service,2023-03-23 18:30:27,Open,,Low
1177,25627,Data Not Working,2026-03-11 01:15:55,Escalated,,Medium
1178,31936,Signal Not Available,2025-06-20 17:23:05,Open,,Medium
1179,11367,Porting Issue,2025-01-08 00:19:06,In Progress,,High
1180,7495,Refund Request,2025-07-10 16:05:23,Open,,High
1181,27935,SIM Activation,2026-05-01 14:51:16,Open,,Low
1182,9424,Data Not Working,2023-01-31 17:03:28,In Progress,,Medium
1183,17668,Porting Issue,2024-01-13 07:42:40,Resolved,0,Low
1184,2535,SIM Activation,2025-12-07 12:14:09,Closed,12,Critical
1185,10577,Customer Service,2023-04-11 00:48:16,Resolved,5,Low
1186,43120,Customer Service,2025-03-02 10:01:22,In Progress,,Low
1187,29669,Slow Internet,2026-07-09 23:28:30,In Progress,,Low
1188,580,SIM Activation,2024-09-08 15:16:11,Resolved,4,Critical
1189,22501,Wrong Plan Charged,2025-05-13 16:41:22,Resolved,5,High
1190,86,Porting Issue,2023-01-29 04:27:23,Resolved,1,Critical
1191,4568,Billing Dispute,2024-08-04 04:35:35,Escalated,,Medium
1192,25948,Wrong Plan Charged,2026-06-18 22:47:09,Resolved,0,Medium
1193,27737,Data Not Working,2024-10-26 02:32:14,In Progress,,Critical
1194,38229,Recharge Failure,2024-12-01 01:38:00,Resolved,1,High
1195,22557,Recharge Failure,2025-03-28 16:26:17,Resolved,3,Medium
1196,44985,Data Not Working,2026-07-28 17:22:22,In Progress,,Low
1197,16195,Data Not Working,2025-03-27 05:56:37,Escalated,,Low
1198,42406,Signal Not Available,2023-06-25 04:50:43,Escalated,,High
1199,1676,Refund Request,2024-03-03 17:58:16,In Progress,,Critical
1200,12501,Signal Not Available,2025-03-12 19:33:06,Closed,5,High
1201,1426,Call Drop,2023-02-22 19:53:13,Open,,Medium
1202,20654,Recharge Failure,2025-10-10 07:06:23,Open,,High
1203,7286,Signal Not Available,2025-09-05 22:32:18,Resolved,3,Critical
1204,34150,Billing Dispute,2026-01-27 02:57:49,Resolved,11,Critical
1205,25684,Slow Internet,2025-08-20 02:56:46,Resolved,0,High
1206,18652,SIM Activation,2024-03-10 14:10:58,Closed,8,Critical
1207,11440,Signal Not Available,2023-11-27 04:02:50,Closed,12,Critical
1208,31954,Recharge Failure,2025-04-11 08:12:06,Open,,High
1209,42862,Data Not Working,2026-03-22 19:13:58,Resolved,7,High
1210,33602,Slow Internet,2024-08-30 04:14:26,Open,,Low
1211,2617,Data Not Working,2026-07-12 12:43:35,Closed,0,High
1212,37501,Signal Not Available,2026-05-06 11:11:51,In Progress,,High
1213,43938,Network Issue,2026-03-11 15:18:52,Open,,High
1214,39816,Refund Request,2023-04-08 04:51:39,Resolved,10,Critical
1215,17730,SIM Activation,2025-01-17 01:13:57,Resolved,10,Critical
1216,18721,Signal Not Available,2023-06-16 08:30:55,Escalated,,High
1217,5761,Refund Request,2025-02-08 16:55:36,Open,,Medium
1218,23754,Customer Service,2025-08-03 04:40:01,Closed,7,Critical
1219,18170,SIM Activation,2024-02-13 05:58:25,Open,,Critical
1220,1198,Data Not Working,2023-05-11 19:44:34,Escalated,,Low
1221,42505,Wrong Plan Charged,2023-08-14 15:53:59,Closed,3,Critical
1222,41371,Porting Issue,2023-06-11 01:03:45,Open,,High
1223,36924,Customer Service,2026-02-16 14:40:31,Escalated,,Low
1224,7764,Data Not Working,2024-06-13 17:19:28,Escalated,,Critical
1225,47475,Network Issue,2023-05-30 15:06:39,Closed,6,Medium
1226,14282,Signal Not Available,2024-03-01 08:18:01,In Progress,,Critical
1227,15573,Signal Not Available,2025-02-20 20:57:34,Closed,5,High
1228,9438,Recharge Failure,2026-04-01 14:00:14,Resolved,2,Medium
1229,19937,Wrong Plan Charged,2023-06-28 19:19:47,Closed,13,High
1230,15097,Signal Not Available,2026-05-27 13:49:19,Open,,High
1231,11929,Slow Internet,2023-10-27 12:34:07,In Progress,,High
1232,9938,Recharge Failure,2024-08-12 17:20:58,In Progress,,Medium
1233,39903,Billing Dispute,2023-07-08 16:40:44,Closed,1,Critical
1234,39435,Porting Issue,2023-08-08 23:44:20,Escalated,,Low
1235,31915,Slow Internet,2024-05-12 02:18:27,Closed,3,High
1236,19046,Slow Internet,2024-05-02 23:59:15,Open,,Critical
1237,17591,Porting Issue,2024-04-24 16:49:49,Open,,Medium
1238,33429,Slow Internet,2024-11-18 10:02:21,Escalated,,Critical
1239,23959,Porting Issue,2023-02-27 17:49:02,Open,,Low
1240,16788,Slow Internet,2024-12-03 04:52:29,Closed,1,High
1241,3813,Network Issue,2023-10-30 02:36:40,Escalated,,Medium
1242,18110,Customer Service,2024-12-06 07:50:43,In Progress,,Low
1243,22555,Call Drop,2024-08-04 00:20:56,Escalated,,Low
1244,44059,Refund Request,2024-05-09 16:51:04,Closed,12,Critical
1245,48039,Slow Internet,2025-06-13 02:17:53,Escalated,,Low
1246,5302,Signal Not Available,2025-09-28 09:10:55,In Progress,,High
1247,49447,Customer Service,2025-12-22 22:42:09,Closed,4,High
1248,93,Recharge Failure,2023-06-18 05:33:47,Open,,Critical
1249,24967,Network Issue,2025-03-24 09:05:42,Closed,2,Critical
1250,15598,SIM Activation,2023-11-06 04:29:49,Open,,Medium
1251,44477,SIM Activation,2025-12-10 08:55:21,Resolved,1,High
1252,15210,Recharge Failure,2026-04-27 02:28:14,In Progress,,High
1253,16378,Customer Service,2024-07-11 05:53:54,Resolved,9,Low
1254,31046,Call Drop,2023-05-04 10:22:38,Closed,9,High
1255,4591,Data Not Working,2023-02-11 10:33:27,Closed,5,Medium
1256,43404,Signal Not Available,2024-12-04 22:44:34,Escalated,,Medium
1257,27321,Customer Service,2024-08-19 09:45:50,In Progress,,Low
1258,15208,Refund Request,2024-03-02 20:19:57,Resolved,12,Low
1259,3247,Porting Issue,2026-01-19 20:18:19,In Progress,,Low
1260,5431,Signal Not Available,2025-02-14 07:10:17,Escalated,,Low
1261,34040,Refund Request,2024-03-20 04:21:23,Open,,Critical
1262,3534,Customer Service,2025-02-27 17:15:38,Open,,Critical
1263,7963,SIM Activation,2025-07-05 19:26:59,In Progress,,Medium
1264,17210,Customer Service,2026-07-03 09:37:50,In Progress,,Medium
1265,46976,Network Issue,2024-08-07 07:48:45,In Progress,,Critical
1266,32671,Customer Service,2024-11-02 02:03:49,Closed,8,Low
1267,16175,Data Not Working,2025-09-04 16:53:16,Closed,0,High
1268,32191,SIM Activation,2026-03-30 20:53:59,Open,,Medium
1269,23591,Wrong Plan Charged,2024-09-07 01:14:32,Escalated,,Medium
1270,40480,Call Drop,2025-08-03 16:39:37,Closed,13,High
1271,18508,Refund Request,2026-04-02 14:43:49,Open,,Medium
1272,29635,Data Not Working,2024-02-17 16:32:10,In Progress,,High
1273,46909,Billing Dispute,2024-06-26 04:05:15,Resolved,11,Low
1274,22678,SIM Activation,2025-02-07 22:33:32,In Progress,,High
1275,41676,Signal Not Available,2024-06-05 22:59:55,Closed,3,Low
1276,13321,Wrong Plan Charged,2024-06-24 09:44:03,In Progress,,Medium
1277,42627,Billing Dispute,2023-12-18 13:36:40,In Progress,,Critical
1278,39642,Billing Dispute,2024-11-27 15:45:36,Escalated,,Low
1279,41639,SIM Activation,2023-03-29 21:41:20,Escalated,,High
1280,24174,Wrong Plan Charged,2024-04-13 06:07:07,Open,,Low
1281,3642,Refund Request,2023-10-29 17:15:40,Resolved,12,Critical
1282,20400,Signal Not Available,2025-10-17 19:49:05,Escalated,,Critical
1283,5323,Slow Internet,2023-03-28 17:06:42,Open,,Low
1284,23640,Data Not Working,2023-09-29 17:04:41,Closed,6,High
1285,28194,Recharge Failure,2025-01-26 14:57:54,In Progress,,Low
1286,29892,Refund Request,2026-04-19 15:28:38,In Progress,,Critical
1287,39477,Wrong Plan Charged,2026-04-03 19:21:00,Escalated,,Low
1288,46126,Slow Internet,2024-11-21 14:29:34,Resolved,13,High
1289,35497,Billing Dispute,2024-09-30 15:26:06,In Progress,,Critical
1290,32783,SIM Activation,2026-06-22 21:40:53,Resolved,15,Medium
1291,29654,Call Drop,2023-01-12 19:39:56,Resolved,14,Critical
1292,8793,Wrong Plan Charged,2026-07-12 15:12:00,Open,,Critical
1293,29553,Refund Request,2023-10-07 22:12:24,Closed,7,Medium
1294,38780,Slow Internet,2024-06-20 20:46:26,Escalated,,Low
1295,31038,Billing Dispute,2026-01-24 23:17:40,Closed,3,Critical
1296,46697,Data Not Working,2024-12-21 02:04:02,In Progress,,Low
1297,10213,Data Not Working,2023-04-17 18:12:12,In Progress,,High
1298,37813,Wrong Plan Charged,2026-02-16 08:04:43,In Progress,,Medium
1299,22767,SIM Activation,2023-09-06 01:04:04,Escalated,,Low
1300,41792,Data Not Working,2025-03-04 04:36:24,Closed,3,Critical
1301,35089,Recharge Failure,2024-04-20 11:46:43,In Progress,,Medium
1302,20514,Recharge Failure,2024-10-30 20:23:34,Closed,10,High
1303,14893,Billing Dispute,2025-01-14 16:25:44,Resolved,7,High
1304,8920,SIM Activation,2024-11-07 07:14:14,Open,,Critical
1305,34682,Recharge Failure,2023-11-28 17:18:42,Escalated,,Medium
1306,34908,Billing Dispute,2023-02-27 15:05:14,Open,,Critical
1307,40845,Billing Dispute,2025-07-25 12:23:09,Resolved,13,Medium
1308,33353,Refund Request,2024-09-26 06:29:15,Resolved,13,Low
1309,13356,Billing Dispute,2024-08-14 12:43:36,In Progress,,High
1310,30531,Wrong Plan Charged,2026-06-01 23:38:14,Open,,Medium
1311,9102,Signal Not Available,2026-02-05 08:36:17,Open,,Medium
1312,37239,Data Not Working,2023-10-31 01:11:56,Escalated,,Low
1313,21900,Network Issue,2024-03-03 06:12:15,Open,,High
1314,34057,Porting Issue,2024-02-22 19:31:55,Escalated,,Critical
1315,35376,Call Drop,2025-01-12 07:31:20,Resolved,1,High
1316,30818,SIM Activation,2025-10-21 06:14:55,Open,,Medium
1317,6180,Customer Service,2024-03-13 17:07:09,In Progress,,Medium
1318,7694,Recharge Failure,2023-05-18 17:36:15,Escalated,,Critical
1319,31892,Billing Dispute,2026-05-22 16:30:03,Open,,Critical
1320,11201,Recharge Failure,2025-03-23 13:46:17,In Progress,,Medium
1321,41686,Refund Request,2023-02-24 05:10:24,Escalated,,Low
1322,44743,Call Drop,2023-07-02 02:06:53,In Progress,,Critical
1323,19949,Billing Dispute,2024-06-26 00:01:57,Open,,High
1324,25267,Network Issue,2023-02-15 03:45:53,Closed,10,Critical
1325,7992,Refund Request,2024-06-24 15:30:35,Closed,13,Medium
1326,43294,Recharge Failure,2025-02-27 10:07:25,In Progress,,Critical
1327,11932,Slow Internet,2025-10-06 03:01:27,Closed,8,High
1328,27785,Signal Not Available,2025-11-11 02:32:20,Escalated,,Medium
1329,49317,Porting Issue,2024-06-21 03:54:20,In Progress,,High
1330,44470,Call Drop,2024-01-02 21:45:13,In Progress,,High
1331,20168,SIM Activation,2025-03-22 21:12:58,Escalated,,Critical
1332,24339,Data Not Working,2024-10-22 02:30:00,Open,,Medium
1333,15596,Wrong Plan Charged,2024-05-04 11:23:17,Resolved,2,High
1334,23755,SIM Activation,2026-02-05 06:19:16,Escalated,,Critical
1335,2985,Data Not Working,2025-09-21 11:41:39,Resolved,11,Critical
1336,27208,Porting Issue,2026-02-01 07:46:42,In Progress,,Critical
1337,24089,Data Not Working,2023-08-29 18:59:17,In Progress,,Medium
1338,18595,Network Issue,2026-04-19 07:59:44,In Progress,,Low
1339,45775,Billing Dispute,2024-02-24 09:01:16,In Progress,,Critical
1340,9578,Recharge Failure,2026-02-19 21:06:36,Closed,7,High
1341,11509,SIM Activation,2025-09-29 22:15:54,Closed,8,Medium
1342,40303,Signal Not Available,2025-10-24 22:52:18,Escalated,,Low
1343,22007,Customer Service,2023-07-28 14:09:21,Open,,High
1344,27700,SIM Activation,2026-01-11 03:17:05,Escalated,,Critical
1345,49552,SIM Activation,2024-02-22 11:51:55,In Progress,,Critical
1346,41890,Network Issue,2025-10-08 17:28:28,Closed,9,High
1347,2429,Recharge Failure,2023-08-25 09:09:17,Closed,4,Critical
1348,35334,Refund Request,2023-04-16 00:09:21,Open,,Medium
1349,13483,Signal Not Available,2025-08-16 20:00:38,In Progress,,Critical
1350,39191,Network Issue,2023-06-23 10:32:12,Open,,Critical
1351,13421,Network Issue,2023-08-01 14:32:27,Open,,Medium
1352,42216,Recharge Failure,2026-05-16 22:51:43,Closed,3,High
1353,13852,SIM Activation,2023-07-05 16:04:05,Closed,4,High
1354,30662,Slow Internet,2023-04-16 12:47:57,Open,,Low
1355,37316,Call Drop,2024-05-17 03:39:59,Open,,Critical
1356,25456,Call Drop,2025-04-01 13:29:11,In Progress,,Critical
1357,39082,Recharge Failure,2026-02-18 06:44:20,Resolved,4,Medium
1358,10358,Slow Internet,2023-06-24 10:21:34,Closed,13,Critical
1359,36319,Recharge Failure,2024-04-03 11:51:50,Open,,Medium
1360,29461,SIM Activation,2024-04-19 17:04:48,Open,,High
1361,16602,Customer Service,2025-10-11 18:11:38,Escalated,,Medium
1362,40573,Billing Dispute,2024-03-16 03:33:52,Open,,Medium
1363,46581,Signal Not Available,2025-03-23 16:51:42,In Progress,,Low
1364,46374,Billing Dispute,2024-01-31 05:43:02,Escalated,,High
1365,9095,Slow Internet,2025-11-13 09:07:53,Open,,Low
1366,21272,Data Not Working,2024-10-22 11:31:21,Escalated,,Medium
1367,33319,SIM Activation,2025-12-29 12:30:07,Open,,Low
1368,21004,SIM Activation,2025-01-01 04:13:43,Closed,6,Critical
1369,49030,Signal Not Available,2025-01-13 04:51:25,In Progress,,High
1370,41840,Recharge Failure,2023-10-24 03:19:17,Open,,High
1371,8745,Wrong Plan Charged,2026-06-12 06:40:11,Resolved,14,Medium
1372,31963,Signal Not Available,2024-02-20 00:26:16,Closed,8,High
1373,47,Recharge Failure,2023-12-19 11:35:32,Resolved,13,High
1374,37797,Signal Not Available,2023-05-09 22:24:38,Closed,5,Low
1375,19258,Billing Dispute,2025-01-20 02:26:39,Escalated,,Critical
1376,18774,Porting Issue,2025-10-07 04:37:14,Escalated,,Medium
1377,37537,Recharge Failure,2026-06-20 10:46:44,Open,,Low
1378,5181,Porting Issue,2023-08-15 10:51:37,Resolved,1,Low
1379,40400,Slow Internet,2023-08-10 02:52:53,In Progress,,Medium
1380,35222,Refund Request,2024-03-02 15:29:24,Closed,1,Low
1381,32749,Wrong Plan Charged,2025-12-08 15:31:10,Open,,Low
1382,28634,Network Issue,2026-04-13 15:10:57,Open,,Medium
1383,49130,Billing Dispute,2024-09-11 14:53:33,Closed,10,Low
1384,49980,Billing Dispute,2026-02-25 14:15:10,Open,,Medium
1385,13523,Slow Internet,2025-09-22 22:36:05,Resolved,9,High
1386,32241,Recharge Failure,2026-04-17 08:32:07,Closed,2,Medium
1387,75,Customer Service,2025-04-26 21:32:15,In Progress,,Medium
1388,46560,Wrong Plan Charged,2024-10-02 14:06:30,Escalated,,Medium
1389,27554,Customer Service,2023-02-13 08:14:22,Escalated,,High
1390,43855,Signal Not Available,2025-04-01 06:20:54,Resolved,7,Medium
1391,10840,SIM Activation,2024-08-22 18:39:53,Escalated,,Low
1392,2023,Wrong Plan Charged,2025-10-02 16:36:24,Closed,6,Low
1393,33156,Refund Request,2026-04-09 23:39:51,Resolved,10,High
1394,37241,Network Issue,2025-05-14 11:16:10,In Progress,,Critical
1395,25698,Data Not Working,2025-08-09 19:53:54,In Progress,,Low
1396,48377,SIM Activation,2024-04-01 10:01:52,Escalated,,High
1397,28946,Refund Request,2023-02-05 22:30:14,Escalated,,Medium
1398,24622,Data Not Working,2023-05-26 08:52:58,Resolved,15,Low
1399,5819,SIM Activation,2024-01-02 12:26:04,Open,,Critical
1400,17681,Porting Issue,2026-06-28 09:40:38,Resolved,15,Low
1401,26098,Network Issue,2026-04-23 10:27:26,Closed,1,Critical
1402,26231,Data Not Working,2023-08-16 23:27:44,Closed,1,Critical
1403,39886,SIM Activation,2024-07-14 20:02:34,Escalated,,Low
1404,16139,Slow Internet,2025-07-21 21:51:20,In Progress,,Critical
1405,48099,Slow Internet,2023-01-07 06:56:29,In Progress,,Medium
1406,38604,Billing Dispute,2023-06-27 17:26:04,In Progress,,Low
1407,40151,Signal Not Available,2026-03-01 16:05:12,Open,,Medium
1408,31744,Billing Dispute,2024-03-17 13:34:22,Closed,4,Medium
1409,37583,Signal Not Available,2025-04-16 10:32:11,Closed,14,High
1410,1352,Refund Request,2023-02-06 20:03:26,Resolved,3,Critical
1411,36393,Billing Dispute,2023-05-29 09:33:29,In Progress,,Medium
1412,47523,Slow Internet,2026-07-11 14:25:18,Resolved,1,Critical
1413,35117,SIM Activation,2026-01-14 04:27:29,In Progress,,Low
1414,43093,Data Not Working,2025-11-18 04:08:54,Open,,Low
1415,18367,Wrong Plan Charged,2024-10-04 15:43:46,In Progress,,High
1416,8029,Network Issue,2023-04-15 05:41:34,Closed,5,High
1417,45490,Porting Issue,2026-01-02 07:30:40,Open,,Medium
1418,30950,SIM Activation,2023-11-03 15:07:42,Open,,Low
1419,5202,Network Issue,2023-04-04 11:39:12,Resolved,14,High
1420,15083,Customer Service,2025-08-25 07:09:43,Escalated,,High
1421,23022,Porting Issue,2023-12-16 00:00:37,Resolved,9,High
1422,19772,Wrong Plan Charged,2026-05-07 17:10:10,Escalated,,High
1423,22209,Signal Not Available,2024-05-23 15:28:34,Resolved,5,High
1424,616,Call Drop,2025-07-08 01:18:36,Closed,7,Critical
1425,47847,Slow Internet,2023-03-21 19:17:56,Resolved,15,High
1426,38261,SIM Activation,2024-02-22 12:28:50,In Progress,,Medium
1427,14372,Porting Issue,2025-03-24 15:28:15,Closed,1,High
1428,38923,SIM Activation,2026-02-07 14:09:03,Open,,Medium
1429,35373,Recharge Failure,2024-10-22 22:22:00,Resolved,6,Critical
1430,10403,Refund Request,2023-12-17 03:20:32,Open,,Critical
1431,6841,Signal Not Available,2023-10-09 17:32:07,Open,,High
1432,37488,Customer Service,2024-07-18 04:17:42,In Progress,,High
1433,379,Refund Request,2025-06-05 00:25:25,Closed,8,Critical
1434,4356,Billing Dispute,2023-11-26 04:48:33,Open,,Low
1435,19741,Refund Request,2026-04-20 16:30:55,In Progress,,Medium
1436,3858,Signal Not Available,2024-05-28 09:58:40,Escalated,,High
1437,16277,Wrong Plan Charged,2025-05-27 10:53:07,In Progress,,Medium
1438,45854,Call Drop,2026-05-07 23:51:13,Escalated,,Medium
1439,25589,Call Drop,2024-10-23 07:33:41,Resolved,8,Medium
1440,16466,Network Issue,2024-01-19 23:55:15,Closed,4,High
1441,299,Data Not Working,2024-02-11 01:22:57,Resolved,8,Medium
1442,35622,SIM Activation,2024-06-20 16:12:00,Open,,Critical
1443,31820,Porting Issue,2023-12-09 02:04:07,Closed,2,Medium
1444,5585,Porting Issue,2026-05-10 17:00:39,Resolved,14,Low
1445,23074,Billing Dispute,2025-10-20 21:40:25,Escalated,,Low
1446,13464,Recharge Failure,2024-03-28 23:35:22,In Progress,,Critical
1447,13642,Recharge Failure,2024-04-17 22:17:57,Resolved,9,Low
1448,44806,Billing Dispute,2025-03-09 21:23:35,Escalated,,High
1449,30322,Recharge Failure,2023-06-25 11:27:05,Closed,4,High
1450,40881,Network Issue,2026-01-22 08:35:09,In Progress,,High
1451,21104,Billing Dispute,2024-02-08 20:37:51,Open,,Medium
1452,16318,SIM Activation,2024-07-09 17:24:56,Closed,2,Critical
1453,21902,Recharge Failure,2023-08-04 02:59:54,Open,,Critical
1454,28882,Customer Service,2025-12-06 07:31:40,Closed,4,Medium
1455,13681,Slow Internet,2024-07-17 14:18:49,Closed,7,Low
1456,34704,Recharge Failure,2024-03-27 08:32:17,Closed,7,Critical
1457,6382,Refund Request,2025-09-10 20:28:39,Closed,8,High
1458,18459,SIM Activation,2023-05-01 09:37:22,In Progress,,Critical
1459,45112,Wrong Plan Charged,2024-03-05 10:29:42,In Progress,,High
1460,47019,Slow Internet,2025-10-08 12:54:26,Closed,14,Medium
1461,8517,Network Issue,2026-03-05 23:00:07,Closed,9,Medium
1462,41662,Wrong Plan Charged,2025-01-10 00:35:49,Resolved,14,Low
1463,19550,Data Not Working,2024-02-05 22:33:05,Closed,4,Low
1464,35156,Network Issue,2023-11-28 19:52:34,Resolved,5,Critical
1465,27634,Call Drop,2026-02-28 10:01:29,Closed,2,Medium
1466,12877,Slow Internet,2025-03-14 20:21:52,Open,,Critical
1467,46665,Data Not Working,2026-06-23 16:57:20,Escalated,,Critical
1468,2071,Call Drop,2024-07-04 01:56:30,Closed,13,Low
1469,21560,Call Drop,2024-08-30 13:50:08,Resolved,6,Low
1470,30833,Network Issue,2023-05-01 04:09:21,Closed,5,High
1471,49651,Call Drop,2025-07-08 23:35:01,Escalated,,High
1472,26455,SIM Activation,2024-02-07 07:33:42,Escalated,,Critical
1473,19180,Porting Issue,2025-04-01 20:54:05,In Progress,,Low
1474,20890,Signal Not Available,2023-09-17 12:31:05,Escalated,,Medium
1475,49173,Refund Request,2026-01-28 14:47:32,In Progress,,High
1476,14521,Customer Service,2026-06-23 09:04:26,Escalated,,High
1477,25741,Porting Issue,2023-12-18 07:28:57,Resolved,10,Critical
1478,18705,Data Not Working,2023-05-22 05:39:25,Escalated,,High
1479,49392,Customer Service,2026-07-05 16:13:45,In Progress,,High
1480,46011,Signal Not Available,2025-11-18 13:58:47,Closed,1,High
1481,3238,SIM Activation,2025-04-27 03:50:15,Open,,Low
1482,16277,Slow Internet,2024-02-18 16:57:31,In Progress,,Low
1483,26631,Customer Service,2023-08-18 19:31:49,Escalated,,Medium
1484,21768,SIM Activation,2023-01-14 19:40:07,Open,,Medium
1485,40135,Porting Issue,2024-01-19 17:11:17,Open,,Medium
1486,9582,Wrong Plan Charged,2024-03-01 08:37:29,Closed,4,Low
1487,5483,Wrong Plan Charged,2026-03-07 02:23:26,Open,,Critical
1488,20528,Wrong Plan Charged,2023-07-26 19:39:33,Resolved,10,High
1489,15565,Recharge Failure,2025-02-09 13:17:48,Closed,8,Low
1490,6308,Data Not Working,2024-01-28 21:36:14,Closed,7,Low
1491,49836,Wrong Plan Charged,2024-04-06 23:33:23,Resolved,5,Medium
1492,21450,Recharge Failure,2026-04-18 04:49:58,Escalated,,Medium
1493,18138,Slow Internet,2023-11-04 13:23:49,Closed,11,Low
1494,9155,Billing Dispute,2025-01-05 11:29:43,In Progress,,Critical
1495,32447,Wrong Plan Charged,2025-07-14 20:46:58,Open,,Critical
1496,5149,Network Issue,2024-01-22 15:05:22,Closed,3,High
1497,19799,Recharge Failure,2024-10-21 03:16:58,In Progress,,Low
1498,12722,Slow Internet,2024-11-01 20:30:51,Open,,Critical
1499,42732,Customer Service,2023-01-06 21:50:47,Open,,Medium
1500,34973,Slow Internet,2023-12-31 15:51:24,Escalated,,Medium
1501,10949,Data Not Working,2024-06-18 00:59:16,Resolved,12,Medium
1502,20917,Signal Not Available,2026-04-02 19:12:04,Resolved,3,Medium
1503,21943,Data Not Working,2026-01-21 00:39:51,Resolved,8,Medium
1504,40293,Billing Dispute,2025-11-08 06:31:03,In Progress,,Medium
1505,40244,Signal Not Available,2025-12-08 20:22:08,Closed,12,Low
1506,4985,Data Not Working,2025-11-08 08:27:01,Resolved,13,Low
1507,1264,Billing Dispute,2026-04-25 00:15:47,Resolved,3,Medium
1508,4120,Wrong Plan Charged,2023-08-11 01:22:20,In Progress,,Critical
1509,16602,Recharge Failure,2023-05-11 00:53:57,In Progress,,High
1510,29886,Recharge Failure,2024-11-26 13:22:13,Closed,0,High
1511,49966,Billing Dispute,2023-10-28 03:31:29,Resolved,12,Critical
1512,9323,Network Issue,2023-12-17 08:14:33,Resolved,8,Low
1513,11961,Customer Service,2024-02-09 15:38:46,Resolved,15,Critical
1514,30857,Wrong Plan Charged,2023-10-21 01:38:44,Resolved,9,Critical
1515,19311,Slow Internet,2023-05-03 07:14:44,Escalated,,High
1516,33867,Billing Dispute,2025-05-06 00:06:10,Open,,High
1517,9537,Recharge Failure,2026-02-03 15:38:43,Closed,5,High
1518,30336,Signal Not Available,2026-02-05 05:19:50,In Progress,,Critical
1519,10174,Billing Dispute,2026-02-20 05:23:17,Resolved,5,Medium
1520,23542,Data Not Working,2023-01-09 20:21:53,Escalated,,Medium
1521,13991,Signal Not Available,2024-08-23 02:49:56,In Progress,,Low
1522,24419,Billing Dispute,2025-04-10 15:01:18,In Progress,,Low
1523,25274,Data Not Working,2025-12-22 11:41:31,Closed,6,Medium
1524,13195,Slow Internet,2025-05-07 04:06:30,Closed,2,High
1525,1128,Network Issue,2023-03-30 13:32:11,Escalated,,Medium
1526,9999,Slow Internet,2025-05-14 04:11:58,Closed,15,Low
1527,33409,Refund Request,2023-04-03 18:54:42,Open,,Medium
1528,38638,Billing Dispute,2025-01-21 05:59:26,In Progress,,Low
1529,11356,Recharge Failure,2024-12-28 23:55:44,Resolved,4,Critical
1530,38422,SIM Activation,2026-02-05 09:15:31,Open,,High
1531,18363,Wrong Plan Charged,2024-02-04 12:15:27,Open,,Critical
1532,30888,Customer Service,2026-02-25 21:50:14,Closed,7,Low
1533,14978,Call Drop,2026-02-05 17:48:16,Open,,Low
1534,6818,Network Issue,2023-08-27 12:35:49,In Progress,,High
1535,41314,Network Issue,2025-11-18 23:13:34,Closed,11,Low
1536,31652,Recharge Failure,2024-01-08 06:37:56,Closed,15,Low
1537,18450,Customer Service,2023-02-22 13:02:12,Open,,High
1538,25487,Billing Dispute,2026-06-25 15:07:36,Closed,10,Medium
1539,3958,Wrong Plan Charged,2025-07-17 22:29:06,Closed,0,High
1540,30129,Wrong Plan Charged,2023-03-07 02:18:01,Closed,5,Low
1541,6945,Recharge Failure,2023-06-01 09:36:13,Open,,Medium
1542,41906,Network Issue,2024-04-30 16:29:39,In Progress,,Critical
1543,42986,Call Drop,2024-09-12 20:16:14,Closed,14,Medium
1544,22162,Customer Service,2026-01-18 05:41:52,Escalated,,Medium
1545,24711,Customer Service,2025-11-17 13:56:00,Open,,High
1546,44766,Billing Dispute,2023-03-12 23:35:54,Open,,High
1547,25233,Network Issue,2024-11-27 09:50:37,Resolved,6,Low
1548,23886,Porting Issue,2026-04-25 08:46:21,Closed,3,Critical
1549,38985,Wrong Plan Charged,2024-07-11 07:00:54,In Progress,,Medium
1550,39831,Customer Service,2024-08-15 05:47:52,Resolved,0,Critical
1551,31783,SIM Activation,2025-06-26 15:05:42,Escalated,,Medium
1552,48370,Customer Service,2026-05-11 15:16:54,In Progress,,Medium
1553,25995,Porting Issue,2025-03-06 11:36:47,Resolved,9,High
1554,285,Call Drop,2024-03-30 00:35:13,In Progress,,Medium
1555,13072,Data Not Working,2024-05-17 23:19:36,Closed,7,High
1556,48235,Wrong Plan Charged,2025-01-24 19:41:15,In Progress,,High
1557,6991,Refund Request,2024-11-26 23:13:34,Escalated,,Critical
1558,7932,Signal Not Available,2026-04-12 19:20:27,In Progress,,Low
1559,30872,SIM Activation,2023-06-21 16:29:18,Closed,14,High
1560,18671,Signal Not Available,2025-04-03 10:10:48,Escalated,,Medium
1561,35483,SIM Activation,2024-12-26 15:33:23,Open,,Critical
1562,20031,Call Drop,2025-06-15 02:34:25,Open,,Critical
1563,17742,Call Drop,2026-01-12 11:04:35,Closed,9,Medium
1564,31591,Network Issue,2023-09-18 06:45:59,Resolved,2,Critical
1565,4220,Customer Service,2024-12-13 12:50:45,In Progress,,Medium
1566,13116,SIM Activation,2025-10-15 02:57:13,Resolved,1,Low
1567,13554,Network Issue,2026-06-20 19:27:37,Closed,10,Critical
1568,16673,Slow Internet,2023-05-12 04:30:47,Closed,1,Low
1569,40744,Slow Internet,2023-11-30 02:41:05,In Progress,,Low
1570,16672,Customer Service,2026-01-12 06:11:50,Escalated,,Medium
1571,20751,Customer Service,2025-06-09 13:43:41,In Progress,,Critical
1572,45783,Slow Internet,2024-10-24 00:12:57,Escalated,,Low
1573,46010,Network Issue,2025-04-28 06:37:08,Resolved,8,Medium
1574,45821,Slow Internet,2025-07-15 19:00:13,Resolved,0,Low
1575,15171,Wrong Plan Charged,2023-04-01 20:03:18,Resolved,5,High
1576,8936,Network Issue,2023-02-09 05:51:59,Resolved,9,Low
1577,28031,Recharge Failure,2025-09-06 18:15:03,Escalated,,Low
1578,36342,Recharge Failure,2023-12-15 16:26:54,In Progress,,Low
1579,3530,SIM Activation,2023-05-10 05:16:32,Escalated,,Critical
1580,43549,Signal Not Available,2025-02-25 06:25:06,In Progress,,Critical
1581,25225,SIM Activation,2024-08-22 02:25:29,Open,,High
1582,29480,Customer Service,2024-06-17 00:03:20,Escalated,,High
1583,12380,Call Drop,2024-08-06 13:34:00,Escalated,,High
1584,17223,Porting Issue,2024-05-06 00:32:31,Escalated,,Critical
1585,19489,Billing Dispute,2024-04-10 02:08:24,Open,,Medium
1586,45483,Slow Internet,2025-02-23 22:33:48,Resolved,1,Low
1587,27657,Network Issue,2026-01-11 13:13:57,Escalated,,Critical
1588,4280,Call Drop,2025-12-25 08:04:54,Escalated,,Medium
1589,6076,Porting Issue,2025-09-08 21:39:04,Resolved,13,Medium
1590,44821,Porting Issue,2024-07-29 22:00:40,Open,,Medium
1591,30567,Refund Request,2025-03-16 22:29:37,Open,,High
1592,17489,Network Issue,2025-10-10 20:34:02,Escalated,,Critical
1593,32064,Billing Dispute,2025-06-18 15:14:37,Open,,High
1594,18860,Network Issue,2023-12-04 23:36:44,Resolved,11,Low
1595,36987,Recharge Failure,2025-10-24 01:59:24,Escalated,,Low
1596,28152,Billing Dispute,2025-02-15 07:23:23,In Progress,,Medium
1597,23788,Signal Not Available,2023-10-07 16:40:19,Resolved,10,Critical
1598,14785,Customer Service,2023-06-07 12:01:29,In Progress,,High
1599,6311,Porting Issue,2026-07-27 18:11:23,In Progress,,Critical
1600,13167,Billing Dispute,2025-06-15 11:54:55,Open,,Medium
1601,38630,Call Drop,2023-05-23 14:53:54,Closed,8,Low
1602,44250,Slow Internet,2024-01-17 06:24:05,Resolved,7,Critical
1603,11631,Refund Request,2025-03-01 09:29:29,Open,,Low
1604,17140,Customer Service,2025-02-28 06:11:08,Closed,11,Medium
1605,15553,Slow Internet,2023-07-23 13:06:17,Closed,4,Low
1606,42964,Signal Not Available,2024-09-15 13:17:10,In Progress,,Medium
1607,3615,Porting Issue,2024-06-17 18:36:25,Open,,Medium
1608,25751,Recharge Failure,2023-12-26 13:06:10,Resolved,10,Critical
1609,29148,Refund Request,2025-05-15 12:12:37,Closed,7,Medium
1610,9484,Refund Request,2025-10-29 15:31:49,Escalated,,Low
1611,13697,Porting Issue,2025-10-21 17:44:00,In Progress,,High
1612,35659,Refund Request,2023-01-03 16:34:54,Closed,11,Medium
1613,43156,Customer Service,2024-07-11 06:56:17,Open,,Medium
1614,9186,Slow Internet,2026-05-13 04:07:24,In Progress,,Medium
1615,26315,SIM Activation,2025-11-21 00:06:43,Open,,High
1616,414,Slow Internet,2025-11-19 23:19:31,Closed,0,High
1617,31972,Call Drop,2023-01-31 12:43:04,Closed,7,Low
1618,4890,Wrong Plan Charged,2025-08-11 01:50:26,In Progress,,Low
1619,39528,Data Not Working,2024-06-27 02:29:18,Open,,High
1620,32787,Slow Internet,2025-07-31 13:58:37,Open,,High
1621,44414,Porting Issue,2023-07-08 03:50:22,Escalated,,High
1622,41297,Network Issue,2025-11-03 21:34:13,Escalated,,Critical
1623,13208,Wrong Plan Charged,2023-05-12 22:39:18,Open,,High
1624,42648,Slow Internet,2025-01-08 03:05:40,Open,,High
1625,39887,Slow Internet,2026-01-14 19:52:05,Open,,Critical
1626,15871,Refund Request,2025-12-24 13:46:52,Escalated,,Critical
1627,8112,SIM Activation,2023-01-05 07:59:06,Open,,Medium
1628,28452,Wrong Plan Charged,2023-07-19 08:42:51,Closed,5,Critical
1629,30126,Data Not Working,2026-04-06 06:20:34,Escalated,,Low
1630,46095,Refund Request,2023-07-02 21:37:49,Escalated,,High
1631,33908,Refund Request,2024-04-18 11:29:06,In Progress,,Low
1632,36742,Porting Issue,2023-06-07 12:43:02,Open,,High
1633,34326,Refund Request,2024-11-25 18:40:31,In Progress,,Critical
1634,13063,Signal Not Available,2026-03-18 00:30:45,In Progress,,Medium
1635,19633,SIM Activation,2025-07-31 06:46:18,Closed,12,High
1636,11852,Signal Not Available,2024-07-21 23:41:29,In Progress,,Critical
1637,11135,Wrong Plan Charged,2025-06-19 15:37:16,Closed,8,Low
1638,8304,Call Drop,2026-04-14 04:51:29,In Progress,,Medium
1639,28361,SIM Activation,2025-12-20 22:36:21,Escalated,,High
1640,27429,Customer Service,2025-05-24 06:22:44,Resolved,2,Medium
1641,716,Porting Issue,2026-03-02 01:51:54,Closed,7,High
1642,36954,Data Not Working,2023-01-08 10:17:06,Closed,8,Low
1643,42783,Signal Not Available,2025-11-01 23:17:27,Resolved,12,High
1644,17678,SIM Activation,2025-01-22 17:51:49,Open,,Low
1645,16275,SIM Activation,2023-05-30 03:39:49,Resolved,12,Critical
1646,26830,Network Issue,2024-05-31 11:48:03,Closed,0,Medium
1647,43616,Network Issue,2023-11-29 00:10:15,Resolved,4,Medium
1648,42224,Signal Not Available,2023-02-14 16:31:53,Open,,Low
1649,23289,Refund Request,2024-05-03 13:20:28,Resolved,6,High
1650,8052,Customer Service,2025-09-28 05:57:12,Open,,Medium
1651,35011,Signal Not Available,2023-10-07 05:05:19,Resolved,15,Medium
1652,31634,Billing Dispute,2023-06-15 01:08:14,In Progress,,Low
1653,29602,Call Drop,2024-04-10 23:50:58,Closed,0,Medium
1654,13692,Signal Not Available,2023-11-26 05:05:15,Closed,13,Medium
1655,1518,Refund Request,2026-03-24 17:19:03,Escalated,,Low
1656,27903,Billing Dispute,2025-10-01 19:08:08,Escalated,,High
1657,8084,Porting Issue,2024-12-03 06:05:11,Open,,High
1658,19808,Billing Dispute,2023-10-21 01:34:12,Closed,15,Low
1659,22348,Signal Not Available,2023-09-28 19:17:21,Open,,High
1660,40993,Signal Not Available,2024-04-16 15:17:45,Closed,3,Low
1661,14050,Customer Service,2024-01-16 22:21:25,Open,,Medium
1662,37988,Recharge Failure,2025-04-07 21:53:21,Resolved,9,Critical
1663,49336,Refund Request,2023-12-25 15:28:44,Open,,High
1664,5145,Refund Request,2024-07-07 14:05:29,Open,,Critical
1665,39810,Signal Not Available,2026-04-12 02:19:14,Open,,High
1666,18242,Network Issue,2024-01-23 17:41:40,Open,,Low
1667,37256,Recharge Failure,2024-06-05 00:45:32,Escalated,,Critical
1668,32107,Recharge Failure,2024-09-06 20:32:53,Escalated,,High
1669,1560,Refund Request,2024-09-28 05:40:11,Resolved,6,High
1670,42323,Wrong Plan Charged,2024-03-16 04:31:28,Escalated,,Low
1671,5681,Data Not Working,2024-01-31 11:43:38,Closed,15,Critical
1672,4862,Recharge Failure,2026-01-11 20:30:53,Resolved,2,High
1673,2464,Wrong Plan Charged,2025-06-28 07:25:40,Resolved,6,Medium
1674,3751,Signal Not Available,2026-04-23 13:52:49,Open,,Medium
1675,45465,Porting Issue,2026-05-27 05:03:21,Escalated,,Low
1676,47477,Refund Request,2025-02-19 19:39:35,Resolved,0,Medium
1677,8012,Signal Not Available,2025-09-04 17:32:13,Resolved,1,Critical
1678,12404,SIM Activation,2024-06-20 14:38:56,Escalated,,Critical
1679,34026,Call Drop,2024-07-20 20:50:52,In Progress,,Critical
1680,8620,Call Drop,2024-03-02 14:16:38,Open,,Low
1681,34939,Porting Issue,2025-08-28 17:24:18,Closed,12,Low
1682,15119,Billing Dispute,2024-01-23 03:10:59,Escalated,,Medium
1683,30523,Billing Dispute,2024-10-02 23:49:25,Resolved,0,Low
1684,23240,Network Issue,2026-03-07 15:08:20,Closed,7,Medium
1685,1855,Signal Not Available,2024-11-28 01:10:11,In Progress,,Medium
1686,13476,Refund Request,2023-12-20 16:14:51,In Progress,,Medium
1687,32312,Billing Dispute,2025-12-05 20:33:52,Escalated,,Medium
1688,48120,Customer Service,2024-07-18 13:47:31,Open,,High
1689,14775,Slow Internet,2025-10-08 15:13:23,Open,,Medium
1690,42413,Slow Internet,2026-07-20 18:50:04,Escalated,,Critical
1691,30983,Customer Service,2023-08-19 03:52:53,Closed,3,High
1692,8950,Billing Dispute,2024-02-10 03:30:34,Resolved,14,High
1693,22766,Customer Service,2025-04-07 07:36:39,Closed,6,Critical
1694,37510,Network Issue,2026-02-15 05:51:26,In Progress,,Critical
1695,19525,Slow Internet,2023-05-31 00:53:57,Escalated,,Critical
1696,11561,Customer Service,2025-11-19 21:20:21,In Progress,,Low
1697,49699,Porting Issue,2025-01-08 18:55:30,Open,,Critical
1698,39399,Customer Service,2024-01-04 14:42:39,Resolved,4,Critical
1699,18,Network Issue,2025-02-28 06:41:41,Escalated,,Medium
1700,9342,SIM Activation,2024-02-27 16:15:30,In Progress,,Critical
1701,24136,Recharge Failure,2024-08-05 19:30:09,Closed,2,Low
1702,25682,Call Drop,2023-03-24 01:47:14,Closed,5,High
1703,1653,Signal Not Available,2024-12-01 10:51:29,Closed,8,Critical
1704,11549,Billing Dispute,2023-11-29 19:49:32,Escalated,,High
1705,13774,Network Issue,2023-09-14 00:31:31,Escalated,,Medium
1706,48726,Porting Issue,2026-06-22 22:48:23,Escalated,,Critical
1707,37406,Slow Internet,2026-01-14 17:04:49,In Progress,,Critical
1708,43033,Network Issue,2025-03-06 22:50:24,Open,,Medium
1709,519,Customer Service,2023-01-23 13:42:39,In Progress,,Low
1710,24392,Network Issue,2024-05-29 05:05:45,Escalated,,Low
1711,37493,Customer Service,2025-12-22 12:47:16,Closed,15,High
1712,11654,Call Drop,2025-10-17 15:06:32,Open,,Medium
1713,26398,Wrong Plan Charged,2026-01-30 00:48:07,Resolved,12,Low
1714,24410,Network Issue,2025-12-27 02:41:57,Closed,8,High
1715,1250,Network Issue,2023-04-19 01:46:35,Open,,Medium
1716,11657,Refund Request,2026-01-27 18:46:08,Closed,13,Critical
1717,9008,Customer Service,2024-04-05 04:14:39,Escalated,,Critical
1718,24510,Network Issue,2025-11-09 21:12:32,Closed,9,Critical
1719,31680,Porting Issue,2023-09-14 08:19:11,Closed,15,High
1720,42295,Signal Not Available,2025-10-26 17:59:58,Open,,High
1721,11847,Signal Not Available,2023-04-12 18:27:53,In Progress,,Medium
1722,23979,Network Issue,2025-01-15 16:31:00,In Progress,,Medium
1723,45214,Data Not Working,2025-09-29 18:17:16,Open,,Medium
1724,34775,Slow Internet,2024-03-15 21:25:16,Closed,10,High
1725,10060,SIM Activation,2025-01-16 11:42:49,Open,,Critical
1726,14448,Slow Internet,2024-10-07 02:12:29,Closed,0,Low
1727,10261,Billing Dispute,2025-01-25 09:39:00,Open,,Low
1728,15720,SIM Activation,2025-08-29 05:24:53,Closed,9,Low
1729,13740,Customer Service,2023-08-31 01:57:00,Resolved,1,Critical
1730,14138,Porting Issue,2025-08-22 10:40:13,Open,,High
1731,38999,Refund Request,2024-06-07 06:00:20,In Progress,,High
1732,43638,Slow Internet,2023-01-18 20:20:29,Closed,14,Critical
1733,14880,Refund Request,2023-05-01 20:45:18,Closed,2,Low
1734,23229,Porting Issue,2024-10-07 19:09:45,Resolved,13,Low
1735,24983,SIM Activation,2023-12-10 02:41:49,Closed,11,High
1736,25755,Wrong Plan Charged,2025-02-26 21:43:19,In Progress,,Low
1737,29867,Data Not Working,2023-11-28 23:20:42,Closed,11,High
1738,29438,Slow Internet,2024-04-27 18:05:35,Escalated,,Critical
1739,11457,Signal Not Available,2025-01-03 06:28:29,Resolved,6,Medium
1740,40931,Network Issue,2025-04-02 13:14:51,Escalated,,Medium
1741,46364,Wrong Plan Charged,2025-09-30 14:32:56,Open,,Low
1742,27188,SIM Activation,2026-05-12 19:13:19,Escalated,,Low
1743,32701,Customer Service,2025-10-22 07:14:35,Resolved,2,Low
1744,7945,Network Issue,2025-12-16 18:25:26,In Progress,,Medium
1745,21820,SIM Activation,2026-05-07 12:29:59,Escalated,,Low
1746,4129,Data Not Working,2026-05-10 20:32:37,Resolved,15,High
1747,38560,Porting Issue,2023-04-24 02:28:45,Resolved,10,Low
1748,24949,Signal Not Available,2023-01-17 06:13:03,Resolved,12,Critical
1749,16947,SIM Activation,2025-12-14 15:18:24,In Progress,,Low
1750,6760,Wrong Plan Charged,2025-09-11 13:27:28,Open,,Critical
1751,8544,Refund Request,2026-06-25 13:49:24,Closed,8,Low
1752,9722,Customer Service,2024-05-28 02:56:07,In Progress,,Low
1753,4155,Data Not Working,2024-11-24 04:26:53,Open,,Medium
1754,3442,Billing Dispute,2025-08-19 18:20:38,Resolved,9,Low
1755,23057,Network Issue,2023-01-07 18:08:01,Closed,0,Medium
1756,3617,Billing Dispute,2023-08-05 09:10:08,Resolved,11,Low
1757,32801,Data Not Working,2024-07-04 16:32:57,Escalated,,High
1758,14175,Signal Not Available,2025-10-06 08:38:31,In Progress,,Medium
1759,2692,Porting Issue,2025-02-12 06:58:54,Closed,11,Critical
1760,9204,Network Issue,2024-07-10 12:32:37,Open,,High
1761,6091,Signal Not Available,2024-08-28 17:44:35,Escalated,,Low
1762,36854,Customer Service,2025-01-17 22:49:49,Closed,9,Critical
1763,28121,Customer Service,2024-04-13 08:24:14,Closed,15,Medium
1764,41711,Porting Issue,2024-01-26 23:34:49,Open,,Low
1765,7404,Customer Service,2024-02-09 02:48:19,Escalated,,Medium
1766,14879,Data Not Working,2025-09-11 23:39:04,Escalated,,Low
1767,28259,Porting Issue,2025-11-28 13:02:41,Resolved,7,Low
1768,19046,Customer Service,2025-01-21 16:30:36,Resolved,9,Medium
1769,11254,Data Not Working,2025-12-11 15:00:15,Escalated,,Medium
1770,35422,Recharge Failure,2026-01-31 23:02:35,Escalated,,Low
1771,14088,SIM Activation,2025-09-11 10:14:37,Escalated,,Medium
1772,47119,Call Drop,2024-12-21 01:25:28,Closed,11,Low
1773,2356,Billing Dispute,2025-04-15 01:47:24,Resolved,10,High
1774,27226,Billing Dispute,2026-02-21 00:51:50,Escalated,,Low
1775,43292,Signal Not Available,2026-02-05 03:54:21,Escalated,,Medium
1776,7257,Slow Internet,2026-01-01 05:32:33,Open,,Critical
1777,26466,Signal Not Available,2024-02-19 21:03:20,Open,,Low
1778,23987,SIM Activation,2025-08-31 05:51:03,Resolved,8,Medium
1779,772,Billing Dispute,2026-01-12 06:13:45,Resolved,0,High
1780,46569,Porting Issue,2025-06-01 18:30:50,Closed,8,Medium
1781,48665,Customer Service,2026-01-12 21:29:47,Closed,2,Low
1782,33059,Wrong Plan Charged,2023-01-16 13:35:34,Resolved,5,Low
1783,37139,Data Not Working,2023-09-07 22:38:02,Closed,12,Medium
1784,12406,SIM Activation,2023-01-31 08:12:59,In Progress,,High
1785,11883,SIM Activation,2023-06-26 03:04:44,In Progress,,Medium
1786,23192,Porting Issue,2026-07-19 18:39:51,In Progress,,Medium
1787,49128,Signal Not Available,2026-07-23 15:52:29,Closed,0,Medium
1788,28390,Network Issue,2024-01-28 17:33:01,In Progress,,Critical
1789,10436,Porting Issue,2024-05-27 10:48:16,Resolved,1,Critical
1790,28967,Slow Internet,2024-10-30 22:18:34,Escalated,,Low
1791,49769,SIM Activation,2024-03-22 23:55:00,Closed,13,Low
1792,21310,SIM Activation,2025-11-21 18:29:37,In Progress,,High
1793,629,Call Drop,2023-03-09 00:22:35,Closed,15,Medium
1794,47439,Recharge Failure,2024-08-12 11:10:42,Resolved,10,Low
1795,30643,Recharge Failure,2025-03-03 05:19:39,Resolved,2,High
1796,43022,Refund Request,2023-04-06 16:22:30,Resolved,14,Low
1797,18049,Recharge Failure,2024-11-16 05:52:20,Open,,Low
1798,20509,Slow Internet,2023-09-09 17:28:12,In Progress,,High
1799,43693,SIM Activation,2024-12-22 21:21:47,Escalated,,Low
1800,585,Billing Dispute,2023-10-03 09:14:48,Resolved,14,High
1801,13472,Billing Dispute,2026-07-26 22:58:58,Resolved,9,High
1802,37461,Porting Issue,2023-01-05 17:47:26,Closed,13,Low
1803,2473,Slow Internet,2025-01-01 21:12:39,Open,,Low
1804,31177,Customer Service,2025-07-21 04:53:44,Closed,12,Medium
1805,12186,Signal Not Available,2025-04-26 11:42:04,Open,,Medium
1806,21517,Network Issue,2025-02-17 15:44:32,Open,,High
1807,20091,SIM Activation,2026-04-19 06:45:19,Closed,4,Low
1808,34067,Slow Internet,2024-03-30 03:16:40,Resolved,1,Low
1809,27567,Signal Not Available,2026-05-04 21:12:00,Closed,15,Critical
1810,31082,Signal Not Available,2024-03-07 19:12:19,In Progress,,High
1811,5899,SIM Activation,2023-10-18 02:11:42,Escalated,,Low
1812,43757,Recharge Failure,2024-02-10 09:37:17,In Progress,,High
1813,22067,Slow Internet,2025-02-07 06:20:10,In Progress,,Low
1814,14168,Customer Service,2025-04-12 08:35:55,Resolved,12,High
1815,21703,Porting Issue,2025-03-16 17:47:52,Open,,Medium
1816,30850,Billing Dispute,2024-07-17 17:00:03,Closed,9,High
1817,1968,Slow Internet,2026-05-28 14:01:21,In Progress,,High
1818,1479,Billing Dispute,2025-08-12 16:06:07,Closed,7,Medium
1819,42635,Billing Dispute,2023-05-18 15:45:51,Open,,High
1820,42017,Data Not Working,2025-02-19 03:52:30,Open,,High
1821,19747,SIM Activation,2023-03-03 19:45:38,Closed,11,Low
1822,25243,Call Drop,2024-11-28 07:21:28,Open,,Medium
1823,39294,Network Issue,2026-05-05 16:58:55,Open,,High
1824,20136,Refund Request,2026-03-11 07:47:13,Escalated,,Medium
1825,31014,Porting Issue,2025-03-05 22:56:58,In Progress,,Medium
1826,35339,Wrong Plan Charged,2024-12-30 13:11:04,Closed,0,High
1827,2620,SIM Activation,2026-05-22 03:39:09,Escalated,,High
1828,23927,SIM Activation,2023-07-21 20:31:13,Closed,14,Medium
1829,24954,SIM Activation,2025-01-11 14:11:33,Closed,8,Medium
1830,2283,Wrong Plan Charged,2024-12-08 15:05:49,Resolved,5,Critical
1831,34296,SIM Activation,2026-07-10 06:19:34,Resolved,1,Medium
1832,12354,Data Not Working,2023-06-05 10:03:34,Closed,3,High
1833,3398,Data Not Working,2026-02-28 01:48:10,Resolved,2,High
1834,8927,Signal Not Available,2026-02-10 04:12:04,In Progress,,Medium
1835,24800,Data Not Working,2025-09-14 08:23:37,Closed,0,Medium
1836,11013,Call Drop,2024-11-04 03:53:26,Open,,Low
1837,39855,Recharge Failure,2023-01-11 01:21:01,Open,,Critical
1838,7798,Call Drop,2025-09-25 04:17:22,Escalated,,Medium
1839,43388,Recharge Failure,2025-07-13 17:31:33,In Progress,,Critical
1840,18825,Call Drop,2024-03-20 20:20:15,In Progress,,Critical
1841,89,Customer Service,2025-09-20 01:26:41,Closed,8,Low
1842,31518,Slow Internet,2023-05-29 21:50:35,Closed,9,Medium
1843,3539,Refund Request,2026-03-25 03:50:05,Closed,8,Medium
1844,42133,Billing Dispute,2024-05-02 15:18:47,Escalated,,Medium
1845,11023,Billing Dispute,2024-04-15 19:35:39,Open,,Critical
1846,10705,Data Not Working,2025-03-23 05:37:02,Resolved,12,Low
1847,10199,Network Issue,2025-09-17 23:29:22,Escalated,,High
1848,7841,Data Not Working,2024-05-20 02:07:29,In Progress,,Low
1849,12774,Recharge Failure,2026-04-04 15:19:30,In Progress,,Low
1850,33168,Wrong Plan Charged,2023-11-19 03:41:41,Escalated,,Medium
1851,17579,Refund Request,2026-02-17 07:17:43,Escalated,,Medium
1852,15335,SIM Activation,2025-06-27 09:16:55,Closed,7,Medium
1853,46385,Customer Service,2024-09-18 02:16:25,In Progress,,Medium
1854,47274,Billing Dispute,2026-01-13 04:31:14,Resolved,3,Medium
1855,2223,Refund Request,2024-11-20 17:01:41,Escalated,,Medium
1856,40164,Porting Issue,2024-12-31 19:14:19,Open,,Medium
1857,36989,Call Drop,2023-04-13 07:56:26,In Progress,,High
1858,14741,Data Not Working,2023-08-05 18:32:07,Resolved,12,High
1859,8758,Data Not Working,2026-01-31 07:53:37,In Progress,,Low
1860,28385,Wrong Plan Charged,2026-02-22 06:11:17,In Progress,,High
1861,36958,Network Issue,2026-06-03 20:56:53,Escalated,,Medium
1862,9601,Wrong Plan Charged,2025-08-14 07:39:07,Closed,14,Medium
1863,33703,SIM Activation,2023-04-27 10:12:00,Open,,Medium
1864,44163,Network Issue,2023-07-10 03:37:05,In Progress,,Critical
1865,47038,Data Not Working,2026-07-09 14:48:08,Open,,Medium
1866,35357,SIM Activation,2023-11-10 14:51:17,Open,,High
1867,31656,Slow Internet,2025-05-18 01:19:12,Escalated,,Low
1868,12870,Billing Dispute,2023-03-30 23:51:04,Open,,High
1869,44289,SIM Activation,2023-12-24 12:43:28,Resolved,13,High
1870,11980,Customer Service,2023-02-05 07:33:50,Open,,Low
1871,26457,Data Not Working,2026-06-11 11:18:00,Closed,8,High
1872,46222,Signal Not Available,2025-10-18 06:17:44,Open,,High
1873,1661,Porting Issue,2024-04-16 11:16:11,Resolved,4,High
1874,5226,Wrong Plan Charged,2023-01-19 10:52:22,Resolved,13,Critical
1875,29761,Call Drop,2024-01-12 02:37:38,Escalated,,Critical
1876,41703,Network Issue,2024-11-18 11:22:41,Closed,11,Critical
1877,43458,Customer Service,2025-09-17 04:46:27,Resolved,4,Low
1878,26343,Recharge Failure,2023-05-11 16:05:45,Open,,Medium
1879,22141,Call Drop,2025-01-26 00:18:20,Escalated,,Critical
1880,12535,Customer Service,2025-11-08 14:43:09,Resolved,14,Low
1881,38925,Signal Not Available,2025-09-25 09:39:46,Closed,1,Low
1882,32688,Slow Internet,2023-08-31 10:43:36,In Progress,,Medium
1883,27633,SIM Activation,2023-07-01 19:09:47,Closed,3,Critical
1884,32700,Wrong Plan Charged,2025-11-27 13:58:10,Closed,0,Medium
1885,17146,Porting Issue,2023-05-13 02:24:08,Closed,14,Low
1886,24215,Signal Not Available,2024-08-27 15:19:26,Escalated,,Low
1887,22768,Customer Service,2024-02-07 23:12:45,Escalated,,Medium
1888,1734,Billing Dispute,2024-04-20 09:28:56,Open,,Medium
1889,45515,Call Drop,2025-01-23 02:09:15,Resolved,0,Critical
1890,34762,Signal Not Available,2024-11-21 19:04:11,Escalated,,Medium
1891,20106,Data Not Working,2026-04-25 07:18:49,Resolved,8,Low
1892,3732,Billing Dispute,2025-02-08 19:57:54,Open,,Critical
1893,37441,Signal Not Available,2023-06-23 08:16:24,Open,,High
1894,19951,Signal Not Available,2023-11-28 14:27:04,Closed,6,Critical
1895,45493,Customer Service,2025-04-02 19:21:06,Resolved,2,Low
1896,16572,Customer Service,2023-03-15 05:15:26,Escalated,,High
1897,1628,Customer Service,2025-07-22 12:02:01,In Progress,,Medium
1898,12091,Customer Service,2025-05-11 13:15:26,Open,,High
1899,47452,Recharge Failure,2023-07-03 05:25:23,In Progress,,High
1900,9026,Refund Request,2024-09-27 18:39:15,Closed,14,Critical
1901,224,Recharge Failure,2024-12-24 01:48:48,Escalated,,Critical
1902,33378,Customer Service,2024-09-09 05:09:48,Escalated,,Low
1903,29266,SIM Activation,2026-06-19 15:09:26,Resolved,8,Medium
1904,4088,Refund Request,2025-03-11 00:56:55,In Progress,,High
1905,14456,Customer Service,2025-04-26 18:15:30,In Progress,,Critical
1906,20616,Slow Internet,2024-05-05 15:15:36,Closed,4,Low
1907,30169,Porting Issue,2025-10-12 05:02:03,In Progress,,Critical
1908,21604,Recharge Failure,2023-11-28 20:33:54,Closed,11,Low
1909,16316,Network Issue,2024-10-11 00:20:40,Escalated,,Critical
1910,6898,SIM Activation,2025-07-08 11:40:56,Open,,Low
1911,30228,SIM Activation,2023-01-31 21:37:47,Resolved,9,High
1912,36059,Customer Service,2024-05-25 11:00:08,Resolved,6,Critical
1913,37470,Network Issue,2023-11-08 01:28:01,Resolved,7,High
1914,22691,Signal Not Available,2024-02-02 12:57:17,Closed,11,Critical
1915,36286,Refund Request,2024-05-29 22:21:50,In Progress,,High
1916,14913,Wrong Plan Charged,2023-07-27 05:02:52,Resolved,14,Low
1917,307,Data Not Working,2025-06-11 00:21:57,Closed,14,Low
1918,11684,Customer Service,2025-02-24 04:15:52,Resolved,3,High
1919,22229,Network Issue,2023-11-11 15:25:11,Escalated,,High
1920,34055,Recharge Failure,2025-04-20 16:27:10,Open,,High
1921,35574,Recharge Failure,2025-02-09 11:05:47,Closed,0,Medium
1922,10349,Billing Dispute,2026-07-22 16:47:26,Escalated,,Critical
1923,2337,Network Issue,2023-08-13 04:45:09,Open,,High
1924,229,Call Drop,2026-05-11 02:46:22,Escalated,,Critical
1925,37211,Wrong Plan Charged,2024-08-25 01:15:27,Resolved,7,High
1926,19273,Wrong Plan Charged,2025-07-21 17:47:40,Escalated,,Critical
1927,42671,Recharge Failure,2024-03-15 12:57:12,Closed,7,Medium
1928,39262,SIM Activation,2023-03-22 02:26:51,Closed,8,Critical
1929,8856,Recharge Failure,2025-05-23 17:46:23,Open,,Critical
1930,23419,SIM Activation,2023-12-07 12:59:18,Closed,13,Medium
1931,6292,Signal Not Available,2023-07-02 05:59:56,Escalated,,High
1932,44087,Customer Service,2025-04-25 13:28:50,Escalated,,Low
1933,47269,SIM Activation,2025-12-21 02:29:43,Closed,6,Critical
1934,5710,Refund Request,2025-06-29 04:55:07,Escalated,,High
1935,49790,Billing Dispute,2026-04-06 15:56:11,Resolved,1,Medium
1936,29195,Slow Internet,2024-10-09 06:20:50,Resolved,10,High
1937,44726,Network Issue,2025-09-28 09:49:44,Resolved,4,Medium
1938,14856,Wrong Plan Charged,2025-07-06 15:20:09,Closed,4,Critical
1939,19614,Signal Not Available,2023-07-10 14:28:32,In Progress,,Critical
1940,10577,Customer Service,2023-08-24 05:15:51,Resolved,4,Critical
1941,19955,Billing Dispute,2025-06-17 00:54:35,Closed,8,Low
1942,26086,Wrong Plan Charged,2024-08-28 03:07:57,Closed,10,High
1943,6748,Porting Issue,2024-09-01 06:50:19,Escalated,,Medium
1944,4330,Slow Internet,2023-05-19 22:22:14,Escalated,,High
1945,4578,Customer Service,2024-11-24 00:05:05,Closed,15,Low
1946,38007,Network Issue,2025-12-09 10:31:56,Escalated,,Low
1947,10055,Signal Not Available,2023-12-14 11:21:13,Escalated,,Medium
1948,49701,Signal Not Available,2025-06-16 18:12:06,Escalated,,Medium
1949,8849,Recharge Failure,2025-09-15 13:30:31,Open,,Critical
1950,7650,Billing Dispute,2024-03-18 22:00:28,Open,,Low
1951,21130,Network Issue,2026-06-19 11:42:38,Resolved,7,Critical
1952,19793,Network Issue,2024-08-27 09:36:41,Resolved,11,High
1953,38413,Customer Service,2025-04-04 19:31:36,Escalated,,Medium
1954,31970,SIM Activation,2023-03-20 08:35:28,Escalated,,High
1955,33056,SIM Activation,2024-09-01 16:56:49,Resolved,11,Critical
1956,26915,Data Not Working,2024-07-29 14:36:42,Open,,Critical
1957,17776,Recharge Failure,2024-01-08 06:55:54,Closed,14,High
1958,27470,Customer Service,2023-04-07 18:14:05,Open,,Critical
1959,48641,Customer Service,2026-02-17 20:15:05,In Progress,,Critical
1960,5542,Wrong Plan Charged,2024-02-21 08:47:08,In Progress,,Low
1961,43302,Data Not Working,2025-11-25 21:52:59,Resolved,7,Critical
1962,46756,Customer Service,2026-02-18 17:10:48,Closed,14,High
1963,9949,SIM Activation,2024-05-08 04:08:12,Open,,Critical
1964,5037,Call Drop,2024-01-03 07:38:24,Open,,Critical
1965,35140,Refund Request,2026-04-20 04:58:51,In Progress,,Low
1966,1467,Network Issue,2023-12-12 22:59:53,Closed,6,Medium
1967,27612,Wrong Plan Charged,2024-09-14 21:41:23,Resolved,1,Low
1968,5098,SIM Activation,2023-07-21 09:16:06,Escalated,,Low
1969,2078,Slow Internet,2023-02-27 05:06:59,In Progress,,Low
1970,2395,Recharge Failure,2025-02-06 12:06:15,Open,,Medium
1971,42911,Refund Request,2025-01-18 16:40:41,Open,,High
1972,8700,Signal Not Available,2023-12-13 14:28:22,Open,,Low
1973,8086,Signal Not Available,2025-03-16 06:03:35,Open,,Medium
1974,7723,Porting Issue,2024-10-13 14:44:34,Escalated,,Critical
1975,34504,Network Issue,2024-08-14 16:09:21,In Progress,,Critical
1976,16508,Recharge Failure,2023-09-19 11:55:00,Open,,Medium
1977,6777,Porting Issue,2025-11-06 12:55:36,In Progress,,Medium
1978,26999,Billing Dispute,2026-07-17 08:31:53,Open,,High
1979,21618,SIM Activation,2024-08-03 18:44:49,Escalated,,Medium
1980,43855,Slow Internet,2023-12-26 15:54:25,Open,,Medium
1981,15508,Billing Dispute,2024-01-18 18:08:51,Resolved,4,Medium
1982,42468,Data Not Working,2025-02-08 13:21:50,In Progress,,Low
1983,35188,Data Not Working,2024-12-30 00:48:51,Resolved,3,Medium
1984,7273,Porting Issue,2023-03-12 16:19:17,In Progress,,Low
1985,10396,Call Drop,2025-08-18 15:23:57,Closed,2,Medium
1986,41675,Wrong Plan Charged,2023-09-03 21:48:57,In Progress,,Medium
1987,19703,Customer Service,2025-03-10 06:02:54,Resolved,12,Medium
1988,3267,Wrong Plan Charged,2025-12-31 18:03:04,Resolved,13,Low
1989,10525,Data Not Working,2026-06-24 06:05:18,Resolved,4,High
1990,1061,Recharge Failure,2023-12-20 03:03:46,In Progress,,High
1991,49830,Customer Service,2025-02-18 15:49:38,Open,,Medium
1992,41591,SIM Activation,2024-08-15 11:30:20,Resolved,8,Critical
1993,36227,Customer Service,2024-01-01 07:26:07,In Progress,,Critical
1994,27138,Customer Service,2026-02-17 22:31:12,Resolved,14,High
1995,32270,Recharge Failure,2025-08-11 21:09:41,Closed,15,Low
1996,25481,Signal Not Available,2023-11-18 13:32:23,Open,,High
1997,19447,Call Drop,2023-09-02 16:28:26,In Progress,,Low
1998,8157,Recharge Failure,2024-04-23 12:34:13,In Progress,,High
1999,32349,Recharge Failure,2024-06-23 23:25:53,Open,,Low
2000,24362,Recharge Failure,2025-05-19 18:40:15,Closed,13,Low
2001,49169,Network Issue,2024-03-15 01:57:19,In Progress,,High
2002,40325,Call Drop,2025-07-11 15:18:42,Closed,4,High
2003,32506,Slow Internet,2023-08-01 16:00:36,Escalated,,Low
2004,34704,Refund Request,2025-10-12 11:27:42,Closed,7,Medium
2005,22993,Wrong Plan Charged,2025-04-14 23:50:20,Resolved,0,Critical
2006,26856,Wrong Plan Charged,2024-03-09 01:41:21,Open,,Medium
2007,7198,Customer Service,2023-05-24 19:30:01,Escalated,,Critical
2008,42227,Refund Request,2025-07-08 17:35:51,In Progress,,Critical
2009,41813,Network Issue,2026-01-04 05:46:19,In Progress,,High
2010,17671,Wrong Plan Charged,2025-12-07 01:25:08,In Progress,,Critical
2011,15039,Wrong Plan Charged,2024-08-03 23:30:14,In Progress,,Medium
2012,29812,Billing Dispute,2024-04-12 16:02:47,Closed,2,Critical
2013,10622,SIM Activation,2025-03-29 01:13:36,Closed,13,Critical
2014,5142,Signal Not Available,2023-10-23 08:58:52,Closed,6,High
2015,19183,Signal Not Available,2025-09-07 15:46:03,In Progress,,High
2016,22170,Signal Not Available,2023-04-14 18:42:53,Open,,Critical
2017,11960,Billing Dispute,2025-08-14 00:02:31,Open,,High
2018,25122,Slow Internet,2026-02-25 23:04:27,Resolved,7,High
2019,41723,Customer Service,2023-01-20 08:48:43,Open,,Medium
2020,33967,Signal Not Available,2023-12-12 22:21:11,Closed,8,Low
2021,35526,Refund Request,2025-02-08 10:54:16,Escalated,,Medium
2022,37079,Network Issue,2023-09-16 06:08:20,In Progress,,Low
2023,33275,Recharge Failure,2025-09-06 12:04:50,Escalated,,High
2024,31945,Porting Issue,2024-05-08 05:28:56,Resolved,12,High
2025,15636,SIM Activation,2025-06-18 10:49:29,Resolved,7,Low
2026,39697,Customer Service,2024-01-29 11:31:53,Resolved,3,Critical
2027,48310,Data Not Working,2025-05-23 12:24:23,Resolved,5,High
2028,9918,Customer Service,2023-01-26 22:57:26,In Progress,,Medium
2029,31742,Wrong Plan Charged,2024-03-27 01:52:28,Escalated,,Critical
2030,41017,Refund Request,2023-01-31 00:27:06,Resolved,1,Medium
2031,47552,Porting Issue,2023-04-30 20:27:46,Open,,Low
2032,43230,Refund Request,2026-03-01 15:16:11,Resolved,0,Low
2033,23733,Data Not Working,2024-11-21 07:31:03,Escalated,,High
2034,4184,Porting Issue,2023-04-28 01:48:43,Open,,Medium
2035,32643,Signal Not Available,2025-01-15 01:06:40,Escalated,,Medium
2036,23661,Recharge Failure,2023-01-26 03:39:28,Resolved,0,Critical
2037,28312,Data Not Working,2023-02-03 10:15:27,Open,,Low
2038,36166,Data Not Working,2024-07-25 15:42:10,Resolved,6,Low
2039,3766,Wrong Plan Charged,2026-06-29 12:54:57,Resolved,5,Critical
2040,45760,Billing Dispute,2026-05-20 07:48:48,Escalated,,High
2041,21590,SIM Activation,2023-06-24 17:28:44,Closed,3,Medium
2042,45293,Customer Service,2024-10-07 08:30:26,In Progress,,Medium
2043,34482,SIM Activation,2024-09-13 07:10:06,Closed,9,Medium
2044,33107,Data Not Working,2024-01-11 21:57:25,Open,,Critical
2045,4118,Data Not Working,2024-03-12 20:52:39,Closed,11,Low
2046,49937,Recharge Failure,2024-11-10 21:35:55,In Progress,,Medium
2047,36093,Call Drop,2024-06-22 04:36:22,Escalated,,Critical
2048,40714,Call Drop,2025-03-30 09:45:18,Escalated,,Medium
2049,40325,Refund Request,2026-02-27 17:01:03,Closed,9,Low
2050,23894,Billing Dispute,2024-04-28 09:04:55,Open,,Low
2051,6855,Recharge Failure,2023-11-02 15:13:38,Open,,Critical
2052,32319,Data Not Working,2024-11-25 04:13:08,Escalated,,Medium
2053,44785,Slow Internet,2024-07-02 06:21:46,Open,,Critical
2054,5474,Recharge Failure,2026-03-11 14:52:41,Escalated,,Medium
2055,27591,Customer Service,2023-08-10 04:04:41,Closed,12,Critical
2056,9830,Billing Dispute,2026-02-18 22:43:45,In Progress,,High
2057,8695,Data Not Working,2025-01-03 00:23:05,Closed,9,High
2058,19150,Porting Issue,2025-04-03 18:51:06,Resolved,6,Critical
2059,37405,Signal Not Available,2026-01-06 10:01:52,Open,,Critical
2060,13856,Billing Dispute,2025-12-14 16:14:38,Resolved,4,High
2061,36370,Customer Service,2025-08-20 06:03:45,Open,,Medium
2062,29602,Wrong Plan Charged,2025-06-02 14:09:33,Closed,10,Critical
2063,21116,Call Drop,2023-10-16 00:52:46,Open,,Medium
2064,780,Network Issue,2023-10-13 06:50:49,In Progress,,Low
2065,1561,Call Drop,2024-06-16 22:14:58,Closed,13,Medium
2066,205,Recharge Failure,2026-02-25 01:12:08,Resolved,12,Low
2067,12423,Network Issue,2026-03-03 22:50:39,In Progress,,High
2068,13929,Porting Issue,2023-11-05 00:41:40,Escalated,,Low
2069,4231,Wrong Plan Charged,2026-07-03 20:31:30,Open,,Critical
2070,43740,Billing Dispute,2024-02-22 17:17:24,Closed,2,Critical
2071,18483,Wrong Plan Charged,2025-06-12 00:52:19,Open,,Critical
2072,22369,Customer Service,2024-08-28 01:18:58,Resolved,2,High
2073,17770,Porting Issue,2025-04-19 17:46:52,Resolved,4,Medium
2074,7103,Call Drop,2026-03-17 05:45:03,Open,,Low
2075,33558,SIM Activation,2024-08-30 10:51:56,Resolved,4,Critical
2076,46147,Network Issue,2025-01-04 09:18:11,Closed,7,High
2077,40290,SIM Activation,2024-09-08 11:22:57,Open,,Low
2078,34092,Signal Not Available,2024-01-13 21:03:38,Open,,Low
2079,37400,Data Not Working,2025-04-24 14:04:10,Resolved,2,Low
2080,25737,Call Drop,2024-11-21 20:23:09,Escalated,,Medium
2081,26682,Billing Dispute,2024-10-22 16:29:03,Escalated,,Low
2082,3637,Wrong Plan Charged,2023-03-24 21:32:41,Closed,6,Critical
2083,13521,Slow Internet,2024-12-24 11:13:29,Resolved,8,Medium
2084,45618,Call Drop,2024-06-25 17:58:32,In Progress,,Low
2085,34716,Slow Internet,2025-12-21 01:40:19,Closed,1,Medium
2086,21701,SIM Activation,2026-02-11 21:42:14,Escalated,,Medium
2087,3870,Wrong Plan Charged,2023-09-05 11:55:25,Resolved,3,Critical
2088,22135,Billing Dispute,2024-06-18 17:45:12,Closed,8,Critical
2089,37766,Billing Dispute,2025-04-08 15:08:30,In Progress,,Low
2090,43526,Billing Dispute,2023-08-24 12:17:51,Resolved,3,Critical
2091,33290,Billing Dispute,2026-02-13 00:47:41,In Progress,,Low
2092,19048,SIM Activation,2024-11-28 01:12:25,Resolved,5,Low
2093,30484,Signal Not Available,2024-01-04 05:18:41,Closed,7,Low
2094,44044,Porting Issue,2023-04-05 15:15:38,Closed,4,Medium
2095,41064,Data Not Working,2023-02-10 12:08:26,In Progress,,Medium
2096,4027,Refund Request,2025-08-02 04:46:00,Escalated,,High
2097,46857,Wrong Plan Charged,2026-06-11 19:24:30,In Progress,,Critical
2098,8958,Wrong Plan Charged,2023-07-02 20:18:39,Resolved,15,Medium
2099,29738,SIM Activation,2025-11-03 12:03:13,Closed,2,Critical
2100,38186,Customer Service,2023-07-29 12:14:52,In Progress,,Low
2101,37807,Recharge Failure,2025-04-07 15:57:09,Closed,2,Critical
2102,10784,Wrong Plan Charged,2025-02-16 10:18:00,Closed,15,Medium
2103,15546,Wrong Plan Charged,2026-04-07 04:12:45,Resolved,10,Low
2104,27080,SIM Activation,2023-01-05 17:58:19,Open,,Critical
2105,14969,Data Not Working,2024-08-14 05:37:39,In Progress,,Medium
2106,37143,SIM Activation,2023-01-19 15:47:07,Escalated,,Low
2107,14012,Porting Issue,2026-01-05 01:43:08,Escalated,,Medium
2108,4486,Porting Issue,2023-12-09 21:19:15,Closed,9,Medium
2109,32772,Call Drop,2024-07-10 06:25:07,Closed,0,High
2110,24295,Recharge Failure,2024-01-23 13:55:07,Resolved,7,Medium
2111,17732,Data Not Working,2024-01-10 09:54:11,In Progress,,High
2112,39313,Recharge Failure,2023-05-15 20:53:05,In Progress,,High
2113,72,Billing Dispute,2026-02-11 15:22:30,Closed,14,Low
2114,22264,Signal Not Available,2025-07-03 10:38:59,In Progress,,Medium
2115,9964,Data Not Working,2024-05-01 20:04:33,Open,,Medium
2116,41068,Refund Request,2024-09-03 23:59:01,Closed,6,Low
2117,26191,Data Not Working,2026-02-26 15:08:24,In Progress,,High
2118,34350,Recharge Failure,2023-12-11 14:46:57,Closed,13,Critical
2119,19338,Porting Issue,2024-02-06 01:23:45,In Progress,,High
2120,2927,Billing Dispute,2024-10-29 04:25:58,Resolved,0,Critical
2121,30358,Customer Service,2024-05-16 03:24:57,Closed,9,Low
2122,24985,Slow Internet,2023-01-08 12:07:27,Resolved,1,Low
2123,6615,Customer Service,2025-05-13 07:43:47,Resolved,8,Low
2124,17438,Data Not Working,2026-03-08 05:54:03,In Progress,,Low
2125,32517,Porting Issue,2024-11-20 13:20:32,Open,,Low
2126,18143,Signal Not Available,2023-03-04 13:40:31,Open,,Critical
2127,23009,Wrong Plan Charged,2023-11-20 13:08:29,In Progress,,Medium
2128,17042,Customer Service,2025-07-17 04:31:05,Resolved,15,Medium
2129,49423,Wrong Plan Charged,2023-05-24 07:32:29,Open,,High
2130,11696,SIM Activation,2023-12-04 08:48:42,Open,,Low
2131,39609,Recharge Failure,2026-05-22 08:00:57,Closed,2,Critical
2132,18183,Refund Request,2024-05-31 09:21:38,In Progress,,Critical
2133,17808,Call Drop,2023-11-26 12:21:22,Open,,Low
2134,21041,Call Drop,2026-07-20 18:06:43,Closed,12,High
2135,28025,Refund Request,2024-02-08 09:55:15,Open,,Critical
2136,13764,Refund Request,2025-04-04 21:53:07,In Progress,,Medium
2137,18185,Slow Internet,2023-05-10 03:23:45,Open,,Medium
2138,2357,Slow Internet,2023-03-08 03:18:18,Escalated,,Critical
2139,46206,Customer Service,2023-10-15 21:32:50,Closed,2,Medium
2140,25151,Billing Dispute,2023-03-05 03:44:21,Escalated,,Medium
2141,40949,Recharge Failure,2024-11-02 10:52:57,Resolved,10,Low
2142,19759,Customer Service,2025-04-29 22:54:55,In Progress,,Low
2143,168,Network Issue,2025-11-18 11:54:56,Escalated,,Medium
2144,43947,Signal Not Available,2024-01-03 09:57:41,Resolved,7,Medium
2145,48477,Recharge Failure,2024-09-07 14:15:16,Resolved,7,High
2146,2529,Wrong Plan Charged,2025-10-03 08:00:15,Open,,Critical
2147,11457,SIM Activation,2025-05-29 06:50:57,Closed,5,Low
2148,700,SIM Activation,2023-08-17 05:15:17,Resolved,2,Low
2149,32216,Data Not Working,2026-04-17 18:02:28,Closed,8,Low
2150,36882,Network Issue,2025-05-30 03:41:31,In Progress,,Low
2151,14894,Porting Issue,2025-02-05 16:28:51,Open,,Critical
2152,16652,Recharge Failure,2024-10-15 16:17:18,Closed,11,Low
2153,35830,Customer Service,2024-11-17 06:22:22,In Progress,,Low
2154,24677,Refund Request,2023-01-09 07:28:10,Open,,High
2155,48769,Billing Dispute,2024-06-07 10:50:06,Resolved,11,Critical
2156,40407,Slow Internet,2023-08-20 03:20:54,Escalated,,High
2157,26674,Billing Dispute,2025-03-19 01:59:50,In Progress,,Critical
2158,20570,SIM Activation,2023-09-23 13:16:33,In Progress,,High
2159,21877,Refund Request,2023-05-16 08:58:07,Open,,Medium
2160,47313,Customer Service,2026-05-05 18:57:04,Escalated,,Medium
2161,37284,Signal Not Available,2023-07-01 01:21:19,Open,,Medium
2162,3451,Wrong Plan Charged,2026-05-14 10:01:28,Closed,11,Critical
2163,15573,Data Not Working,2023-11-22 02:51:10,Escalated,,Low
2164,46209,Signal Not Available,2023-09-08 10:33:40,Resolved,7,Low
2165,49514,Signal Not Available,2025-03-21 10:00:57,In Progress,,Low
2166,29532,Signal Not Available,2024-04-04 03:25:37,Closed,13,Critical
2167,33687,Wrong Plan Charged,2024-01-03 23:15:56,In Progress,,High
2168,32256,Billing Dispute,2026-05-13 15:54:39,Closed,4,Medium
2169,38488,Signal Not Available,2023-12-08 18:32:41,Closed,7,High
2170,40855,Refund Request,2025-02-24 19:09:17,Closed,3,Medium
2171,47387,Porting Issue,2023-04-19 13:58:42,In Progress,,Critical
2172,21722,Billing Dispute,2023-04-26 02:35:32,Open,,Low
2173,7237,Call Drop,2025-10-12 03:43:11,In Progress,,Critical
2174,13055,Refund Request,2026-01-20 05:09:02,Open,,High
2175,43789,Refund Request,2023-12-06 10:10:50,Closed,5,Low
2176,3079,Billing Dispute,2026-05-31 15:33:12,Resolved,13,High
2177,30325,Customer Service,2026-05-22 02:35:47,Resolved,2,Medium
2178,16893,Slow Internet,2026-07-15 10:25:24,Resolved,0,Medium
2179,46428,Recharge Failure,2025-08-28 10:48:24,Resolved,8,High
2180,9275,Recharge Failure,2024-11-21 15:19:05,Open,,Medium
2181,47445,Refund Request,2025-04-26 15:55:50,Escalated,,Medium
2182,7462,Billing Dispute,2023-08-22 00:24:36,Escalated,,High
2183,45267,Call Drop,2026-06-28 16:53:22,Open,,Medium
2184,41771,Porting Issue,2023-06-23 04:04:41,Resolved,9,Medium
2185,43687,Call Drop,2024-01-13 10:41:53,Escalated,,Low
2186,41599,Slow Internet,2025-04-14 04:20:26,Escalated,,Low
2187,38594,Wrong Plan Charged,2024-08-23 07:57:31,In Progress,,Critical
2188,31093,Billing Dispute,2024-09-03 08:52:28,In Progress,,High
2189,20895,Recharge Failure,2024-02-03 20:38:28,Closed,13,High
2190,22649,Billing Dispute,2025-06-18 12:31:32,Open,,High
2191,38169,Signal Not Available,2024-04-27 20:39:38,In Progress,,Low
2192,31228,Billing Dispute,2023-01-29 04:04:20,Resolved,5,Medium
2193,16037,Porting Issue,2023-10-02 04:42:54,Closed,2,Low
2194,38459,Signal Not Available,2026-01-30 19:38:01,In Progress,,Critical
2195,164,Customer Service,2025-03-04 01:43:07,Escalated,,High
2196,11698,Porting Issue,2023-12-29 14:50:56,Resolved,7,Critical
2197,40917,SIM Activation,2025-12-13 20:32:29,Closed,13,Critical
2198,29769,Customer Service,2024-10-13 20:57:41,Open,,Medium
2199,43622,Signal Not Available,2023-12-01 08:55:45,In Progress,,High
2200,18176,Refund Request,2023-08-13 07:52:10,Escalated,,High
2201,37159,Porting Issue,2024-04-08 21:20:29,Open,,Critical
2202,1417,Customer Service,2024-09-06 21:30:04,Closed,5,High
2203,32126,Refund Request,2023-10-15 06:51:58,Resolved,11,Low
2204,40187,Network Issue,2023-01-24 03:21:51,Open,,Medium
2205,3160,Data Not Working,2023-01-10 15:43:33,Open,,High
2206,8086,Data Not Working,2023-03-19 21:58:44,In Progress,,High
2207,37695,Customer Service,2023-03-05 22:05:54,Closed,6,Low
2208,10818,Call Drop,2025-08-18 05:16:23,Escalated,,High
2209,46758,Refund Request,2024-10-31 10:21:13,In Progress,,High
2210,23718,Billing Dispute,2025-10-11 14:10:47,Open,,Critical
2211,11742,SIM Activation,2023-09-27 14:05:51,Resolved,5,High
2212,30484,Customer Service,2024-08-22 10:22:08,In Progress,,Medium
2213,21381,SIM Activation,2023-10-13 02:53:39,In Progress,,Low
2214,38700,Slow Internet,2024-10-12 07:21:07,Resolved,0,Medium
2215,31438,Recharge Failure,2024-07-21 03:55:28,Escalated,,Critical
2216,3275,Call Drop,2023-04-25 05:47:41,Open,,High
2217,33375,Porting Issue,2024-03-30 06:26:07,Closed,6,High
2218,40540,Refund Request,2025-03-17 14:47:26,In Progress,,Medium
2219,39938,Data Not Working,2025-12-31 05:20:55,Resolved,13,Critical
2220,15889,Network Issue,2025-01-08 22:15:17,Escalated,,Critical
2221,8177,Data Not Working,2024-08-26 12:26:22,Open,,Medium
2222,17486,Data Not Working,2025-01-19 19:10:32,In Progress,,Medium
2223,18124,Signal Not Available,2025-03-16 08:32:31,Open,,Critical
2224,37170,Call Drop,2025-02-14 18:29:35,Open,,Low
2225,36882,SIM Activation,2023-11-16 19:21:14,In Progress,,Critical
2226,22958,Wrong Plan Charged,2023-08-13 10:52:24,Open,,Critical
2227,9059,Signal Not Available,2025-05-02 08:26:56,Open,,Medium
2228,959,Signal Not Available,2024-04-13 07:06:12,In Progress,,Low
2229,27512,Porting Issue,2024-07-15 16:03:25,Escalated,,High
2230,25743,SIM Activation,2024-01-06 21:52:33,Closed,5,High
2231,18899,Recharge Failure,2025-06-04 12:09:51,In Progress,,Medium
2232,6148,Porting Issue,2024-01-30 18:15:05,Resolved,2,High
2233,27613,Porting Issue,2024-08-13 09:30:07,Closed,8,Critical
2234,47075,Call Drop,2025-10-16 11:46:56,In Progress,,Low
2235,7870,Customer Service,2024-05-03 01:40:02,Closed,13,Medium
2236,25062,Customer Service,2023-06-06 03:15:00,Closed,8,Medium
2237,41594,Porting Issue,2024-09-04 16:35:04,Closed,5,High
2238,17043,Billing Dispute,2024-07-15 14:40:47,Closed,8,Critical
2239,16847,Data Not Working,2023-07-23 20:02:28,Escalated,,Low
2240,46918,Customer Service,2024-04-03 11:34:33,Closed,5,Medium
2241,3044,Data Not Working,2023-04-13 01:16:43,Escalated,,Critical
2242,22321,Slow Internet,2023-04-06 03:31:55,Open,,Medium
2243,22727,Signal Not Available,2024-08-30 01:13:17,Open,,Critical
2244,12292,Call Drop,2024-04-06 08:55:57,Escalated,,Critical
2245,13431,Refund Request,2024-10-13 20:54:41,Resolved,12,Medium
2246,24489,Call Drop,2024-08-09 15:43:30,Closed,14,Medium
2247,3625,Signal Not Available,2025-04-19 08:53:48,Escalated,,Medium
2248,49627,Recharge Failure,2023-12-04 11:41:07,Closed,9,Critical
2249,33259,Call Drop,2024-01-21 07:10:03,Closed,8,Medium
2250,25262,Signal Not Available,2026-02-27 03:47:00,Escalated,,Low
2251,47500,Slow Internet,2023-11-25 23:23:43,In Progress,,Medium
2252,13282,Data Not Working,2025-06-26 16:39:53,Resolved,1,Critical
2253,873,Recharge Failure,2025-02-01 14:41:26,Resolved,8,High
2254,3892,Customer Service,2024-03-29 14:41:51,Open,,Medium
2255,42504,Signal Not Available,2024-12-19 05:37:30,Escalated,,Low
2256,48403,Slow Internet,2024-11-28 20:08:36,In Progress,,High
2257,21620,SIM Activation,2026-02-18 17:33:23,Resolved,6,Low
2258,28722,Porting Issue,2025-02-03 03:56:46,Closed,0,Critical
2259,40974,Customer Service,2025-10-04 20:09:07,Open,,High
2260,6171,Refund Request,2024-10-04 07:15:32,Resolved,6,High
2261,23352,Wrong Plan Charged,2024-03-04 06:08:00,Closed,1,Critical
2262,33641,Signal Not Available,2026-01-25 17:42:06,Open,,Critical
2263,42420,SIM Activation,2023-03-06 11:08:37,Open,,Low
2264,35283,Wrong Plan Charged,2024-09-05 07:50:15,Open,,High
2265,17778,Network Issue,2024-07-11 01:32:05,Open,,Low
2266,13314,Data Not Working,2024-06-28 15:43:23,In Progress,,Critical
2267,34144,Wrong Plan Charged,2026-01-13 18:39:51,Escalated,,Medium
2268,12594,SIM Activation,2023-05-28 20:51:35,Open,,High
2269,41334,Wrong Plan Charged,2026-01-07 11:14:22,Closed,1,High
2270,22823,Billing Dispute,2023-10-11 02:26:33,Open,,Critical
2271,19402,Data Not Working,2026-05-04 00:19:00,Resolved,12,Low
2272,30400,Signal Not Available,2025-10-26 12:19:59,Escalated,,Critical
2273,7771,Slow Internet,2024-07-22 14:35:52,In Progress,,High
2274,25545,Customer Service,2025-01-08 05:20:04,Closed,15,Low
2275,6943,Customer Service,2023-01-06 06:06:55,Closed,2,Medium
2276,37356,Call Drop,2024-03-18 05:32:51,In Progress,,Critical
2277,5683,Slow Internet,2025-12-26 04:42:47,Closed,5,Low
2278,36480,Signal Not Available,2024-09-05 15:07:34,Closed,4,Medium
2279,30112,Slow Internet,2024-03-15 07:55:54,In Progress,,Critical
2280,49082,Data Not Working,2026-06-03 17:46:35,In Progress,,Critical
2281,30899,Network Issue,2025-05-15 05:38:46,Open,,Critical
2282,10222,Billing Dispute,2026-02-22 13:02:05,Escalated,,Critical
2283,18344,Customer Service,2025-12-31 17:15:47,Escalated,,High
2284,26943,Wrong Plan Charged,2024-01-24 13:55:19,In Progress,,Critical
2285,19984,Signal Not Available,2025-10-14 16:59:38,Escalated,,Medium
2286,2452,Customer Service,2025-12-29 04:30:14,Escalated,,Medium
2287,17790,Billing Dispute,2024-02-19 04:28:21,Escalated,,High
2288,45230,Recharge Failure,2023-09-28 00:48:52,Open,,Low
2289,31566,Customer Service,2026-01-02 04:04:02,In Progress,,Low
2290,38420,SIM Activation,2025-01-27 03:22:18,Resolved,12,Critical
2291,2180,Slow Internet,2023-12-31 12:14:43,In Progress,,High
2292,37005,Recharge Failure,2025-02-22 13:33:20,Escalated,,High
2293,48446,Slow Internet,2025-11-07 01:08:24,Open,,High
2294,1611,Porting Issue,2024-06-28 23:26:18,Closed,10,Low
2295,21625,Network Issue,2024-09-02 17:14:17,Escalated,,High
2296,17536,Wrong Plan Charged,2023-07-21 10:16:10,Escalated,,High
2297,25509,Porting Issue,2023-10-27 14:34:52,Escalated,,Critical
2298,8915,Wrong Plan Charged,2024-10-13 16:03:03,Escalated,,Low
2299,11039,SIM Activation,2024-02-24 17:33:11,Resolved,12,High
2300,11615,Data Not Working,2023-08-11 01:52:31,Open,,Low
2301,11018,Data Not Working,2024-11-20 08:34:02,Resolved,4,Medium
2302,49014,Call Drop,2025-12-13 10:33:00,Closed,12,High
2303,30952,Call Drop,2025-10-26 03:20:01,Escalated,,High
2304,7764,Call Drop,2023-03-06 10:27:22,Resolved,15,Critical
2305,46577,Wrong Plan Charged,2025-08-11 11:52:37,Resolved,14,Critical
2306,27942,Slow Internet,2025-06-30 18:49:25,In Progress,,High
2307,33042,Call Drop,2024-08-30 19:04:42,Open,,High
2308,39122,Data Not Working,2025-04-07 20:15:33,In Progress,,Critical
2309,29997,SIM Activation,2026-07-20 07:17:35,Escalated,,Medium
2310,1185,Customer Service,2025-04-26 20:38:31,Open,,Low
2311,41949,Slow Internet,2026-06-06 11:07:43,Closed,8,High
2312,15998,Call Drop,2023-05-23 20:26:16,In Progress,,Low
2313,8235,SIM Activation,2025-01-12 04:35:15,Escalated,,Low
2314,11551,Slow Internet,2024-05-23 04:32:34,In Progress,,Medium
2315,1267,Recharge Failure,2023-04-06 03:16:39,Resolved,1,Low
2316,30885,Billing Dispute,2023-02-24 09:23:41,Resolved,15,Medium
2317,18951,Slow Internet,2024-02-16 16:04:49,Closed,3,Low
2318,41161,Data Not Working,2025-12-20 10:04:53,In Progress,,Critical
2319,27972,Network Issue,2023-06-16 04:33:28,In Progress,,Critical
2320,10802,Slow Internet,2025-08-10 08:52:31,Escalated,,Medium
2321,24076,Call Drop,2025-05-17 15:01:34,Escalated,,High
2322,48227,Network Issue,2026-03-21 07:12:35,Escalated,,Low
2323,28232,Billing Dispute,2024-10-09 02:40:12,Closed,4,Critical
2324,3334,Customer Service,2024-04-27 08:03:09,Open,,Medium
2325,41232,Customer Service,2023-06-12 00:18:13,In Progress,,Critical
2326,5704,Porting Issue,2024-04-15 06:01:46,In Progress,,Medium
2327,33051,Call Drop,2025-12-01 04:19:56,Resolved,1,Critical
2328,14772,Customer Service,2025-07-10 01:55:08,Open,,Critical
2329,17881,Porting Issue,2023-07-08 15:29:06,Open,,High
2330,43665,Signal Not Available,2024-07-24 01:06:36,Resolved,15,High
2331,1047,Slow Internet,2025-12-20 21:00:37,Resolved,3,Medium
2332,8856,Wrong Plan Charged,2023-03-19 22:11:32,Escalated,,Low
2333,18458,Data Not Working,2023-03-04 02:48:42,Escalated,,Critical
2334,17514,Wrong Plan Charged,2024-10-30 12:01:24,In Progress,,Low
2335,38787,Data Not Working,2023-03-18 05:49:28,Escalated,,Medium
2336,32890,Customer Service,2023-09-29 15:51:25,Open,,High
2337,23756,Signal Not Available,2023-12-08 01:58:50,In Progress,,Low
2338,36802,Billing Dispute,2023-08-31 07:51:47,Open,,Low
2339,13076,Porting Issue,2023-09-30 03:22:29,Closed,7,Medium
2340,24789,Refund Request,2025-03-19 11:52:54,Open,,Medium
2341,26338,Billing Dispute,2024-04-10 14:40:21,Escalated,,Critical
2342,16159,Refund Request,2023-07-12 19:05:14,Escalated,,Low
2343,48213,Porting Issue,2026-01-29 09:47:05,Resolved,9,Medium
2344,30627,Customer Service,2025-07-24 00:09:08,Resolved,4,Low
2345,33569,Customer Service,2023-04-26 07:51:34,Open,,High
2346,7875,Recharge Failure,2023-10-10 16:25:37,Closed,11,High
2347,23417,Wrong Plan Charged,2024-11-20 01:18:25,In Progress,,Medium
2348,48157,Data Not Working,2024-05-27 02:48:40,Escalated,,High
2349,26788,SIM Activation,2026-04-01 05:04:11,Open,,Critical
2350,22180,Billing Dispute,2023-12-20 06:52:45,Resolved,7,Medium
2351,44261,Billing Dispute,2025-09-04 12:01:08,Open,,Medium
2352,45338,Network Issue,2023-09-19 19:10:50,Resolved,14,Medium
2353,27825,Slow Internet,2025-08-25 03:26:30,Escalated,,High
2354,27309,Recharge Failure,2023-12-06 18:40:44,Open,,Critical
2355,7672,Data Not Working,2024-05-29 15:34:00,Open,,Medium
2356,42018,Data Not Working,2023-10-22 20:53:52,Escalated,,Low
2357,33968,Slow Internet,2025-02-17 13:24:14,Resolved,1,High
2358,43346,Refund Request,2025-07-24 21:42:15,Escalated,,Low
2359,45555,Call Drop,2024-01-05 18:29:02,In Progress,,Low
2360,12854,Signal Not Available,2023-07-27 14:44:10,Closed,3,Medium
2361,24945,Network Issue,2023-03-19 13:54:39,In Progress,,Critical
2362,8527,Refund Request,2026-01-08 06:21:01,Resolved,12,Low
2363,46219,Recharge Failure,2023-03-16 15:59:07,Closed,15,Low
2364,19720,Data Not Working,2024-05-22 19:57:49,Escalated,,Low
2365,45975,Data Not Working,2023-07-14 17:26:09,Open,,Medium
2366,23328,Network Issue,2025-10-22 19:29:15,In Progress,,Medium
2367,49609,Data Not Working,2023-06-18 12:46:10,Open,,Critical
2368,43402,Refund Request,2026-06-04 10:43:14,Closed,11,Low
2369,30378,Refund Request,2024-09-12 00:07:48,Closed,2,Critical
2370,20569,Refund Request,2025-11-11 10:12:18,Resolved,8,High
2371,8425,Customer Service,2025-04-03 18:17:15,Escalated,,Critical
2372,27267,Wrong Plan Charged,2026-01-21 11:03:37,Escalated,,Low
2373,49494,Wrong Plan Charged,2024-05-22 18:52:21,Escalated,,Medium
2374,7380,Signal Not Available,2024-03-08 00:49:44,In Progress,,High
2375,33459,Porting Issue,2025-02-16 15:15:58,Resolved,14,Critical
2376,41957,SIM Activation,2025-06-01 07:31:15,Open,,Medium
2377,2155,Signal Not Available,2024-09-30 01:31:55,Resolved,13,High
2378,21590,Network Issue,2024-04-29 15:40:13,Closed,15,High
2379,5255,Refund Request,2024-02-17 21:08:51,Resolved,3,Critical
2380,212,Signal Not Available,2023-04-22 23:27:58,In Progress,,Critical
2381,31492,Data Not Working,2024-02-20 18:24:23,Escalated,,Low
2382,35790,SIM Activation,2026-07-20 00:02:39,Resolved,6,Critical
2383,20555,Network Issue,2024-11-07 18:16:34,Open,,Critical
2384,34829,Data Not Working,2025-08-19 23:11:05,Resolved,4,High
2385,19893,Customer Service,2023-02-18 11:02:16,Escalated,,Low
2386,30140,Billing Dispute,2023-12-26 22:00:39,Open,,Low
2387,17805,Wrong Plan Charged,2026-06-23 06:39:25,Open,,High
2388,23406,Customer Service,2024-11-23 23:57:54,In Progress,,Medium
2389,36355,Data Not Working,2023-08-17 11:37:35,Resolved,12,Medium
2390,29892,Data Not Working,2023-09-29 12:35:34,Resolved,15,Medium
2391,12455,Signal Not Available,2024-11-06 12:05:27,Open,,Critical
2392,26773,Data Not Working,2024-11-01 00:04:11,Resolved,7,High
2393,23907,Data Not Working,2023-10-30 20:06:43,Closed,6,Critical
2394,16624,Data Not Working,2025-11-10 13:29:34,Resolved,14,High
2395,1362,Billing Dispute,2026-04-28 10:35:34,Escalated,,High
2396,16978,Data Not Working,2026-06-12 05:07:04,Escalated,,Critical
2397,44503,Wrong Plan Charged,2025-12-30 11:54:34,In Progress,,Critical
2398,2855,Porting Issue,2025-07-05 22:50:48,Resolved,1,High
2399,21067,Porting Issue,2025-10-01 02:42:36,Closed,0,High
2400,42575,Signal Not Available,2025-02-28 07:51:37,In Progress,,High
2401,49141,Billing Dispute,2023-09-28 10:05:34,Closed,15,Critical
2402,5141,Billing Dispute,2024-08-29 09:34:41,In Progress,,High
2403,31047,SIM Activation,2023-07-20 12:59:27,Open,,Medium
2404,3509,Signal Not Available,2023-09-27 11:45:13,Closed,14,Medium
2405,43357,Network Issue,2024-08-21 00:19:52,Closed,13,Critical
2406,43011,Slow Internet,2025-09-21 18:03:35,Closed,12,High
2407,46098,Network Issue,2023-10-25 06:58:20,Resolved,15,Low
2408,22705,Wrong Plan Charged,2023-06-09 17:14:22,Resolved,5,Low
2409,25605,Recharge Failure,2026-06-22 21:17:50,Resolved,2,Critical
2410,25912,Billing Dispute,2024-10-03 09:40:26,Closed,7,High
2411,41516,Wrong Plan Charged,2025-12-18 23:28:37,Closed,13,High
2412,27943,Data Not Working,2025-11-30 05:10:38,Open,,Low
2413,22125,Data Not Working,2025-04-07 15:52:11,Open,,Critical
2414,44349,Porting Issue,2024-04-15 21:06:20,Open,,High
2415,44302,Billing Dispute,2023-10-13 07:43:08,In Progress,,High
2416,34902,Refund Request,2025-05-12 22:54:33,Open,,High
2417,10256,Billing Dispute,2026-04-13 19:27:47,Closed,6,Low
2418,3312,Slow Internet,2025-04-22 16:10:58,Open,,Low
2419,9716,Signal Not Available,2023-03-07 16:10:23,In Progress,,Medium
2420,4751,SIM Activation,2024-03-30 16:03:35,In Progress,,High
2421,12088,Customer Service,2024-10-06 09:42:17,Closed,7,Medium
2422,40948,Data Not Working,2025-09-23 12:39:42,Open,,Critical
2423,32664,Slow Internet,2023-11-30 23:57:23,Escalated,,High
2424,48683,Porting Issue,2024-08-24 11:41:52,In Progress,,High
2425,22969,Wrong Plan Charged,2023-02-23 20:07:16,Open,,Low
2426,3332,Wrong Plan Charged,2024-01-28 22:45:12,Resolved,5,Critical
2427,12146,Signal Not Available,2026-06-07 09:20:32,Open,,High
2428,42712,Billing Dispute,2025-03-10 22:45:40,Closed,5,Low
2429,1042,Customer Service,2026-03-18 09:51:00,Escalated,,Low
2430,19822,Billing Dispute,2024-04-02 23:08:21,In Progress,,Critical
2431,16806,Refund Request,2025-12-12 17:45:01,Escalated,,High
2432,29154,Data Not Working,2025-10-22 08:25:11,Escalated,,Low
2433,43828,Network Issue,2023-05-18 02:52:13,In Progress,,Low
2434,47914,SIM Activation,2026-05-08 08:27:19,Resolved,0,Medium
2435,33265,Wrong Plan Charged,2023-07-26 05:39:51,In Progress,,Critical
2436,10756,Porting Issue,2025-11-21 19:16:30,In Progress,,High
2437,7311,Network Issue,2024-10-31 20:12:06,Open,,Critical
2438,18159,Porting Issue,2024-01-05 09:53:48,Closed,7,High
2439,23291,SIM Activation,2025-09-20 06:10:45,In Progress,,Critical
2440,26529,SIM Activation,2025-04-03 18:29:34,Resolved,12,Critical
2441,4198,SIM Activation,2023-02-14 23:12:32,Open,,Critical
2442,2659,Billing Dispute,2024-04-04 21:51:50,In Progress,,High
2443,3260,Refund Request,2023-11-10 09:59:07,Open,,High
2444,15161,Signal Not Available,2024-04-09 02:38:54,Closed,12,Low
2445,5957,Customer Service,2025-08-13 00:46:11,Closed,5,Medium
2446,48658,Porting Issue,2024-03-05 15:08:20,In Progress,,High
2447,24261,Signal Not Available,2023-05-07 05:06:30,In Progress,,Medium
2448,787,Recharge Failure,2026-06-15 11:58:24,Resolved,6,Critical
2449,41455,Wrong Plan Charged,2024-02-12 19:13:42,In Progress,,Medium
2450,36308,Slow Internet,2026-02-02 12:10:26,Closed,13,Medium
2451,28434,Call Drop,2025-07-05 15:02:02,Escalated,,Medium
2452,8432,Call Drop,2025-12-19 22:24:23,Open,,Low
2453,10793,Wrong Plan Charged,2025-06-18 20:27:23,Resolved,15,Critical
2454,44846,Slow Internet,2026-03-28 11:52:38,Resolved,10,High
2455,33457,SIM Activation,2023-11-07 07:11:59,Resolved,15,High
2456,7336,Wrong Plan Charged,2026-05-19 20:10:30,In Progress,,High
2457,8623,Refund Request,2024-01-29 03:39:29,Escalated,,Medium
2458,4746,Billing Dispute,2023-08-16 23:39:37,In Progress,,Low
2459,13595,Network Issue,2025-10-31 21:37:23,Escalated,,Low
2460,18749,Call Drop,2024-05-06 16:40:55,Escalated,,Critical
2461,33239,Customer Service,2025-10-08 11:43:58,Escalated,,High
2462,41305,Data Not Working,2023-06-13 04:03:38,Resolved,0,Medium
2463,5048,Call Drop,2023-08-22 23:41:45,Closed,5,High
2464,23832,Recharge Failure,2026-01-10 12:48:20,In Progress,,Medium
2465,43104,SIM Activation,2023-06-17 13:13:26,Escalated,,Medium
2466,25905,Refund Request,2025-11-21 12:01:31,Resolved,13,High
2467,1445,Wrong Plan Charged,2024-05-17 10:50:13,Resolved,12,High
2468,47891,Signal Not Available,2026-04-13 17:10:27,Open,,Low
2469,28467,Slow Internet,2023-10-09 08:03:43,Escalated,,Critical
2470,22788,Billing Dispute,2025-03-07 15:32:41,Open,,Critical
2471,40734,Data Not Working,2024-05-04 02:58:12,Resolved,5,Critical
2472,33432,Porting Issue,2024-08-01 13:30:47,Resolved,10,Critical
2473,14809,SIM Activation,2023-04-26 22:07:59,In Progress,,Medium
2474,44768,Porting Issue,2023-12-01 17:23:06,In Progress,,Critical
2475,30400,Customer Service,2024-01-17 20:00:49,Escalated,,Medium
2476,25886,Recharge Failure,2024-07-21 14:54:25,Closed,6,High
2477,28890,Customer Service,2023-09-26 10:52:36,Escalated,,Critical
2478,35670,Wrong Plan Charged,2025-01-15 00:55:09,In Progress,,High
2479,18167,Data Not Working,2025-03-14 17:59:03,Open,,Low
2480,27232,SIM Activation,2024-01-28 04:53:54,Escalated,,Critical
2481,18258,Billing Dispute,2023-03-11 14:23:12,Closed,5,Low
2482,29652,Signal Not Available,2024-01-05 01:25:35,Open,,Critical
2483,22669,Recharge Failure,2024-07-09 06:05:31,Resolved,11,Critical
2484,27944,Call Drop,2024-10-06 03:36:45,Escalated,,Low
2485,10045,Recharge Failure,2026-07-14 19:46:15,Open,,Low
2486,35339,Customer Service,2025-05-02 09:16:26,In Progress,,Critical
2487,29092,Recharge Failure,2024-09-11 16:04:24,Escalated,,Low
2488,9727,Slow Internet,2023-07-10 10:37:50,Closed,4,Medium
2489,16095,Signal Not Available,2024-09-05 13:26:57,In Progress,,Low
2490,38460,Porting Issue,2025-01-15 16:29:37,Open,,Critical
2491,48540,Call Drop,2025-02-25 03:00:37,Closed,0,High
2492,44717,Signal Not Available,2024-03-24 10:00:46,Closed,6,Medium
2493,33210,Slow Internet,2024-10-05 20:52:50,In Progress,,Critical
2494,13438,Slow Internet,2024-03-27 04:32:10,Open,,Critical
2495,43695,Recharge Failure,2024-10-20 18:40:09,Escalated,,Critical
2496,5497,Porting Issue,2023-08-16 11:39:41,Closed,0,Critical
2497,21739,Recharge Failure,2026-07-21 14:20:29,Escalated,,Critical
2498,15482,Data Not Working,2023-07-28 10:58:31,Open,,Low
2499,21031,Recharge Failure,2023-11-14 00:14:00,Escalated,,Critical
2500,5476,Refund Request,2023-11-06 19:47:59,Closed,13,Critical
2501,30286,Data Not Working,2024-07-08 10:36:16,Closed,0,Low
2502,22996,Billing Dispute,2024-11-15 09:41:26,Closed,8,Medium
2503,32310,Network Issue,2025-10-16 14:29:40,Closed,6,Low
2504,7103,SIM Activation,2026-06-10 20:05:44,Open,,Low
2505,36656,Slow Internet,2024-06-03 23:37:54,Closed,6,High
2506,23947,Call Drop,2023-12-24 04:56:36,Closed,12,High
2507,4279,Signal Not Available,2025-06-24 19:44:55,Open,,Critical
2508,45638,Network Issue,2026-03-07 16:03:23,Escalated,,High
2509,35348,Slow Internet,2023-02-10 23:09:31,Escalated,,Low
2510,6634,Wrong Plan Charged,2023-12-21 13:28:00,Open,,Low
2511,21655,Recharge Failure,2023-05-19 18:28:19,Escalated,,High
2512,41977,Refund Request,2025-12-31 13:01:53,In Progress,,Low
2513,19029,Customer Service,2026-04-25 14:03:32,Closed,10,Medium
2514,3658,Refund Request,2026-03-08 18:30:31,Open,,Low
2515,48096,Customer Service,2023-04-06 18:14:30,Escalated,,Critical
2516,1983,SIM Activation,2024-02-19 06:13:42,In Progress,,Medium
2517,19006,Customer Service,2025-04-08 19:52:16,Escalated,,Critical
2518,6037,Customer Service,2023-02-10 17:32:36,In Progress,,Low
2519,27707,Network Issue,2026-01-30 18:13:56,Closed,11,Critical
2520,17093,Recharge Failure,2024-10-03 15:37:15,In Progress,,Low
2521,12437,Data Not Working,2026-06-22 16:38:00,Closed,8,Medium
2522,4245,Billing Dispute,2024-10-01 08:29:03,Open,,Critical
2523,18700,Refund Request,2024-05-07 05:00:27,Escalated,,Medium
2524,22871,Signal Not Available,2023-09-17 08:37:46,Open,,High
2525,22803,Slow Internet,2023-07-21 21:07:25,Escalated,,High
2526,21142,Recharge Failure,2024-06-19 13:09:06,Escalated,,Low
2527,12075,Refund Request,2023-08-12 05:41:16,Closed,14,Low
2528,18161,Data Not Working,2026-05-09 16:32:25,Escalated,,High
2529,15503,Call Drop,2026-06-02 01:30:53,Closed,12,Critical
2530,8643,SIM Activation,2024-12-29 23:27:39,In Progress,,Critical
2531,48166,Wrong Plan Charged,2023-04-14 08:33:17,In Progress,,Medium
2532,22215,Customer Service,2025-07-25 11:53:43,In Progress,,Low
2533,7427,Refund Request,2023-01-12 17:41:37,Closed,3,High
2534,42283,Billing Dispute,2024-11-01 20:18:44,Resolved,8,Critical
2535,5953,Customer Service,2025-08-27 21:45:54,In Progress,,High
2536,15670,Billing Dispute,2025-10-30 22:55:10,Open,,Low
2537,34260,Slow Internet,2024-08-02 23:30:05,Closed,13,Critical
2538,45813,Customer Service,2023-02-04 05:29:33,In Progress,,Medium
2539,7072,Recharge Failure,2025-01-10 08:49:00,Open,,Low
2540,41762,Refund Request,2023-02-28 07:25:25,Open,,Low
2541,26287,Network Issue,2023-10-27 13:39:00,In Progress,,Low
2542,8813,Customer Service,2023-08-18 15:13:46,In Progress,,Medium
2543,4723,Slow Internet,2023-09-12 11:43:51,Escalated,,Low
2544,23025,SIM Activation,2024-06-23 23:32:19,In Progress,,Critical
2545,12459,Signal Not Available,2023-11-06 23:09:47,Resolved,3,Critical
2546,3605,Data Not Working,2024-02-26 00:21:50,Resolved,10,High
2547,2971,Customer Service,2025-01-16 18:12:06,Resolved,12,High
2548,2420,Porting Issue,2024-01-26 02:17:41,In Progress,,High
2549,36963,Billing Dispute,2024-09-16 23:09:47,Resolved,2,High
2550,27676,Refund Request,2025-07-15 14:55:11,Resolved,1,Critical
2551,42593,Signal Not Available,2024-02-02 02:20:45,Open,,Low
2552,13119,SIM Activation,2024-08-04 07:58:14,Closed,2,Low
2553,23805,Data Not Working,2025-09-20 23:26:38,Closed,3,Low
2554,45649,Billing Dispute,2025-09-26 09:48:47,Escalated,,Low
2555,12345,Porting Issue,2024-09-24 13:14:16,Escalated,,Low
2556,48092,Network Issue,2024-09-20 21:12:16,In Progress,,Critical
2557,41994,Slow Internet,2024-09-30 10:07:26,Escalated,,Low
2558,22668,Call Drop,2023-08-19 00:50:33,In Progress,,Critical
2559,15784,Network Issue,2026-06-08 18:35:11,Resolved,2,Critical
2560,40125,SIM Activation,2025-08-04 02:56:57,Resolved,6,Low
2561,7957,Porting Issue,2024-12-06 03:39:24,Resolved,15,Medium
2562,28566,Slow Internet,2025-05-17 13:11:05,Open,,Critical
2563,31936,Signal Not Available,2025-12-07 14:45:21,Open,,Critical
2564,32392,SIM Activation,2024-04-10 10:47:03,Escalated,,Critical
2565,29025,Billing Dispute,2025-05-23 19:53:30,Open,,Critical
2566,49315,Customer Service,2026-01-29 05:25:46,Open,,Medium
2567,41089,Billing Dispute,2024-07-13 22:02:58,Resolved,9,High
2568,9559,Network Issue,2025-05-19 04:51:58,Resolved,3,Critical
2569,25775,Refund Request,2025-02-24 16:50:16,In Progress,,Low
2570,35898,Customer Service,2023-04-20 15:26:02,Open,,Critical
2571,706,Refund Request,2026-04-07 17:00:00,Escalated,,Low
2572,46654,Porting Issue,2025-08-01 17:46:28,In Progress,,Medium
2573,8268,Porting Issue,2025-07-31 09:37:36,Escalated,,Medium
2574,43608,SIM Activation,2025-04-26 21:48:39,Escalated,,Medium
2575,26206,Wrong Plan Charged,2023-04-25 03:03:42,Escalated,,High
2576,46899,Slow Internet,2023-04-08 21:07:15,In Progress,,Critical
2577,48725,Slow Internet,2026-01-24 05:49:10,Escalated,,Critical
2578,2054,Customer Service,2024-02-06 10:46:18,Closed,5,Low
2579,22659,Data Not Working,2026-02-18 20:09:04,In Progress,,Medium
2580,32658,SIM Activation,2025-10-26 22:45:54,Open,,Medium
2581,28138,Recharge Failure,2023-05-20 01:51:46,Open,,High
2582,35565,Signal Not Available,2024-08-09 09:25:11,Resolved,8,Medium
2583,30800,SIM Activation,2024-01-13 00:48:10,In Progress,,High
2584,30282,Network Issue,2025-01-10 18:36:22,In Progress,,High
2585,2840,Call Drop,2024-11-15 10:02:01,Escalated,,Low
2586,36775,Customer Service,2024-06-06 06:17:14,Closed,8,Medium
2587,11442,Wrong Plan Charged,2024-09-11 13:42:14,In Progress,,Critical
2588,45135,Refund Request,2026-07-12 23:08:25,In Progress,,High
2589,1610,Signal Not Available,2023-11-27 10:41:29,Open,,Critical
2590,40293,Recharge Failure,2024-10-26 13:33:21,Resolved,4,High
2591,39009,Billing Dispute,2025-11-08 12:30:35,Escalated,,Low
2592,43593,Refund Request,2025-08-02 22:28:46,Escalated,,Medium
2593,43359,Signal Not Available,2023-09-18 04:45:04,Resolved,8,Critical
2594,36867,Slow Internet,2023-04-04 19:45:08,Closed,7,Medium
2595,11707,Customer Service,2023-03-19 08:46:51,Closed,0,Medium
2596,13436,Network Issue,2025-12-05 01:35:58,Open,,Low
2597,2911,Recharge Failure,2023-10-16 12:47:24,In Progress,,Critical
2598,29093,Signal Not Available,2025-12-02 10:44:04,Escalated,,Critical
2599,27906,Porting Issue,2025-11-20 11:47:01,Escalated,,Critical
2600,16214,Porting Issue,2023-03-31 02:03:52,Closed,0,Critical
2601,24838,Call Drop,2025-02-14 23:43:50,In Progress,,Low
2602,7564,Recharge Failure,2023-03-21 09:30:45,Resolved,8,Low
2603,18406,Network Issue,2025-02-15 11:07:14,Escalated,,Low
2604,2756,Signal Not Available,2023-07-19 22:58:13,Closed,4,Critical
2605,37406,Billing Dispute,2025-02-05 07:02:11,Resolved,15,High
2606,48006,Recharge Failure,2023-01-01 08:00:03,Escalated,,Medium
2607,28808,Billing Dispute,2026-01-09 08:41:25,Closed,6,Medium
2608,20218,Billing Dispute,2024-04-20 20:05:12,Resolved,14,High
2609,28179,Data Not Working,2024-02-26 16:32:18,Escalated,,Low
2610,6211,Call Drop,2026-05-30 01:26:37,Resolved,0,Medium
2611,36280,Billing Dispute,2025-03-07 04:32:17,In Progress,,Critical
2612,33466,SIM Activation,2024-02-29 08:38:24,Escalated,,Low
2613,45313,Porting Issue,2026-05-27 13:53:33,Escalated,,High
2614,37560,Porting Issue,2024-11-29 01:29:08,Closed,14,High
2615,28337,Refund Request,2025-03-03 14:15:38,Open,,Critical
2616,520,Porting Issue,2026-05-15 18:47:15,Escalated,,Medium
2617,13036,Data Not Working,2023-08-26 17:54:26,In Progress,,Low
2618,12700,Signal Not Available,2023-02-19 04:29:54,Escalated,,Low
2619,44326,Recharge Failure,2024-12-13 03:09:42,Resolved,10,Critical
2620,1938,Recharge Failure,2023-01-25 11:46:44,In Progress,,Medium
2621,5395,Refund Request,2026-02-08 18:06:07,In Progress,,Low
2622,583,Slow Internet,2023-03-10 04:45:36,Open,,Critical
2623,8559,Network Issue,2025-10-25 22:56:36,Escalated,,High
2624,16084,Wrong Plan Charged,2026-04-27 06:51:49,Escalated,,Critical
2625,40257,Call Drop,2024-09-17 21:26:00,Closed,13,Critical
2626,27612,Data Not Working,2023-04-06 20:35:19,Open,,Medium
2627,31710,Wrong Plan Charged,2025-02-08 03:50:05,Closed,9,Medium
2628,18260,Recharge Failure,2025-08-15 07:31:11,In Progress,,Medium
2629,7453,Call Drop,2026-02-09 08:56:15,In Progress,,Critical
2630,29654,Customer Service,2023-03-08 02:48:03,Open,,Medium
2631,43294,Call Drop,2023-04-12 17:14:18,Resolved,2,Critical
2632,47609,Call Drop,2025-05-18 18:25:46,Resolved,4,Low
2633,40357,Recharge Failure,2024-10-17 15:41:18,Closed,3,Critical
2634,24792,Call Drop,2025-09-11 04:51:04,Resolved,3,Low
2635,6131,Slow Internet,2024-11-01 05:45:44,In Progress,,Low
2636,15309,Call Drop,2025-05-30 08:45:27,Open,,High
2637,49426,Refund Request,2023-07-22 01:43:17,Escalated,,Low
2638,19760,Network Issue,2025-08-20 03:41:17,Open,,Critical
2639,31864,Billing Dispute,2023-02-13 04:57:56,Closed,13,Critical
2640,43794,Billing Dispute,2023-11-14 23:38:39,Open,,Critical
2641,19997,Slow Internet,2024-08-21 03:41:18,Open,,Low
2642,18922,Refund Request,2025-04-28 04:24:54,In Progress,,Critical
2643,21624,Porting Issue,2025-06-10 18:21:45,Resolved,5,Medium
2644,33850,Slow Internet,2025-01-02 21:29:05,Open,,High
2645,19891,Refund Request,2024-09-27 13:19:11,Escalated,,Low
2646,22349,Slow Internet,2025-11-11 20:45:51,Resolved,4,Critical
2647,31931,SIM Activation,2023-09-29 06:49:47,Open,,Critical
2648,31489,SIM Activation,2026-05-15 23:26:28,Open,,High
2649,9977,Data Not Working,2024-02-24 07:37:48,Closed,10,Critical
2650,10214,Billing Dispute,2025-06-26 23:24:29,Closed,1,Low
2651,21728,Recharge Failure,2024-05-30 03:58:05,Resolved,14,Low
2652,45348,Porting Issue,2025-05-20 04:50:58,Escalated,,Low
2653,31253,Call Drop,2023-10-24 23:39:42,In Progress,,Low
2654,18404,SIM Activation,2026-05-31 16:53:29,In Progress,,Medium
2655,45886,Customer Service,2023-01-11 13:33:35,Resolved,15,Critical
2656,39475,Recharge Failure,2025-04-22 01:14:48,Open,,Critical
2657,21759,SIM Activation,2026-07-28 06:53:25,Closed,6,High
2658,5770,SIM Activation,2025-10-19 21:43:42,Escalated,,Medium
2659,48895,Slow Internet,2024-09-22 12:16:10,Resolved,12,High
2660,47745,Customer Service,2023-01-23 16:47:47,Open,,High
2661,20829,Wrong Plan Charged,2023-11-12 06:06:32,Closed,7,High
2662,2266,Signal Not Available,2026-03-03 15:26:37,Closed,6,High
2663,49289,Customer Service,2023-11-26 16:26:17,Escalated,,Critical
2664,33980,Recharge Failure,2026-04-05 14:00:50,In Progress,,Critical
2665,8843,Refund Request,2025-09-28 03:34:12,Resolved,8,Critical
2666,41247,SIM Activation,2025-07-29 02:00:40,Resolved,8,Low
2667,24296,Slow Internet,2025-08-14 15:51:22,Open,,High
2668,22804,Wrong Plan Charged,2026-02-15 14:13:09,Escalated,,High
2669,1309,Network Issue,2025-06-19 01:46:37,Resolved,8,High
2670,20711,Customer Service,2024-07-03 09:11:23,Closed,0,Critical
2671,49250,Recharge Failure,2025-12-20 13:52:03,Escalated,,Medium
2672,13310,Porting Issue,2023-06-30 05:22:49,Escalated,,Low
2673,20416,Porting Issue,2026-04-28 16:08:13,Closed,8,Low
2674,40416,Signal Not Available,2025-11-01 16:59:55,Open,,Low
2675,47996,Porting Issue,2025-08-05 08:07:03,In Progress,,High
2676,43155,Recharge Failure,2023-05-18 13:57:52,In Progress,,Low
2677,21558,Wrong Plan Charged,2024-03-11 16:28:53,Closed,12,High
2678,15835,Porting Issue,2024-01-28 13:43:37,Closed,6,High
2679,17628,SIM Activation,2025-08-27 15:28:50,Escalated,,High
2680,36096,Call Drop,2024-05-20 00:53:11,Closed,12,Critical
2681,13185,Data Not Working,2025-10-04 19:22:21,Closed,0,Low
2682,45238,Billing Dispute,2023-01-29 06:44:16,Open,,Low
2683,24142,Call Drop,2024-04-09 13:43:40,Closed,12,High
2684,43082,Customer Service,2025-01-07 21:39:06,Escalated,,Low
2685,13904,Recharge Failure,2023-01-13 09:39:57,Escalated,,High
2686,37661,Customer Service,2024-01-11 15:42:33,Resolved,5,High
2687,21188,Signal Not Available,2023-11-02 05:27:35,In Progress,,Medium
2688,41124,Slow Internet,2023-06-17 10:25:10,In Progress,,Low
2689,46772,SIM Activation,2023-06-12 23:19:26,Resolved,7,Critical
2690,4389,Wrong Plan Charged,2025-10-02 05:58:38,Closed,9,High
2691,24552,Data Not Working,2023-07-18 13:03:15,Closed,6,Critical
2692,17223,Porting Issue,2026-04-03 12:03:02,Resolved,6,Low
2693,14324,Wrong Plan Charged,2023-03-20 02:27:56,Escalated,,Low
2694,49665,Porting Issue,2026-01-18 11:30:08,Closed,7,Critical
2695,32907,Billing Dispute,2025-05-20 20:25:51,Open,,Critical
2696,21999,Call Drop,2023-11-16 10:02:42,Resolved,1,High
2697,30961,Data Not Working,2023-10-18 07:40:55,In Progress,,High
2698,15883,Porting Issue,2025-03-02 23:27:01,Open,,Critical
2699,34580,Signal Not Available,2025-05-18 18:20:19,Escalated,,Medium
2700,15544,SIM Activation,2023-10-01 02:55:57,Resolved,12,High
2701,47194,Call Drop,2023-06-05 21:42:22,Resolved,6,High
2702,30952,Slow Internet,2023-12-27 10:16:46,In Progress,,Critical
2703,15922,Porting Issue,2024-01-03 07:08:09,In Progress,,High
2704,26707,Porting Issue,2025-12-03 11:50:23,In Progress,,Low
2705,26118,Data Not Working,2026-04-03 11:16:31,Escalated,,Low
2706,36581,Wrong Plan Charged,2023-04-01 18:32:29,Open,,High
2707,39314,Slow Internet,2025-05-18 08:16:43,Resolved,5,Low
2708,17884,Network Issue,2023-11-18 09:53:54,Closed,7,Low
2709,1118,Refund Request,2025-02-19 22:31:42,In Progress,,Medium
2710,33998,Data Not Working,2023-02-04 08:20:41,Closed,2,Critical
2711,28345,SIM Activation,2026-03-22 08:55:59,Open,,Low
2712,44908,Recharge Failure,2024-11-15 17:28:18,Open,,High
2713,24486,Wrong Plan Charged,2023-11-24 22:57:48,Closed,8,Critical
2714,14014,Porting Issue,2024-10-11 08:13:09,Resolved,13,Low
2715,32137,SIM Activation,2025-07-20 23:34:38,Closed,4,Low
2716,42370,Customer Service,2024-09-27 09:22:59,In Progress,,Low
2717,1146,Refund Request,2023-02-07 19:38:30,Closed,11,Critical
2718,14817,Call Drop,2024-04-21 06:53:09,Closed,9,Low
2719,4170,Slow Internet,2025-06-29 07:31:19,Resolved,1,High
2720,29058,Slow Internet,2025-01-21 08:19:55,Closed,1,Low
2721,9418,Recharge Failure,2024-03-07 04:01:00,Open,,High
2722,18992,Slow Internet,2024-04-08 02:09:23,Open,,Low
2723,409,Wrong Plan Charged,2025-04-24 20:52:46,In Progress,,High
2724,10341,Signal Not Available,2023-08-20 14:17:28,In Progress,,Low
2725,37716,Signal Not Available,2025-06-22 12:09:54,Closed,6,Critical
2726,46672,Billing Dispute,2025-09-12 01:35:01,In Progress,,Critical
2727,23552,Slow Internet,2026-02-08 19:14:02,Resolved,13,Medium
2728,17138,Refund Request,2025-12-03 23:14:35,Resolved,9,Low
2729,9154,Porting Issue,2026-03-29 07:00:47,Resolved,4,Critical
2730,466,Slow Internet,2026-04-30 02:37:43,Closed,6,Medium
2731,5975,Call Drop,2024-06-24 16:52:34,Escalated,,Medium
2732,39542,SIM Activation,2023-09-10 09:27:34,Escalated,,High
2733,14638,Data Not Working,2023-06-05 00:46:09,Escalated,,Critical
2734,46337,Billing Dispute,2024-01-24 14:38:20,Resolved,2,Critical
2735,3513,Signal Not Available,2024-07-04 05:45:37,Open,,Critical
2736,27134,Slow Internet,2023-06-28 04:08:04,Escalated,,Critical
2737,47553,Signal Not Available,2024-06-23 05:17:18,Escalated,,Critical
2738,41790,Recharge Failure,2024-01-17 19:15:17,Resolved,6,Medium
2739,48426,SIM Activation,2025-04-23 05:31:31,In Progress,,Critical
2740,33871,Wrong Plan Charged,2026-06-02 07:48:24,Escalated,,High
2741,7734,Recharge Failure,2024-10-28 23:24:35,Resolved,4,Critical
2742,22356,Signal Not Available,2025-05-08 07:09:14,Resolved,12,Critical
2743,11515,Call Drop,2025-03-15 08:16:29,Resolved,3,High
2744,31511,Call Drop,2026-03-09 02:48:56,In Progress,,Low
2745,22510,Data Not Working,2024-09-17 04:42:20,In Progress,,Low
2746,15824,Recharge Failure,2023-10-16 02:22:14,Open,,Medium
2747,38008,Billing Dispute,2025-08-30 19:22:26,Closed,2,Critical
2748,48497,Signal Not Available,2025-03-30 23:53:42,Escalated,,Medium
2749,47930,Signal Not Available,2025-11-14 21:41:20,In Progress,,High
2750,21080,Refund Request,2024-10-15 07:08:40,In Progress,,Medium
2751,18570,Refund Request,2023-01-02 09:22:12,Escalated,,Critical
2752,19210,Refund Request,2026-02-21 16:07:14,Open,,High
2753,13185,Network Issue,2026-04-26 14:41:47,Resolved,15,Critical
2754,16292,Network Issue,2024-07-15 08:25:54,In Progress,,Critical
2755,32389,Billing Dispute,2023-07-03 13:08:13,Open,,High
2756,26386,Network Issue,2023-08-22 14:54:34,Resolved,4,Low
2757,16104,Slow Internet,2025-02-01 21:11:11,Escalated,,Medium
2758,45809,Network Issue,2024-08-11 12:13:08,Closed,10,Medium
2759,24035,Signal Not Available,2025-03-07 00:52:14,Open,,High
2760,15101,Wrong Plan Charged,2023-07-11 09:03:33,Open,,Medium
2761,18223,Slow Internet,2024-08-20 13:13:26,Open,,Low
2762,7780,Wrong Plan Charged,2026-03-28 18:22:47,Open,,Medium
2763,22574,Signal Not Available,2025-03-01 14:58:08,Escalated,,Critical
2764,38894,Recharge Failure,2024-01-04 21:48:25,Escalated,,Medium
2765,33305,Refund Request,2026-07-23 19:08:33,Resolved,7,Medium
2766,37408,Data Not Working,2024-10-04 23:25:25,Escalated,,High
2767,17783,Recharge Failure,2024-10-13 08:59:00,Resolved,12,Low
2768,42114,Slow Internet,2024-12-06 07:40:43,Open,,Low
2769,11706,Signal Not Available,2024-02-12 19:47:13,Open,,Low
2770,18405,Slow Internet,2023-08-04 04:27:01,In Progress,,Low
2771,8248,Wrong Plan Charged,2024-01-19 23:02:37,Escalated,,Low
2772,9647,Call Drop,2023-05-19 14:58:42,In Progress,,Low
2773,46601,Network Issue,2026-01-22 12:12:21,In Progress,,Medium
2774,30870,Call Drop,2025-07-26 17:55:20,Closed,8,Critical
2775,8372,Refund Request,2023-08-27 21:45:55,Closed,15,High
2776,22338,Refund Request,2023-05-16 19:21:49,Closed,0,High
2777,19177,Call Drop,2025-04-03 08:24:49,Closed,15,Low
2778,4378,Refund Request,2023-01-29 00:19:59,Open,,High
2779,13061,Refund Request,2023-03-15 09:54:27,In Progress,,Critical
2780,19395,Recharge Failure,2026-01-08 23:05:33,Closed,10,Medium
2781,29079,Recharge Failure,2023-01-11 19:20:01,Closed,14,Critical
2782,5049,SIM Activation,2025-11-15 19:07:23,Escalated,,Critical
2783,21952,Refund Request,2026-04-11 20:53:06,In Progress,,Medium
2784,3177,Customer Service,2025-08-03 04:35:16,Escalated,,Medium
2785,27205,Data Not Working,2024-02-29 21:29:00,Closed,3,Critical
2786,43278,Refund Request,2025-08-29 22:45:13,Open,,Low
2787,5140,SIM Activation,2024-08-30 16:29:11,Resolved,9,Low
2788,43603,SIM Activation,2024-10-11 11:13:09,Escalated,,Critical
2789,381,Call Drop,2024-04-13 07:14:15,Escalated,,High
2790,13708,Network Issue,2023-05-20 09:17:36,Escalated,,Low
2791,8336,Wrong Plan Charged,2025-02-19 20:31:12,In Progress,,Medium
2792,41849,Signal Not Available,2025-08-26 14:05:52,Closed,1,High
2793,27857,Customer Service,2025-03-26 01:30:38,Escalated,,High
2794,25686,Signal Not Available,2026-03-27 05:11:54,Escalated,,Medium
2795,6280,Data Not Working,2025-09-06 15:29:42,Closed,10,Critical
2796,31596,Billing Dispute,2025-10-08 23:30:48,In Progress,,Critical
2797,34985,SIM Activation,2026-06-10 22:45:05,Closed,4,Critical
2798,18453,Network Issue,2025-11-29 00:45:31,In Progress,,Low
2799,36930,Wrong Plan Charged,2024-06-01 03:49:16,Escalated,,Medium
2800,19426,Billing Dispute,2025-07-31 18:00:51,In Progress,,Critical
2801,33320,Recharge Failure,2024-10-03 10:15:15,Escalated,,Critical
2802,40830,Porting Issue,2024-12-02 08:56:34,In Progress,,Medium
2803,21737,Data Not Working,2025-07-26 22:03:31,Closed,12,Medium
2804,11001,Customer Service,2024-10-26 11:06:58,Open,,Low
2805,19948,Recharge Failure,2025-02-24 01:19:08,Resolved,11,Critical
2806,17427,Customer Service,2026-03-05 16:37:05,Resolved,15,High
2807,5541,Call Drop,2024-05-11 16:32:53,Open,,Medium
2808,21148,Porting Issue,2023-11-24 20:36:13,Open,,Low
2809,22801,Recharge Failure,2024-02-03 21:04:17,Escalated,,Medium
2810,18347,Billing Dispute,2025-05-21 14:31:31,Open,,Critical
2811,10653,Customer Service,2023-04-23 06:17:41,Resolved,13,Critical
2812,43358,Data Not Working,2025-07-17 09:35:44,Escalated,,High
2813,14958,Data Not Working,2023-08-11 23:06:07,Closed,3,Critical
2814,42656,Billing Dispute,2023-09-14 07:32:57,Closed,2,Medium
2815,21546,SIM Activation,2025-06-23 16:55:17,Open,,Low
2816,12631,Customer Service,2025-10-06 10:57:32,Closed,7,Low
2817,18350,Recharge Failure,2023-10-11 17:59:28,Escalated,,High
2818,35322,Network Issue,2024-09-16 01:13:53,Escalated,,High
2819,12707,Slow Internet,2025-06-14 02:21:34,Resolved,15,Critical
2820,8886,Network Issue,2023-07-14 20:11:25,In Progress,,High
2821,40907,Network Issue,2023-12-08 22:40:14,In Progress,,High
2822,16768,Billing Dispute,2023-09-18 02:23:17,Closed,13,Critical
2823,41511,Slow Internet,2025-06-02 16:26:06,In Progress,,Critical
2824,22941,Wrong Plan Charged,2024-12-11 08:30:03,Closed,5,High
2825,40161,Wrong Plan Charged,2024-06-22 08:27:42,Resolved,6,High
2826,684,Signal Not Available,2026-06-29 08:05:16,In Progress,,Low
2827,25274,Call Drop,2026-06-06 11:05:08,Resolved,8,Medium
2828,4135,Refund Request,2025-04-15 11:23:15,In Progress,,Critical
2829,47926,Data Not Working,2026-07-07 04:53:44,In Progress,,Critical
2830,39418,Signal Not Available,2025-07-14 15:01:23,Closed,12,Critical
2831,20171,Data Not Working,2023-06-25 17:30:05,Closed,9,High
2832,1177,Porting Issue,2023-07-30 22:56:09,Resolved,6,High
2833,9971,SIM Activation,2026-04-03 17:13:47,Open,,High
2834,14532,Data Not Working,2025-03-06 18:17:44,Resolved,12,High
2835,44146,Customer Service,2025-03-14 13:34:24,Open,,High
2836,14627,Customer Service,2026-07-18 00:53:19,Resolved,15,Low
2837,6306,Customer Service,2026-07-02 05:46:05,Open,,High
2838,17269,Wrong Plan Charged,2023-10-04 11:35:26,Resolved,11,Critical
2839,40961,Refund Request,2025-05-28 00:56:02,In Progress,,Low
2840,22938,Wrong Plan Charged,2026-01-28 02:24:55,Resolved,9,Low
2841,17609,Recharge Failure,2023-09-12 08:46:20,In Progress,,Critical
2842,31783,Slow Internet,2023-06-28 13:01:15,In Progress,,Critical
2843,419,Signal Not Available,2025-03-12 09:05:21,Escalated,,Medium
2844,30873,Network Issue,2025-05-03 03:10:53,In Progress,,Medium
2845,3157,Signal Not Available,2026-03-04 21:46:43,In Progress,,Low
2846,37011,Porting Issue,2025-06-06 19:04:08,Resolved,3,Medium
2847,16019,Customer Service,2025-11-07 22:37:11,Open,,Medium
2848,9002,Slow Internet,2024-02-09 21:59:40,Escalated,,Medium
2849,40027,Call Drop,2023-06-13 23:18:13,In Progress,,High
2850,37430,Recharge Failure,2024-03-20 18:24:14,Escalated,,Low
2851,18015,Billing Dispute,2023-04-02 21:11:31,Resolved,1,Medium
2852,521,Signal Not Available,2023-01-11 11:07:43,Escalated,,Medium
2853,38474,Slow Internet,2024-07-31 13:48:32,Open,,Medium
2854,44218,Customer Service,2023-09-16 14:47:56,Escalated,,Low
2855,7278,Porting Issue,2025-09-13 22:13:36,In Progress,,High
2856,10210,Call Drop,2026-06-25 02:46:00,In Progress,,High
2857,63,Billing Dispute,2026-05-12 03:00:29,In Progress,,Medium
2858,26182,Billing Dispute,2025-11-05 12:38:25,In Progress,,High
2859,47229,Wrong Plan Charged,2024-10-29 18:01:33,In Progress,,Critical
2860,44293,Slow Internet,2023-09-03 11:24:23,Resolved,9,Low
2861,26825,Porting Issue,2023-07-26 13:50:19,Resolved,7,High
2862,19062,Porting Issue,2023-06-01 21:14:48,Escalated,,Low
2863,5358,Data Not Working,2023-10-24 04:20:54,Escalated,,Low
2864,49955,Wrong Plan Charged,2024-05-15 09:47:55,Resolved,7,Medium
2865,3234,Call Drop,2026-06-19 01:15:38,In Progress,,High
2866,31106,Billing Dispute,2024-12-24 18:46:48,Closed,3,Low
2867,38178,Customer Service,2026-02-14 08:30:46,In Progress,,High
2868,23545,Recharge Failure,2023-05-01 08:17:48,Open,,High
2869,28317,Call Drop,2025-01-20 16:50:20,Resolved,6,Low
2870,10704,Slow Internet,2023-11-20 16:49:31,Open,,Critical
2871,10658,Billing Dispute,2025-10-06 04:47:51,Closed,15,Critical
2872,2106,Billing Dispute,2025-06-30 12:45:12,Open,,High
2873,16809,Data Not Working,2023-05-10 03:33:08,Open,,High
2874,25088,SIM Activation,2026-01-11 01:27:00,Resolved,7,High
2875,45557,Call Drop,2023-05-19 06:28:58,In Progress,,High
2876,35191,Recharge Failure,2024-12-13 07:34:44,In Progress,,Medium
2877,16374,Slow Internet,2025-05-13 17:30:46,Open,,Medium
2878,15382,Network Issue,2024-02-15 11:39:32,Closed,7,Critical
2879,11750,Billing Dispute,2025-01-03 21:01:47,Closed,13,High
2880,48977,Recharge Failure,2025-08-31 09:27:40,Closed,4,Critical
2881,4265,Wrong Plan Charged,2023-08-21 05:16:18,Open,,Medium
2882,2511,Wrong Plan Charged,2025-10-06 19:09:50,Open,,Medium
2883,30365,Recharge Failure,2023-05-10 09:02:06,In Progress,,Critical
2884,7362,Network Issue,2023-03-15 17:25:06,Escalated,,High
2885,6917,Wrong Plan Charged,2024-01-18 01:30:08,Resolved,10,Low
2886,47814,Customer Service,2025-09-29 00:13:11,In Progress,,Critical
2887,13231,Billing Dispute,2025-02-16 16:09:53,Resolved,4,High
2888,22708,Signal Not Available,2025-06-08 22:05:16,Escalated,,Low
2889,47883,Customer Service,2023-03-12 14:00:59,Escalated,,Medium
2890,18909,SIM Activation,2024-06-19 23:20:53,Escalated,,High
2891,24152,Slow Internet,2025-12-01 08:29:10,In Progress,,Medium
2892,3185,Billing Dispute,2025-05-15 18:02:50,Escalated,,High
2893,1769,Recharge Failure,2026-04-29 15:30:46,Resolved,11,Medium
2894,39892,Data Not Working,2023-05-21 19:41:19,In Progress,,High
2895,48638,Network Issue,2024-06-04 09:27:33,Escalated,,Critical
2896,40306,Signal Not Available,2026-07-11 02:05:20,Open,,Low
2897,42074,Call Drop,2023-05-17 19:09:13,Resolved,5,Medium
2898,16805,Slow Internet,2024-06-15 05:35:24,In Progress,,Low
2899,49074,Signal Not Available,2026-04-07 02:39:24,In Progress,,Low
2900,43463,Slow Internet,2024-03-07 10:21:12,In Progress,,Low
2901,26215,Signal Not Available,2023-10-13 00:20:28,In Progress,,Medium
2902,16590,Recharge Failure,2025-10-27 03:20:09,Closed,1,Low
2903,43358,Recharge Failure,2023-03-17 01:01:50,Open,,Low
2904,8006,Customer Service,2025-11-20 16:48:14,Escalated,,High
2905,8939,Data Not Working,2026-07-05 14:23:29,Escalated,,Critical
2906,36192,Call Drop,2023-12-15 22:39:57,In Progress,,Low
2907,9183,Customer Service,2023-06-12 04:06:09,Resolved,6,Medium
2908,42662,Porting Issue,2025-06-26 16:52:33,Closed,7,Critical
2909,30097,Porting Issue,2024-06-15 02:48:53,Escalated,,High
2910,9234,Billing Dispute,2023-08-16 13:12:01,Closed,8,Low
2911,13452,Slow Internet,2026-04-15 09:10:08,In Progress,,Critical
2912,31405,Recharge Failure,2025-12-21 13:04:31,Open,,Medium
2913,15128,Data Not Working,2026-04-28 07:03:47,Escalated,,Critical
2914,46933,Network Issue,2026-05-03 23:24:33,Escalated,,Medium
2915,10664,SIM Activation,2024-08-22 14:48:24,Open,,Medium
2916,26377,Billing Dispute,2023-03-19 21:24:29,Open,,Low
2917,467,Data Not Working,2025-02-12 02:41:50,Open,,Low
2918,48278,Slow Internet,2023-07-12 22:12:55,Open,,Low
2919,15575,Recharge Failure,2023-04-16 23:52:43,Open,,Critical
2920,5393,Porting Issue,2025-11-21 16:15:09,Resolved,8,Low
2921,39489,Call Drop,2024-10-09 03:23:31,Closed,2,Medium
2922,16667,Porting Issue,2026-04-01 17:32:16,Escalated,,High
2923,29643,Customer Service,2024-10-23 13:35:38,Closed,13,High
2924,6811,Network Issue,2024-08-08 03:14:53,In Progress,,Critical
2925,5289,SIM Activation,2026-04-16 09:02:24,Resolved,7,Low
2926,16560,Data Not Working,2024-12-30 04:11:46,Open,,Critical
2927,32566,Customer Service,2025-10-01 06:51:33,Closed,15,Critical
2928,35842,Call Drop,2024-10-21 11:03:49,Open,,High
2929,15395,Billing Dispute,2026-05-31 16:02:29,Open,,High
2930,1518,Refund Request,2024-03-01 23:40:49,Open,,Medium
2931,39182,Signal Not Available,2023-12-20 10:48:49,Escalated,,Critical
2932,18009,Customer Service,2023-06-25 08:09:27,Resolved,13,High
2933,8375,Data Not Working,2025-04-10 22:16:35,Resolved,10,Medium
2934,31654,Slow Internet,2025-01-17 17:03:36,Escalated,,Critical
2935,22767,Network Issue,2024-08-06 00:00:45,Resolved,12,Medium
2936,27800,Wrong Plan Charged,2025-05-18 12:37:27,Open,,Low
2937,8189,Customer Service,2024-12-28 12:04:00,Resolved,10,High
2938,28,Network Issue,2025-11-08 01:46:10,Resolved,8,Low
2939,22555,Recharge Failure,2026-06-29 15:34:15,Open,,Critical
2940,44482,Slow Internet,2023-06-03 19:02:35,Open,,Low
2941,35529,Porting Issue,2025-10-31 22:06:06,Open,,Low
2942,30158,Data Not Working,2025-06-17 02:45:29,Open,,Low
2943,14032,Wrong Plan Charged,2023-02-22 23:09:46,Open,,Critical
2944,8274,Data Not Working,2023-08-26 00:28:27,Closed,5,High
2945,5778,Network Issue,2024-01-08 20:46:59,Escalated,,Critical
2946,48602,Network Issue,2024-02-26 10:24:40,Escalated,,Critical
2947,49725,Slow Internet,2025-01-17 00:51:48,In Progress,,Critical
2948,23288,Customer Service,2025-03-25 03:49:37,Closed,7,High
2949,37763,Slow Internet,2026-07-09 12:25:59,Resolved,14,Medium
2950,32966,Wrong Plan Charged,2023-07-11 17:41:46,In Progress,,High
2951,43625,Wrong Plan Charged,2024-10-20 20:57:13,In Progress,,Low
2952,2324,Refund Request,2025-06-26 13:18:54,Open,,Low
2953,23436,Slow Internet,2023-08-13 21:28:09,Open,,Low
2954,7394,Data Not Working,2023-04-08 16:52:05,Closed,13,High
2955,5257,Data Not Working,2026-03-03 23:18:54,Escalated,,Low
2956,15653,Porting Issue,2024-04-25 17:52:43,Open,,Critical
2957,827,Porting Issue,2025-11-10 15:26:05,Escalated,,Medium
2958,25379,Recharge Failure,2023-01-29 18:37:29,Resolved,8,Medium
2959,36719,Recharge Failure,2024-04-21 07:37:00,Escalated,,Medium
2960,7478,Customer Service,2025-05-12 23:16:04,Closed,13,Low
2961,25256,Signal Not Available,2025-11-07 17:04:09,Closed,10,Critical
2962,45746,Wrong Plan Charged,2024-05-12 11:14:00,Resolved,8,Critical
2963,15660,Network Issue,2025-05-11 22:56:16,Open,,Critical
2964,49178,Customer Service,2023-08-20 12:04:59,Closed,15,Medium
2965,48114,Signal Not Available,2023-03-08 16:43:40,Escalated,,Medium
2966,42887,Recharge Failure,2023-07-06 07:34:46,Open,,Medium
2967,31852,Porting Issue,2024-04-11 09:40:35,In Progress,,Low
2968,38824,Signal Not Available,2024-12-29 07:09:14,Escalated,,Medium
2969,36763,Call Drop,2024-04-23 21:31:56,Open,,Critical
2970,11332,Call Drop,2024-01-08 23:17:09,Open,,Low
2971,36002,SIM Activation,2024-05-04 17:08:10,Escalated,,Low
2972,37485,Customer Service,2025-03-04 17:22:33,Escalated,,Medium
2973,42142,Signal Not Available,2023-07-17 07:07:02,Closed,0,Critical
2974,33222,Slow Internet,2026-02-23 22:06:07,Open,,High
2975,34749,Wrong Plan Charged,2025-05-31 22:15:44,Open,,Critical
2976,17524,Call Drop,2023-06-16 13:05:40,Escalated,,High
2977,27677,Customer Service,2025-03-28 22:23:05,Resolved,5,High
2978,31130,Billing Dispute,2024-03-29 09:43:24,Open,,Critical
2979,39700,Recharge Failure,2023-09-29 18:44:59,Closed,11,Low
2980,25659,SIM Activation,2024-04-30 20:43:37,In Progress,,Low
2981,35521,Call Drop,2025-09-23 00:56:01,Resolved,9,Critical
2982,13196,Data Not Working,2025-11-12 14:25:06,Escalated,,Medium
2983,41006,Wrong Plan Charged,2025-06-04 16:38:00,Closed,1,Critical
2984,3726,Billing Dispute,2023-12-18 11:44:26,Resolved,3,Medium
2985,14802,Refund Request,2025-03-12 16:49:26,Escalated,,High
2986,10432,Porting Issue,2024-10-05 04:08:41,Resolved,1,Critical
2987,32784,Data Not Working,2024-03-04 04:17:49,Open,,Medium
2988,32281,Customer Service,2023-01-10 12:17:03,In Progress,,Low
2989,13632,Porting Issue,2023-02-19 20:31:02,Closed,7,Low
2990,33183,Recharge Failure,2023-02-09 08:48:24,Open,,Medium
2991,39223,Network Issue,2026-04-28 01:20:01,Resolved,7,Medium
2992,27297,SIM Activation,2023-01-07 03:38:55,Escalated,,Low
2993,39304,Signal Not Available,2025-09-16 15:49:05,Escalated,,Medium
2994,17808,Recharge Failure,2026-01-23 12:59:43,Open,,Medium
2995,20045,Recharge Failure,2026-07-02 09:00:24,Escalated,,Low
2996,22778,Call Drop,2025-11-28 06:22:59,Resolved,15,Low
2997,42606,Billing Dispute,2023-06-14 11:09:45,In Progress,,Low
2998,5974,Recharge Failure,2023-05-18 17:50:43,Closed,0,Critical
2999,20725,SIM Activation,2025-05-06 09:04:40,Escalated,,Low
3000,16501,Porting Issue,2024-11-26 11:42:27,Resolved,2,Medium
3001,16673,Customer Service,2024-03-21 12:20:51,Open,,Low
3002,15883,Slow Internet,2023-12-23 10:36:53,Resolved,4,Critical
3003,7880,Recharge Failure,2024-02-20 22:48:09,In Progress,,Critical
3004,32946,Call Drop,2025-03-28 10:44:41,Closed,3,Low
3005,22628,Data Not Working,2023-04-05 17:26:54,Resolved,3,Critical
3006,46367,Wrong Plan Charged,2025-09-29 15:38:45,Escalated,,Low
3007,28765,Refund Request,2024-10-28 07:08:19,Escalated,,Critical
3008,33276,Recharge Failure,2024-09-21 12:15:25,Resolved,4,Medium
3009,3061,Slow Internet,2024-05-05 00:23:07,Open,,Medium
3010,26229,Signal Not Available,2026-07-24 15:56:54,In Progress,,Critical
3011,46942,Recharge Failure,2023-02-05 22:13:18,Open,,Medium
3012,45022,Network Issue,2023-04-17 09:51:57,Closed,13,Medium
3013,33789,Call Drop,2025-03-21 02:53:51,Escalated,,High
3014,7284,Network Issue,2024-07-02 05:30:51,Resolved,4,High
3015,6338,Signal Not Available,2023-09-27 12:44:34,Escalated,,Critical
3016,2072,Call Drop,2026-04-23 10:31:31,Escalated,,Critical
3017,15152,Network Issue,2023-09-08 22:24:15,Open,,Low
3018,24226,Data Not Working,2025-08-15 13:20:15,Closed,2,Critical
3019,17358,Billing Dispute,2024-01-26 17:26:16,In Progress,,Low
3020,11507,Signal Not Available,2023-03-29 13:38:13,Escalated,,Medium
3021,15571,Signal Not Available,2023-02-01 16:06:26,In Progress,,High
3022,13916,Call Drop,2025-02-05 13:23:19,Closed,14,Critical
3023,42122,SIM Activation,2025-02-16 03:40:50,In Progress,,Low
3024,34639,Wrong Plan Charged,2023-11-03 02:18:58,Closed,7,Critical
3025,14170,Billing Dispute,2026-06-10 13:22:19,Escalated,,Critical
3026,13133,Refund Request,2023-08-29 04:02:33,Escalated,,High
3027,6354,Billing Dispute,2026-07-07 04:57:52,Open,,Low
3028,12844,Network Issue,2025-08-19 21:52:40,Closed,12,High
3029,13221,SIM Activation,2025-06-19 19:12:47,Closed,14,Medium
3030,19072,Porting Issue,2026-07-03 07:00:26,Open,,Medium
3031,7015,SIM Activation,2024-10-11 14:36:58,In Progress,,High
3032,31638,Slow Internet,2023-08-14 03:07:58,In Progress,,Critical
3033,259,SIM Activation,2025-02-28 04:04:53,Resolved,15,Low
3034,27705,Data Not Working,2025-11-22 17:17:56,In Progress,,High
3035,16520,SIM Activation,2024-08-04 15:12:23,Closed,3,Medium
3036,33910,Refund Request,2023-12-12 19:50:40,Closed,6,Low
3037,22939,Wrong Plan Charged,2024-01-02 01:52:22,In Progress,,High
3038,28776,Recharge Failure,2025-05-19 19:01:49,Escalated,,High
3039,1064,Wrong Plan Charged,2026-02-07 22:17:49,In Progress,,High
3040,34857,Slow Internet,2025-05-11 09:55:20,Closed,5,High
3041,34528,Network Issue,2026-04-07 18:53:07,Resolved,6,Critical
3042,29350,Refund Request,2024-08-17 10:33:42,Escalated,,Critical
3043,26583,Refund Request,2026-03-04 12:45:39,In Progress,,Medium
3044,40032,Signal Not Available,2024-07-15 08:10:03,Resolved,8,Medium
3045,14419,Recharge Failure,2025-04-03 00:14:04,Resolved,7,Critical
3046,36659,Customer Service,2024-04-24 03:30:13,Resolved,3,Low
3047,37162,Billing Dispute,2023-05-10 15:36:39,Escalated,,Critical
3048,22498,Call Drop,2025-03-05 04:18:52,Resolved,7,High
3049,38297,Billing Dispute,2025-02-14 23:23:05,Closed,6,Low
3050,3487,Data Not Working,2024-10-03 12:12:22,Open,,Medium
3051,39714,Network Issue,2023-04-17 15:14:42,Escalated,,Low
3052,4591,Data Not Working,2023-05-03 12:48:06,Closed,2,Critical
3053,30180,Slow Internet,2026-02-19 06:33:59,Open,,Medium
3054,32500,Signal Not Available,2025-01-23 20:34:32,Escalated,,Low
3055,28477,Refund Request,2025-09-27 07:21:40,Resolved,4,Low
3056,30709,Data Not Working,2023-07-10 14:00:44,Resolved,8,Medium
3057,13725,Customer Service,2023-04-11 18:30:18,Escalated,,Medium
3058,31690,Data Not Working,2023-04-18 07:56:38,Escalated,,Medium
3059,18372,Wrong Plan Charged,2026-06-28 11:32:11,Closed,7,Low
3060,3965,Call Drop,2026-07-06 02:26:46,Closed,3,Medium
3061,367,Data Not Working,2025-07-24 18:49:45,Escalated,,High
3062,38223,Refund Request,2025-09-06 09:26:50,Open,,Critical
3063,24756,Wrong Plan Charged,2023-11-08 00:43:00,Open,,Critical
3064,8431,Data Not Working,2024-06-17 09:11:26,Escalated,,Medium
3065,41536,Refund Request,2025-02-21 20:45:20,Resolved,3,Medium
3066,37931,Customer Service,2023-12-12 01:35:44,Escalated,,Critical
3067,13762,Call Drop,2024-12-31 19:22:32,In Progress,,High
3068,30183,Porting Issue,2026-01-12 04:20:40,In Progress,,Critical
3069,29151,Recharge Failure,2026-03-13 05:15:51,Escalated,,Low
3070,10323,Customer Service,2024-10-19 02:22:36,Closed,15,High
3071,3036,Wrong Plan Charged,2024-10-21 10:08:33,Open,,Medium
3072,13293,Call Drop,2023-02-24 13:28:27,Open,,Medium
3073,3412,Data Not Working,2023-07-19 11:14:37,Open,,Critical
3074,1658,Wrong Plan Charged,2024-09-03 00:58:22,Resolved,14,High
3075,15397,Billing Dispute,2024-01-16 07:46:26,Escalated,,Critical
3076,2020,Slow Internet,2025-09-03 23:21:55,Open,,High
3077,13210,Network Issue,2023-07-09 18:10:47,Escalated,,Medium
3078,40827,Porting Issue,2024-07-15 23:31:48,Open,,Medium
3079,35383,Signal Not Available,2026-04-12 23:36:53,Open,,High
3080,10682,Slow Internet,2023-02-20 07:22:55,Escalated,,Medium
3081,7977,Billing Dispute,2025-09-30 15:08:15,In Progress,,Low
3082,14447,Signal Not Available,2023-01-02 13:03:58,Resolved,7,Critical
3083,44492,Wrong Plan Charged,2023-06-15 04:25:35,Open,,Critical
3084,22820,Signal Not Available,2023-03-26 13:03:01,In Progress,,Medium
3085,40282,Refund Request,2026-05-20 05:47:57,Escalated,,Critical
3086,47309,Porting Issue,2025-12-25 10:50:44,Open,,Critical
3087,1068,Slow Internet,2025-06-04 01:28:47,Closed,14,Medium
3088,26205,Call Drop,2023-12-07 21:14:34,Resolved,5,Critical
3089,21939,Call Drop,2024-10-27 10:12:18,Open,,High
3090,761,Call Drop,2026-05-24 12:23:12,Resolved,15,Low
3091,46034,Data Not Working,2025-07-18 00:36:56,Open,,Low
3092,26984,Wrong Plan Charged,2024-03-18 01:45:20,Resolved,11,Medium
3093,26349,Wrong Plan Charged,2025-06-25 00:41:24,In Progress,,Low
3094,49083,Data Not Working,2024-06-11 21:59:28,Resolved,8,Medium
3095,30206,Wrong Plan Charged,2023-04-08 18:18:45,Resolved,7,Medium
3096,39657,Network Issue,2023-11-22 21:14:58,Escalated,,Critical
3097,20181,Billing Dispute,2025-11-18 10:21:51,Escalated,,High
3098,32452,Call Drop,2026-02-28 22:27:55,In Progress,,Critical
3099,36875,Wrong Plan Charged,2026-01-05 08:20:56,Resolved,12,Medium
3100,21141,Customer Service,2026-06-04 21:35:55,Closed,11,Critical
3101,28794,Billing Dispute,2024-11-11 19:54:45,Escalated,,High
3102,28069,Billing Dispute,2023-10-29 03:45:12,Closed,13,High
3103,4155,Signal Not Available,2026-05-19 15:54:40,Resolved,2,Critical
3104,15071,Customer Service,2026-02-28 10:02:06,Resolved,4,Critical
3105,28895,Network Issue,2025-04-21 13:10:33,In Progress,,Critical
3106,10193,Porting Issue,2023-01-13 21:21:09,Open,,High
3107,17976,Customer Service,2024-11-28 02:40:12,Escalated,,High
3108,24968,Recharge Failure,2024-10-20 09:51:26,Closed,5,Critical
3109,48681,SIM Activation,2023-06-16 16:35:12,Closed,12,Low
3110,6470,Call Drop,2024-06-14 23:44:01,Escalated,,Low
3111,18038,Wrong Plan Charged,2024-12-23 09:30:36,Closed,5,Low
3112,27011,Data Not Working,2025-12-13 22:21:02,Resolved,10,Low
3113,38394,Refund Request,2024-02-25 12:57:04,Resolved,4,Medium
3114,2840,Data Not Working,2024-12-11 17:30:23,Closed,1,High
3115,5953,Refund Request,2024-12-16 06:50:46,Open,,Critical
3116,40857,Call Drop,2023-06-26 02:06:45,In Progress,,Medium
3117,36857,SIM Activation,2025-02-17 06:41:51,Closed,12,High
3118,24651,SIM Activation,2023-10-23 17:36:42,Escalated,,Critical
3119,30717,Customer Service,2023-08-14 09:40:29,Open,,Critical
3120,37151,Call Drop,2023-08-12 18:55:05,Open,,High
3121,24173,Wrong Plan Charged,2024-08-12 20:15:38,Closed,15,Critical
3122,8834,Recharge Failure,2023-10-01 00:09:14,Open,,Critical
3123,33608,Recharge Failure,2026-01-28 04:01:37,Open,,Medium
3124,28644,Signal Not Available,2026-07-23 22:41:12,Resolved,3,Low
3125,14202,Signal Not Available,2025-01-19 15:24:07,Escalated,,High
3126,43832,Network Issue,2025-02-14 19:47:41,Resolved,2,High
3127,43432,Network Issue,2023-02-01 06:18:11,Resolved,12,Low
3128,30210,Call Drop,2024-10-11 16:43:47,Closed,6,Critical
3129,47276,Signal Not Available,2026-07-07 19:22:30,In Progress,,Medium
3130,31968,SIM Activation,2023-11-28 19:07:46,Closed,4,High
3131,31777,Recharge Failure,2023-05-07 12:35:14,Open,,High
3132,9989,Refund Request,2025-04-12 01:59:09,Closed,5,High
3133,2243,Refund Request,2024-08-21 09:22:41,In Progress,,Low
3134,7551,Signal Not Available,2023-04-25 06:37:18,Escalated,,High
3135,6426,Network Issue,2025-06-15 21:22:00,Escalated,,Low
3136,27433,Call Drop,2024-01-28 07:43:21,Escalated,,Critical
3137,38507,Signal Not Available,2026-03-12 17:27:48,Closed,8,Medium
3138,1457,Wrong Plan Charged,2024-12-08 14:48:00,Open,,Critical
3139,11734,Porting Issue,2023-12-12 19:53:52,Open,,High
3140,15486,Signal Not Available,2026-01-20 20:03:26,Closed,6,High
3141,24137,Recharge Failure,2023-11-09 22:55:00,Escalated,,Low
3142,1406,Porting Issue,2023-07-29 13:21:54,In Progress,,Medium
3143,37143,Slow Internet,2025-09-16 21:34:06,In Progress,,Low
3144,7888,Call Drop,2025-01-16 11:29:17,Closed,5,Low
3145,16876,Data Not Working,2023-03-18 18:38:30,Open,,High
3146,49566,Porting Issue,2025-06-11 07:16:53,Open,,Critical
3147,15146,Billing Dispute,2024-10-09 20:00:45,Closed,9,Medium
3148,41392,Wrong Plan Charged,2023-09-03 05:06:30,In Progress,,Critical
3149,692,Refund Request,2023-10-27 16:56:53,Closed,3,Medium
3150,690,Network Issue,2025-09-11 20:05:28,Closed,3,Low
3151,24108,Call Drop,2023-11-13 11:56:11,Open,,High
3152,19672,Billing Dispute,2025-02-25 04:15:27,Escalated,,Medium
3153,44104,Signal Not Available,2024-10-02 15:12:55,Open,,Medium
3154,47802,Call Drop,2025-07-25 08:40:24,Open,,Low
3155,27294,Signal Not Available,2023-03-22 20:50:16,Closed,5,High
3156,700,Porting Issue,2024-10-15 20:27:17,Resolved,15,Medium
3157,47124,Billing Dispute,2023-12-04 12:48:46,Open,,Low
3158,35009,Billing Dispute,2024-01-07 12:04:11,In Progress,,Medium
3159,31382,Slow Internet,2025-03-02 10:29:15,Closed,3,Medium
3160,33895,Signal Not Available,2023-08-16 09:54:20,Closed,14,Critical
3161,25280,Porting Issue,2024-09-19 12:17:07,Escalated,,Medium
3162,35225,Refund Request,2023-03-28 20:34:03,Escalated,,Critical
3163,6026,Billing Dispute,2023-01-03 12:41:02,Resolved,13,High
3164,36368,Billing Dispute,2023-11-28 03:35:39,Open,,Critical
3165,15549,Signal Not Available,2024-11-13 15:55:02,Closed,15,Critical
3166,45239,Signal Not Available,2024-09-11 17:01:37,Escalated,,Medium
3167,37811,Network Issue,2023-07-19 15:01:36,In Progress,,High
3168,4270,Data Not Working,2024-08-20 08:56:22,Resolved,14,Critical
3169,34891,Call Drop,2026-03-29 15:38:59,Resolved,10,Critical
3170,7394,SIM Activation,2024-01-04 09:41:35,Closed,14,Critical
3171,29548,Refund Request,2023-09-25 07:08:03,Open,,Medium
3172,28850,Billing Dispute,2023-05-04 15:49:57,In Progress,,Medium
3173,8420,Recharge Failure,2025-12-20 07:59:42,Open,,Medium
3174,8281,Call Drop,2025-07-27 16:29:31,In Progress,,Critical
3175,14654,Slow Internet,2024-09-07 11:03:03,Closed,13,Medium
3176,27514,Porting Issue,2023-10-12 11:06:58,Escalated,,Low
3177,31300,SIM Activation,2026-05-12 12:41:58,Escalated,,High
3178,43103,Wrong Plan Charged,2025-09-08 19:18:00,Escalated,,Low
3179,30529,SIM Activation,2025-10-16 22:26:22,Resolved,9,Medium
3180,25007,Billing Dispute,2026-02-11 20:37:01,Escalated,,High
3181,14693,Wrong Plan Charged,2024-06-23 16:40:26,Open,,Medium
3182,21165,SIM Activation,2024-09-06 04:12:27,In Progress,,Medium
3183,11826,Wrong Plan Charged,2023-10-17 03:19:23,Closed,10,Critical
3184,8498,Billing Dispute,2025-10-26 02:16:14,In Progress,,Medium
3185,16378,Wrong Plan Charged,2023-04-30 18:16:30,Closed,5,Critical
3186,46002,Signal Not Available,2024-06-02 21:01:43,Open,,Critical
3187,5420,SIM Activation,2024-10-29 09:14:43,Resolved,2,Medium
3188,41208,SIM Activation,2025-10-03 09:29:18,Closed,5,Medium
3189,14953,Signal Not Available,2025-05-27 18:33:16,Escalated,,Low
3190,39475,Customer Service,2025-07-04 10:01:38,Escalated,,Critical
3191,46328,Data Not Working,2023-03-13 16:45:34,Resolved,11,Low
3192,8449,Signal Not Available,2024-07-01 14:19:42,Open,,Low
3193,23892,Refund Request,2023-12-09 13:33:37,Open,,Critical
3194,3624,Porting Issue,2023-03-20 05:17:37,Open,,Low
3195,41617,Network Issue,2025-01-01 05:09:00,Closed,8,High
3196,31806,Billing Dispute,2024-02-17 17:30:04,In Progress,,Low
3197,37624,Call Drop,2024-02-13 09:22:08,Closed,11,High
3198,42296,Data Not Working,2024-08-12 06:46:10,Closed,4,High
3199,35750,Data Not Working,2026-01-19 18:55:24,Closed,8,Low
3200,29764,Call Drop,2024-06-29 22:51:54,In Progress,,High
3201,21963,Slow Internet,2025-06-06 00:35:54,Resolved,7,Medium
3202,36382,Call Drop,2025-07-06 03:12:08,Escalated,,Critical
3203,27147,Call Drop,2025-07-23 08:25:48,In Progress,,High
3204,13910,Data Not Working,2024-12-28 08:09:15,Escalated,,Critical
3205,22433,Network Issue,2025-12-30 04:35:45,Open,,Low
3206,28577,Data Not Working,2025-08-28 02:15:26,Open,,Critical
3207,29623,Refund Request,2025-02-25 12:11:52,Escalated,,Critical
3208,2849,Data Not Working,2025-06-06 13:38:03,Open,,Medium
3209,41746,Recharge Failure,2024-08-21 09:29:55,Escalated,,Medium
3210,26563,Wrong Plan Charged,2024-04-04 12:01:44,Escalated,,Medium
3211,40295,Billing Dispute,2024-11-29 14:07:19,Closed,1,Low
3212,1814,Network Issue,2024-09-11 00:53:02,Open,,Low
3213,24894,Data Not Working,2024-02-05 23:24:49,Closed,11,Critical
3214,35329,Call Drop,2023-01-02 02:25:54,Resolved,6,Low
3215,19665,Data Not Working,2024-12-04 12:20:49,Closed,9,Low
3216,17713,Signal Not Available,2024-04-23 11:46:24,Resolved,7,Critical
3217,30812,Refund Request,2024-05-10 19:32:29,In Progress,,High
3218,30026,Signal Not Available,2025-01-10 11:04:12,Closed,0,Critical
3219,10497,Signal Not Available,2026-06-13 04:53:54,Open,,High
3220,28187,Porting Issue,2024-03-09 07:15:23,Resolved,3,Low
3221,38888,Wrong Plan Charged,2023-08-20 18:47:15,Open,,High
3222,49253,Customer Service,2025-09-03 23:00:19,Open,,Critical
3223,44048,Call Drop,2025-11-04 17:43:54,Resolved,5,Low
3224,22889,Network Issue,2023-12-02 23:27:05,Closed,13,High
3225,21550,Customer Service,2025-02-12 14:35:12,Open,,Critical
3226,25530,Slow Internet,2024-03-31 22:27:30,Closed,10,Medium
3227,25620,Signal Not Available,2023-09-28 04:55:31,In Progress,,High
3228,39619,Wrong Plan Charged,2024-08-31 17:16:57,Open,,Low
3229,21006,Signal Not Available,2025-09-16 11:05:57,Escalated,,Critical
3230,44337,Call Drop,2023-05-31 08:03:29,Escalated,,Low
3231,422,Call Drop,2024-09-18 04:37:42,Resolved,4,Low
3232,45067,Billing Dispute,2026-03-10 04:51:51,Closed,14,Low
3233,26559,Network Issue,2025-06-26 05:12:41,Resolved,8,High
3234,47878,Call Drop,2024-10-09 05:50:18,Resolved,7,High
3235,32774,Billing Dispute,2024-06-19 15:34:54,Resolved,7,Medium
3236,34433,Porting Issue,2024-07-26 11:08:05,Closed,11,Critical
3237,22150,Slow Internet,2025-11-12 23:58:23,Closed,10,High
3238,7503,Refund Request,2023-08-07 22:28:48,Resolved,14,Medium
3239,47820,Wrong Plan Charged,2025-06-22 21:56:37,In Progress,,High
3240,41800,Call Drop,2024-05-10 09:57:20,Open,,High
3241,4713,Slow Internet,2024-11-11 10:21:21,Closed,14,Critical
3242,30000,Network Issue,2023-09-11 20:00:09,Escalated,,High
3243,23936,Billing Dispute,2024-05-10 03:21:38,In Progress,,Critical
3244,2758,SIM Activation,2023-12-26 05:48:21,Closed,7,Critical
3245,11866,Recharge Failure,2023-04-12 20:46:37,Escalated,,High
3246,15334,Refund Request,2024-01-29 22:08:29,Closed,0,Low
3247,48655,Slow Internet,2024-11-17 06:52:34,Escalated,,Critical
3248,8697,Recharge Failure,2025-08-05 07:07:50,Closed,6,High
3249,37563,SIM Activation,2023-10-29 17:05:36,Open,,Critical
3250,18178,Signal Not Available,2023-12-23 11:25:57,Open,,Critical
3251,20963,Network Issue,2026-01-05 03:05:21,Escalated,,Low
3252,1006,Porting Issue,2025-07-10 22:39:31,In Progress,,Low
3253,10828,Recharge Failure,2025-05-05 06:51:11,Closed,9,High
3254,12154,Billing Dispute,2023-05-22 17:06:14,Resolved,7,Critical
3255,18786,Signal Not Available,2023-05-23 16:26:54,In Progress,,Low
3256,13241,Call Drop,2024-10-14 15:06:15,Escalated,,Low
3257,30647,Customer Service,2024-04-11 00:50:24,Open,,Medium
3258,29407,Slow Internet,2024-02-24 10:15:47,Open,,Critical
3259,13389,Refund Request,2025-02-19 23:31:14,Closed,15,Critical
3260,3511,Customer Service,2023-08-06 08:44:03,Closed,13,High
3261,35090,Recharge Failure,2024-11-15 20:09:26,Escalated,,Medium
3262,1267,Porting Issue,2024-10-03 20:12:38,In Progress,,Low
3263,22871,Billing Dispute,2024-09-08 22:53:11,Closed,7,Critical
3264,15892,SIM Activation,2025-05-25 21:56:16,In Progress,,High
3265,26583,Call Drop,2025-02-07 04:51:22,Escalated,,High
3266,5276,Porting Issue,2025-07-24 05:52:06,In Progress,,Critical
3267,39585,Billing Dispute,2025-05-12 17:36:38,Escalated,,Low
3268,30109,Porting Issue,2023-10-20 07:11:39,Resolved,3,Critical
3269,31868,SIM Activation,2025-09-05 15:30:06,Closed,12,Low
3270,29880,Porting Issue,2025-05-03 22:53:57,In Progress,,Medium
3271,16629,Wrong Plan Charged,2025-07-18 21:11:35,Closed,6,Low
3272,4725,Billing Dispute,2023-11-22 07:40:34,Closed,5,High
3273,42275,SIM Activation,2025-09-26 07:22:33,Escalated,,High
3274,10018,Billing Dispute,2025-06-09 08:41:49,Open,,Low
3275,8434,Slow Internet,2025-11-06 23:44:14,In Progress,,Critical
3276,13731,Data Not Working,2023-01-03 01:01:02,Closed,4,Medium
3277,19338,Data Not Working,2025-03-08 10:29:51,Closed,6,Critical
3278,15137,Refund Request,2023-12-14 14:19:06,Open,,Medium
3279,11100,SIM Activation,2023-08-22 21:52:42,Escalated,,Critical
3280,7922,Customer Service,2024-12-22 21:23:46,In Progress,,Critical
3281,20344,Slow Internet,2024-05-18 05:09:46,Resolved,4,Medium
3282,34714,Wrong Plan Charged,2024-01-07 14:49:20,In Progress,,Low
3283,22341,Network Issue,2026-02-22 07:01:53,Open,,Low
3284,12106,Call Drop,2026-04-27 07:47:48,Escalated,,Critical
3285,45789,Call Drop,2025-10-16 05:00:27,In Progress,,Low
3286,15602,Customer Service,2023-04-07 06:42:05,Escalated,,Low
3287,26482,Porting Issue,2023-05-22 05:58:29,Closed,15,Critical
3288,36335,SIM Activation,2023-11-07 08:28:21,In Progress,,Low
3289,11580,Data Not Working,2023-06-11 00:52:40,In Progress,,High
3290,9078,Refund Request,2025-10-15 22:16:59,Closed,15,Critical
3291,9118,Call Drop,2026-07-19 18:36:54,Open,,High
3292,44464,Slow Internet,2026-06-26 09:44:02,Resolved,3,Critical
3293,31557,Network Issue,2026-01-28 01:53:00,Closed,13,High
3294,8709,Wrong Plan Charged,2026-03-17 00:32:16,Resolved,3,High
3295,22793,Customer Service,2024-05-04 06:31:04,Open,,Low
3296,33126,Wrong Plan Charged,2023-02-09 21:36:36,In Progress,,Critical
3297,13099,Customer Service,2026-04-05 05:01:15,Closed,10,Medium
3298,18344,Data Not Working,2025-03-11 15:39:32,Escalated,,Low
3299,1139,Recharge Failure,2023-08-12 19:54:34,Open,,High
3300,20875,SIM Activation,2025-09-18 18:27:33,Resolved,8,Low
3301,23918,Refund Request,2025-05-07 09:07:21,Escalated,,High
3302,370,Slow Internet,2025-06-22 12:30:41,Escalated,,Low
3303,29164,Wrong Plan Charged,2025-09-19 03:00:39,Closed,11,Critical
3304,16050,Call Drop,2023-01-14 14:25:38,Open,,Low
3305,4724,Porting Issue,2023-12-12 12:34:06,Open,,Medium
3306,1540,Data Not Working,2026-07-28 00:52:36,Resolved,7,Critical
3307,45997,Billing Dispute,2023-09-07 13:41:09,Closed,4,Medium
3308,42864,Signal Not Available,2025-06-13 19:03:22,Resolved,15,Medium
3309,8926,SIM Activation,2023-12-16 06:17:20,Closed,3,High
3310,1913,Call Drop,2024-06-10 10:31:50,Open,,Low
3311,45094,Customer Service,2026-05-20 17:33:00,Resolved,13,High
3312,29372,Slow Internet,2026-03-17 19:00:37,In Progress,,Critical
3313,42712,Billing Dispute,2023-03-19 20:41:39,Resolved,13,Low
3314,4683,Call Drop,2026-07-05 22:45:15,Resolved,6,Low
3315,3168,Network Issue,2024-12-06 14:13:46,Escalated,,High
3316,38133,Signal Not Available,2023-06-07 16:32:49,Open,,High
3317,28450,Recharge Failure,2023-11-04 18:32:38,Closed,0,High
3318,45126,SIM Activation,2023-09-06 12:12:38,Escalated,,Low
3319,1765,Call Drop,2024-10-19 14:53:26,In Progress,,Low
3320,35308,Porting Issue,2025-11-24 23:03:36,Escalated,,Low
3321,18776,Billing Dispute,2024-02-19 14:34:56,In Progress,,High
3322,35582,SIM Activation,2023-02-17 21:08:07,Closed,0,Medium
3323,10551,Call Drop,2025-09-26 23:55:26,Resolved,8,Medium
3324,38491,Porting Issue,2025-01-27 16:40:32,Closed,11,High
3325,23273,Data Not Working,2024-01-06 03:55:32,Resolved,12,Medium
3326,3752,Slow Internet,2025-09-23 08:04:21,Closed,8,Low
3327,30483,Network Issue,2024-11-09 02:30:11,Escalated,,Medium
3328,7328,Call Drop,2026-05-10 02:03:22,Escalated,,Low
3329,40253,Call Drop,2023-08-09 16:33:54,Resolved,12,High
3330,24424,Slow Internet,2026-05-26 22:00:25,In Progress,,High
3331,34434,Slow Internet,2025-04-20 06:45:15,Escalated,,Low
3332,43324,Slow Internet,2024-07-09 01:40:18,Escalated,,Critical
3333,14795,SIM Activation,2026-01-15 03:46:40,Closed,14,Low
3334,26200,Call Drop,2024-09-21 19:17:04,Resolved,3,High
3335,7433,Billing Dispute,2026-04-16 12:09:04,Closed,2,Critical
3336,2467,Recharge Failure,2025-04-26 10:30:55,Closed,9,Critical
3337,20416,Porting Issue,2024-08-30 16:23:04,Escalated,,Critical
3338,5302,Signal Not Available,2023-03-22 09:52:02,Resolved,4,High
3339,7532,Signal Not Available,2026-03-16 16:44:01,Closed,11,Low
3340,5917,Customer Service,2023-04-18 01:17:19,Escalated,,Low
3341,30507,Network Issue,2024-05-31 22:33:59,Open,,High
3342,26562,Recharge Failure,2026-05-26 18:55:03,Closed,5,Medium
3343,37215,Refund Request,2026-06-08 15:29:32,In Progress,,Low
3344,43974,Porting Issue,2026-01-27 06:12:07,Closed,12,Low
3345,28793,Network Issue,2023-12-13 17:17:09,Open,,Medium
3346,41702,Network Issue,2023-04-04 18:00:11,Resolved,0,Critical
3347,40634,Data Not Working,2023-10-09 00:27:15,In Progress,,Medium
3348,14672,Porting Issue,2024-06-30 12:58:07,Open,,Critical
3349,38339,Slow Internet,2023-10-18 09:37:22,Closed,7,High
3350,5518,SIM Activation,2026-01-14 13:45:22,Escalated,,Medium
3351,17749,Refund Request,2026-06-09 17:17:47,Open,,Low
3352,49690,Data Not Working,2025-02-19 19:21:45,Closed,10,Low
3353,49896,Network Issue,2025-07-16 01:32:20,Escalated,,Medium
3354,22262,Call Drop,2025-06-09 00:15:40,Escalated,,Critical
3355,45556,Signal Not Available,2025-11-08 04:36:13,Open,,Medium
3356,22875,Signal Not Available,2024-09-21 10:24:15,In Progress,,High
3357,5073,Recharge Failure,2023-06-05 04:28:16,Resolved,0,Medium
3358,39382,Billing Dispute,2025-06-13 01:50:26,In Progress,,Critical
3359,44266,Wrong Plan Charged,2023-06-14 18:00:27,In Progress,,Medium
3360,43660,Wrong Plan Charged,2024-07-10 04:35:43,Open,,High
3361,48589,SIM Activation,2023-09-07 07:14:36,Escalated,,Medium
3362,5328,Billing Dispute,2024-11-18 18:00:01,In Progress,,High
3363,45052,Refund Request,2024-04-09 16:16:14,Resolved,10,Critical
3364,34054,Signal Not Available,2024-05-20 10:48:35,Open,,Medium
3365,5764,Wrong Plan Charged,2023-01-24 20:24:14,Escalated,,Low
3366,25760,Call Drop,2026-01-21 16:04:20,Resolved,14,Medium
3367,32422,Network Issue,2025-07-04 19:07:07,Open,,Medium
3368,1906,Recharge Failure,2023-12-25 14:23:08,Escalated,,Low
3369,9302,Recharge Failure,2025-07-05 15:15:30,Escalated,,Medium
3370,48259,Call Drop,2026-04-04 10:27:46,Open,,Low
3371,24662,Wrong Plan Charged,2024-10-27 09:56:12,In Progress,,Critical
3372,36213,Slow Internet,2023-12-08 16:15:01,Escalated,,High
3373,47259,Data Not Working,2024-02-28 14:50:13,Open,,Critical
3374,11345,Billing Dispute,2025-07-03 13:41:49,Closed,12,Low
3375,15841,Data Not Working,2024-11-23 06:16:24,In Progress,,Critical
3376,36908,Wrong Plan Charged,2025-03-30 22:14:23,Escalated,,High
3377,28892,Porting Issue,2024-04-16 19:26:47,Escalated,,Critical
3378,39353,Signal Not Available,2026-07-17 12:21:28,In Progress,,Low
3379,15868,Wrong Plan Charged,2025-10-20 15:47:24,Escalated,,Critical
3380,14153,Call Drop,2026-03-15 05:56:58,In Progress,,Medium
3381,40666,Recharge Failure,2024-03-31 23:38:57,Open,,Low
3382,4946,Data Not Working,2025-10-21 03:17:02,Closed,11,High
3383,35744,Wrong Plan Charged,2024-09-10 02:14:13,Resolved,12,Low
3384,13191,Porting Issue,2023-09-25 14:20:59,Open,,Low
3385,18814,Network Issue,2024-01-27 18:34:39,In Progress,,Medium
3386,27490,Billing Dispute,2023-05-24 06:10:15,Open,,Medium
3387,44585,Recharge Failure,2024-11-17 22:25:22,Open,,Low
3388,16430,Customer Service,2026-06-26 19:02:21,In Progress,,Low
3389,47141,Network Issue,2026-01-25 05:14:08,Open,,Medium
3390,36132,SIM Activation,2025-08-25 10:28:16,Resolved,1,Low
3391,49318,Data Not Working,2025-04-24 17:50:22,Open,,Critical
3392,42503,Slow Internet,2025-12-11 20:38:50,Closed,3,Medium
3393,34598,Signal Not Available,2024-05-19 05:12:45,In Progress,,Critical
3394,8848,Billing Dispute,2025-10-20 04:23:31,Open,,Critical
3395,36066,Call Drop,2025-01-15 13:04:18,Escalated,,Low
3396,12227,Customer Service,2025-12-23 16:36:32,Open,,Medium
3397,43235,Call Drop,2023-08-26 11:18:10,Open,,Medium
3398,34640,Call Drop,2026-07-10 09:59:23,Escalated,,Critical
3399,27841,Wrong Plan Charged,2025-05-19 11:18:18,In Progress,,High
3400,3421,Slow Internet,2023-11-14 19:35:04,Escalated,,Critical
3401,18783,Wrong Plan Charged,2026-05-12 05:35:07,Resolved,12,High
3402,6633,Porting Issue,2025-07-19 23:00:43,In Progress,,High
3403,3016,Billing Dispute,2024-05-14 10:53:32,Escalated,,Critical
3404,28675,Billing Dispute,2025-09-22 06:27:47,Closed,14,High
3405,43525,Data Not Working,2024-06-14 06:45:38,Escalated,,Medium
3406,40036,Call Drop,2023-03-30 00:49:23,Escalated,,Low
3407,48154,Recharge Failure,2023-02-10 14:17:14,Open,,Low
3408,36435,Data Not Working,2024-09-25 20:27:17,Open,,Critical
3409,46025,Customer Service,2024-07-03 22:00:06,Escalated,,Medium
3410,23707,Refund Request,2026-01-08 19:41:04,In Progress,,Critical
3411,7974,Wrong Plan Charged,2023-08-17 06:49:20,Resolved,12,Critical
3412,28801,Wrong Plan Charged,2023-04-25 01:34:35,Resolved,4,High
3413,4596,Recharge Failure,2024-01-16 02:44:20,Resolved,2,Low
3414,25777,Customer Service,2026-04-12 23:49:37,Escalated,,Medium
3415,44703,Customer Service,2023-06-22 19:59:21,In Progress,,Medium
3416,23611,Wrong Plan Charged,2025-06-07 17:04:46,Closed,12,Medium
3417,31552,Wrong Plan Charged,2026-04-09 03:16:56,Open,,High
3418,14561,Recharge Failure,2025-04-10 03:05:45,Resolved,7,Low
3419,20942,Billing Dispute,2025-02-01 02:46:34,Open,,Medium
3420,22959,Call Drop,2023-01-30 05:50:00,Closed,2,Medium
3421,9478,Customer Service,2026-07-18 02:50:36,Escalated,,Medium
3422,49250,Refund Request,2024-09-29 10:25:07,Open,,Medium
3423,33446,Customer Service,2025-12-31 01:58:51,In Progress,,High
3424,26398,Signal Not Available,2025-08-01 04:59:09,In Progress,,Medium
3425,20507,Call Drop,2025-05-14 16:14:18,In Progress,,High
3426,19005,Recharge Failure,2025-07-28 17:32:15,Closed,4,Critical
3427,34556,SIM Activation,2024-06-04 05:27:37,Open,,Low
3428,4937,Network Issue,2023-04-25 22:57:19,Resolved,7,Critical
3429,14132,Billing Dispute,2025-06-26 08:30:46,In Progress,,Critical
3430,13849,Call Drop,2023-09-07 00:22:03,In Progress,,Critical
3431,4676,Refund Request,2025-03-30 01:37:25,In Progress,,High
3432,23265,Wrong Plan Charged,2025-12-31 05:55:38,Open,,High
3433,3516,Billing Dispute,2026-07-02 04:56:32,Closed,4,High
3434,31676,Wrong Plan Charged,2025-04-14 20:07:47,Resolved,10,Critical
3435,18372,Porting Issue,2025-08-04 00:37:58,Open,,Critical
3436,30069,Refund Request,2023-01-10 21:33:53,In Progress,,Low
3437,19447,Slow Internet,2026-06-07 18:16:38,Escalated,,Medium
3438,1003,Billing Dispute,2024-03-30 05:54:53,In Progress,,High
3439,35614,Slow Internet,2025-09-18 12:21:13,Open,,Medium
3440,44475,Slow Internet,2025-05-20 12:07:49,In Progress,,Low
3441,6307,Wrong Plan Charged,2023-02-28 01:01:10,Open,,High
3442,42839,Recharge Failure,2026-07-02 15:11:47,Closed,3,Medium
3443,11591,SIM Activation,2025-11-10 18:55:10,Escalated,,Medium
3444,46795,Slow Internet,2026-07-09 10:18:30,Escalated,,High
3445,37251,Refund Request,2026-04-24 12:17:19,Escalated,,Critical
3446,4707,Slow Internet,2023-02-23 02:50:48,Closed,6,Medium
3447,17911,Porting Issue,2024-11-25 06:44:11,In Progress,,Low
3448,44232,Network Issue,2023-12-13 21:02:07,Escalated,,Medium
3449,49784,Slow Internet,2026-06-12 09:03:46,In Progress,,Critical
3450,48215,Signal Not Available,2024-11-06 11:57:24,In Progress,,High
3451,48477,SIM Activation,2024-08-30 10:31:07,In Progress,,Medium
3452,17113,Slow Internet,2026-01-08 21:38:40,In Progress,,Low
3453,25264,Signal Not Available,2023-10-03 09:23:58,In Progress,,Critical
3454,38348,Recharge Failure,2025-10-27 11:50:13,Closed,3,Low
3455,49129,Network Issue,2023-11-11 18:03:42,Closed,0,High
3456,45222,Network Issue,2024-04-05 18:26:25,In Progress,,High
3457,32542,Wrong Plan Charged,2024-08-28 07:42:34,Resolved,5,Low
3458,44667,Signal Not Available,2025-12-13 19:49:11,Escalated,,Medium
3459,22442,Data Not Working,2025-11-08 12:22:27,Closed,15,High
3460,10206,Customer Service,2023-02-14 19:10:47,In Progress,,Low
3461,9463,Billing Dispute,2023-06-29 21:37:35,In Progress,,High
3462,37349,Billing Dispute,2025-10-05 17:19:42,Escalated,,Medium
3463,9434,Porting Issue,2025-07-06 00:27:19,Resolved,7,Medium
3464,21230,Network Issue,2025-11-18 08:18:34,Resolved,5,Low
3465,20617,Billing Dispute,2024-10-03 07:27:21,In Progress,,Critical
3466,45591,Data Not Working,2023-02-17 20:05:05,Escalated,,Critical
3467,29941,Signal Not Available,2026-05-18 18:02:26,Resolved,4,High
3468,10865,SIM Activation,2024-11-23 15:31:07,Closed,8,High
3469,5374,Recharge Failure,2023-06-25 22:08:53,Open,,Low
3470,42240,Refund Request,2025-12-13 20:08:53,Open,,Low
3471,45541,Recharge Failure,2023-09-29 17:54:32,Resolved,8,Critical
3472,35110,Customer Service,2023-07-07 15:51:13,Closed,13,Critical
3473,36195,Customer Service,2024-04-22 20:50:56,In Progress,,Medium
3474,3868,Billing Dispute,2023-10-27 16:53:34,Open,,Critical
3475,44443,Wrong Plan Charged,2026-06-26 00:41:53,Closed,12,Critical
3476,32428,SIM Activation,2025-03-25 01:32:12,In Progress,,Low
3477,40617,Call Drop,2023-04-14 17:18:37,Escalated,,Critical
3478,852,Data Not Working,2023-03-26 08:08:25,Open,,Medium
3479,26797,Signal Not Available,2023-10-09 20:02:11,Resolved,7,High
3480,5773,Billing Dispute,2024-01-24 03:18:39,Escalated,,Low
3481,10788,Recharge Failure,2025-06-04 07:08:06,Closed,8,Critical
3482,22974,Billing Dispute,2026-07-22 16:11:08,Closed,0,Critical
3483,1113,Slow Internet,2026-06-23 13:03:36,Open,,Low
3484,10373,Refund Request,2025-10-30 20:58:43,Resolved,5,Critical
3485,20462,Network Issue,2025-03-11 14:21:46,Closed,9,Low
3486,41445,Data Not Working,2025-08-28 16:51:29,Closed,3,High
3487,18147,Data Not Working,2025-01-07 21:10:38,Resolved,1,High
3488,33491,Data Not Working,2026-03-08 14:39:19,In Progress,,High
3489,10254,Call Drop,2025-07-23 13:23:17,In Progress,,Low
3490,34694,SIM Activation,2026-06-09 05:12:43,Open,,Medium
3491,47774,Customer Service,2024-04-30 10:30:29,Resolved,3,Critical
3492,47501,Data Not Working,2025-10-08 11:24:22,In Progress,,Medium
3493,32081,Recharge Failure,2023-04-06 16:28:30,Resolved,12,Medium
3494,49143,Refund Request,2026-02-08 14:15:02,Escalated,,Low
3495,5311,Wrong Plan Charged,2026-03-17 18:52:36,Resolved,15,Low
3496,1968,SIM Activation,2024-08-22 07:34:44,Resolved,5,Medium
3497,21571,Slow Internet,2024-12-10 06:51:48,Resolved,4,Medium
3498,35160,Refund Request,2025-06-08 07:17:24,Resolved,0,High
3499,3553,Slow Internet,2023-06-12 09:40:34,Resolved,0,Critical
3500,34954,SIM Activation,2024-08-05 15:36:56,Resolved,3,Critical
3501,30704,Porting Issue,2025-10-05 08:12:50,In Progress,,Critical
3502,15676,SIM Activation,2023-12-23 02:17:14,In Progress,,Medium
3503,36910,Billing Dispute,2024-12-14 03:06:14,Resolved,5,Low
3504,45054,Billing Dispute,2026-03-17 00:22:25,Escalated,,Critical
3505,881,Porting Issue,2025-01-09 15:51:50,Resolved,14,Low
3506,39654,Refund Request,2025-04-03 12:33:41,Escalated,,Low
3507,46590,Slow Internet,2024-04-23 23:24:23,Open,,Critical
3508,25927,Customer Service,2025-09-04 05:00:47,Open,,Medium
3509,9068,Signal Not Available,2025-04-24 14:45:32,Open,,Low
3510,27045,Signal Not Available,2026-02-16 13:43:26,Resolved,7,High
3511,43214,Recharge Failure,2023-12-13 10:45:46,Resolved,9,High
3512,15456,Slow Internet,2023-12-13 21:15:14,In Progress,,High
3513,16671,Data Not Working,2024-05-24 19:42:21,Closed,7,Critical
3514,16832,SIM Activation,2024-12-07 03:42:33,Resolved,0,Low
3515,7222,Billing Dispute,2024-01-02 06:56:49,Resolved,13,Medium
3516,35318,Refund Request,2026-01-06 13:27:03,In Progress,,Low
3517,29386,Slow Internet,2024-09-08 03:22:33,Resolved,5,Medium
3518,44392,Data Not Working,2025-10-21 20:09:34,Open,,Low
3519,7403,Data Not Working,2025-05-04 17:47:15,Open,,High
3520,35482,Signal Not Available,2026-06-07 05:57:30,Resolved,4,Low
3521,36202,Data Not Working,2026-01-14 14:20:52,Escalated,,Low
3522,25414,Wrong Plan Charged,2025-08-31 12:45:30,Escalated,,Low
3523,30,Signal Not Available,2026-02-24 10:29:52,Resolved,15,Medium
3524,25783,Billing Dispute,2023-06-24 06:19:46,In Progress,,Low
3525,11998,Signal Not Available,2024-11-02 04:04:48,Closed,4,Critical
3526,44152,Network Issue,2025-04-10 02:14:25,Resolved,4,Critical
3527,49703,Porting Issue,2025-04-26 21:09:31,Open,,Medium
3528,57,Customer Service,2023-07-02 16:01:31,Resolved,11,Critical
3529,3038,Network Issue,2025-08-23 07:13:49,In Progress,,High
3530,47823,Porting Issue,2023-01-10 19:05:09,In Progress,,High
3531,30047,Signal Not Available,2026-06-15 16:40:52,Closed,12,Medium
3532,11306,Call Drop,2025-11-20 14:06:01,Escalated,,Low
3533,31831,Refund Request,2024-02-27 08:20:38,Escalated,,High
3534,23438,Customer Service,2025-12-24 16:21:23,In Progress,,Low
3535,29970,Call Drop,2024-12-20 20:33:50,Open,,Medium
3536,33424,Network Issue,2024-04-23 07:10:43,Open,,Critical
3537,32719,Signal Not Available,2026-06-22 19:51:08,Escalated,,Low
3538,15533,Customer Service,2024-03-16 17:58:25,In Progress,,Low
3539,42034,Slow Internet,2026-06-19 12:51:49,Resolved,4,Low
3540,44122,Call Drop,2023-05-01 14:09:48,Escalated,,Low
3541,33073,Network Issue,2026-04-14 04:29:36,Closed,1,Low
3542,47675,Call Drop,2026-01-05 11:22:00,Resolved,10,Critical
3543,5450,Billing Dispute,2023-09-04 13:56:23,In Progress,,High
3544,19253,Data Not Working,2026-01-15 20:33:19,Resolved,6,Critical
3545,13223,Call Drop,2026-01-14 07:43:24,Open,,Low
3546,23130,Customer Service,2024-02-25 13:54:06,In Progress,,Critical
3547,28870,Recharge Failure,2023-04-12 18:17:09,Open,,Critical
3548,14916,Wrong Plan Charged,2023-06-10 06:59:51,Escalated,,Medium
3549,24531,SIM Activation,2024-03-18 09:34:12,Open,,Low
3550,46340,Wrong Plan Charged,2023-09-01 19:53:38,Closed,1,High
3551,18238,Signal Not Available,2025-09-04 13:10:23,In Progress,,Medium
3552,12032,Slow Internet,2023-11-29 11:15:38,Escalated,,Low
3553,47140,Data Not Working,2023-02-15 01:57:46,Escalated,,Medium
3554,19257,Signal Not Available,2023-02-24 00:39:00,Closed,14,Critical
3555,23108,Refund Request,2026-01-21 08:21:48,Escalated,,Medium
3556,264,Billing Dispute,2023-01-23 13:42:38,Closed,8,Medium
3557,29714,Recharge Failure,2026-04-25 21:05:03,Resolved,6,Medium
3558,46724,Network Issue,2023-07-28 13:01:04,Open,,Critical
3559,36915,Porting Issue,2024-08-12 17:08:51,Open,,Critical
3560,38015,Network Issue,2023-10-30 13:20:05,Open,,Critical
3561,14818,Data Not Working,2025-12-08 03:02:41,Resolved,4,Medium
3562,779,Data Not Working,2026-06-26 21:58:34,Resolved,2,High
3563,48344,Call Drop,2025-09-06 06:23:11,In Progress,,Medium
3564,29788,Data Not Working,2026-05-25 03:14:38,In Progress,,Low
3565,48503,Call Drop,2023-01-23 09:49:59,Closed,2,Medium
3566,18075,Call Drop,2024-09-14 06:52:35,Escalated,,Critical
3567,32793,Data Not Working,2025-08-11 23:49:04,In Progress,,Low
3568,28468,Recharge Failure,2023-05-08 19:29:25,Closed,10,Critical
3569,12282,Signal Not Available,2023-12-20 04:56:51,Resolved,9,Critical
3570,7012,Refund Request,2026-04-21 06:53:44,Escalated,,Medium
3571,29954,Porting Issue,2026-01-10 18:21:25,Closed,13,Low
3572,9676,Data Not Working,2025-08-21 03:37:00,In Progress,,High
3573,7761,Porting Issue,2024-06-13 15:14:52,Escalated,,Critical
3574,26158,Call Drop,2026-01-17 19:18:42,In Progress,,Medium
3575,7831,Recharge Failure,2026-03-05 12:20:53,Open,,Low
3576,39440,Billing Dispute,2024-06-29 15:35:10,Closed,2,Critical
3577,45228,Signal Not Available,2023-12-26 23:43:27,In Progress,,Low
3578,3860,Network Issue,2024-04-02 11:51:28,Open,,High
3579,36633,Recharge Failure,2025-11-14 16:25:37,In Progress,,Low
3580,42934,Network Issue,2025-03-04 07:16:07,Resolved,13,Low
3581,15050,Billing Dispute,2023-12-07 18:46:11,Escalated,,High
3582,21673,Porting Issue,2024-11-20 02:22:17,Open,,High
3583,37301,Recharge Failure,2025-11-17 20:04:15,Open,,High
3584,36416,Data Not Working,2024-07-27 20:12:02,Resolved,0,Critical
3585,40205,Refund Request,2026-07-22 15:36:04,Closed,14,High
3586,41560,Call Drop,2024-09-23 20:29:58,Resolved,14,Critical
3587,13071,Slow Internet,2025-08-05 07:03:31,Open,,Medium
3588,6896,SIM Activation,2025-09-27 23:17:36,Escalated,,Medium
3589,8450,SIM Activation,2025-08-29 03:52:30,In Progress,,Critical
3590,25275,Billing Dispute,2025-05-07 07:50:44,Open,,Critical
3591,26346,Customer Service,2023-09-27 16:36:58,Open,,Medium
3592,41245,Porting Issue,2024-08-31 06:17:30,Resolved,11,High
3593,34808,Signal Not Available,2025-02-04 02:17:32,Resolved,11,Critical
3594,30155,Data Not Working,2024-09-14 08:45:06,Closed,11,Medium
3595,34227,Signal Not Available,2025-07-11 07:48:03,Open,,Medium
3596,34034,SIM Activation,2024-08-25 09:00:17,Open,,Medium
3597,6555,Slow Internet,2023-05-14 04:35:20,Open,,Low
3598,21757,Refund Request,2025-07-31 16:06:58,Closed,8,Low
3599,21442,Billing Dispute,2024-10-27 08:46:40,Open,,Medium
3600,17061,Call Drop,2023-04-26 11:53:58,Open,,High
3601,36121,Data Not Working,2024-08-19 20:25:36,Open,,Medium
3602,36113,Billing Dispute,2023-11-24 02:50:32,Closed,3,Medium
3603,2497,Signal Not Available,2023-11-12 17:14:23,Resolved,3,Medium
3604,10126,Customer Service,2024-03-20 13:25:42,Resolved,10,Medium
3605,24227,Network Issue,2023-04-12 03:38:02,Resolved,7,Medium
3606,28303,Refund Request,2025-07-10 16:23:54,Open,,Medium
3607,36488,Signal Not Available,2025-03-12 11:40:32,Escalated,,High
3608,11025,Refund Request,2024-05-21 02:02:57,Closed,2,Medium
3609,49964,Refund Request,2026-06-25 10:26:31,In Progress,,Medium
3610,6302,Slow Internet,2025-07-26 22:23:20,Open,,Low
3611,49983,Billing Dispute,2026-04-27 15:11:26,Closed,7,Critical
3612,24102,Porting Issue,2025-04-03 06:42:54,Open,,Critical
3613,49736,Call Drop,2023-04-22 23:04:05,Closed,14,High
3614,5983,Slow Internet,2023-02-07 02:38:40,Open,,High
3615,7309,SIM Activation,2023-01-29 05:04:02,Escalated,,Low
3616,9409,Signal Not Available,2023-10-27 06:42:40,Resolved,2,High
3617,47529,Customer Service,2025-01-24 06:58:33,Escalated,,Critical
3618,17584,Network Issue,2023-05-30 18:31:14,Open,,Critical
3619,299,Network Issue,2025-10-06 13:56:10,Escalated,,High
3620,46800,Refund Request,2025-12-19 16:39:15,Open,,Critical
3621,33099,Billing Dispute,2024-11-16 17:44:34,Resolved,15,Critical
3622,18392,Slow Internet,2026-02-27 08:01:02,Closed,11,Critical
3623,10867,Refund Request,2026-06-25 18:42:50,Open,,Medium
3624,17777,Porting Issue,2023-10-30 04:59:00,Escalated,,Critical
3625,31988,Recharge Failure,2024-04-11 14:48:29,Escalated,,Critical
3626,4614,Refund Request,2023-12-19 11:22:55,Open,,Critical
3627,41583,Recharge Failure,2026-06-16 09:24:49,Closed,2,Critical
3628,48181,Customer Service,2024-06-20 19:02:17,Open,,Critical
3629,4160,Network Issue,2024-02-03 23:16:17,In Progress,,Medium
3630,32037,SIM Activation,2023-06-23 06:38:11,Escalated,,Medium
3631,23295,Porting Issue,2025-06-17 21:52:47,Open,,High
3632,39633,Slow Internet,2025-06-14 00:33:00,Closed,7,Critical
3633,12741,Billing Dispute,2024-05-24 12:51:21,Escalated,,High
3634,23042,Signal Not Available,2024-06-23 10:50:15,In Progress,,Medium
3635,13791,Billing Dispute,2023-08-22 06:03:41,Resolved,10,High
3636,26313,Customer Service,2025-11-29 08:28:49,In Progress,,Critical
3637,33935,Porting Issue,2026-02-23 10:54:02,Closed,13,Medium
3638,16111,Data Not Working,2026-05-12 14:23:07,Resolved,6,Medium
3639,22373,Network Issue,2024-12-03 18:43:26,Closed,15,Low
3640,9609,Wrong Plan Charged,2023-12-03 23:41:55,Open,,Low
3641,23339,Recharge Failure,2026-02-05 14:13:12,Resolved,13,Medium
3642,14995,Billing Dispute,2024-03-24 08:33:07,Escalated,,High
3643,37747,Network Issue,2025-03-06 06:06:28,Open,,Medium
3644,46363,Signal Not Available,2023-07-08 05:29:34,Closed,5,Medium
3645,7452,SIM Activation,2024-12-12 06:03:18,In Progress,,High
3646,10990,Customer Service,2024-04-14 10:14:07,Escalated,,Medium
3647,13181,Network Issue,2025-10-25 07:31:34,Escalated,,High
3648,1595,Refund Request,2023-10-21 19:24:44,Escalated,,High
3649,16853,Slow Internet,2026-07-01 17:00:25,Escalated,,Low
3650,1362,Billing Dispute,2023-07-23 12:47:21,Escalated,,Low
3651,26337,Billing Dispute,2023-10-07 20:30:50,In Progress,,Low
3652,28005,Network Issue,2025-09-10 09:58:53,Closed,4,Low
3653,46800,Porting Issue,2023-12-23 09:32:14,Resolved,15,High
3654,9329,Call Drop,2024-09-23 11:55:53,Closed,5,Low
3655,36599,Signal Not Available,2023-04-07 22:57:06,Escalated,,Medium
3656,28310,Wrong Plan Charged,2024-01-14 16:23:16,Open,,High
3657,45262,Billing Dispute,2024-09-26 13:52:24,In Progress,,Critical
3658,7243,Network Issue,2026-03-08 21:19:16,Resolved,14,High
3659,19862,Slow Internet,2024-09-27 21:56:52,Closed,5,Low
3660,28009,Signal Not Available,2024-11-12 02:15:47,Closed,8,Low
3661,8187,Recharge Failure,2023-11-08 03:34:27,Open,,Low
3662,23803,Recharge Failure,2024-02-02 12:13:27,Closed,13,Medium
3663,14085,Billing Dispute,2026-01-13 00:10:15,Open,,Low
3664,2538,Call Drop,2023-08-27 18:54:54,Open,,Critical
3665,16887,Porting Issue,2023-10-11 15:11:52,Resolved,4,Critical
3666,6501,Wrong Plan Charged,2024-09-24 19:14:08,Closed,1,High
3667,4595,Billing Dispute,2026-03-01 11:10:06,In Progress,,Critical
3668,31744,Data Not Working,2023-07-02 23:36:59,Resolved,15,Low
3669,24969,Wrong Plan Charged,2025-03-07 14:14:26,In Progress,,Critical
3670,31081,Call Drop,2024-11-07 02:03:53,In Progress,,Critical
3671,42788,Recharge Failure,2025-10-21 06:16:54,Open,,Critical
3672,25538,Porting Issue,2024-12-18 10:27:14,Resolved,12,Critical
3673,34220,Slow Internet,2023-07-28 08:24:31,Resolved,10,Low
3674,45858,Data Not Working,2025-01-27 03:11:04,Escalated,,Medium
3675,25699,Data Not Working,2025-07-29 16:13:13,Open,,Medium
3676,15589,Customer Service,2023-06-18 03:37:35,Resolved,9,High
3677,13797,SIM Activation,2025-09-17 16:48:09,Open,,Medium
3678,26165,Network Issue,2023-11-24 00:52:50,Resolved,7,Medium
3679,48017,Recharge Failure,2023-09-19 22:09:11,Resolved,10,Medium
3680,36824,Signal Not Available,2025-11-28 00:22:55,In Progress,,Low
3681,38044,Data Not Working,2023-05-18 18:59:46,Closed,5,Low
3682,22242,Slow Internet,2025-04-30 05:01:52,Closed,9,Medium
3683,40149,SIM Activation,2024-08-29 12:08:21,In Progress,,High
3684,32633,SIM Activation,2026-01-31 00:09:38,Escalated,,Critical
3685,17489,Porting Issue,2026-07-26 20:53:25,Escalated,,High
3686,3583,Call Drop,2025-10-25 14:14:35,Escalated,,Low
3687,38191,Billing Dispute,2023-05-19 09:42:02,In Progress,,Low
3688,49357,Network Issue,2023-07-29 09:32:57,In Progress,,Medium
3689,40027,Call Drop,2025-12-10 21:41:29,Closed,7,Low
3690,2365,SIM Activation,2024-07-22 14:12:05,Open,,Critical
3691,28286,Wrong Plan Charged,2023-04-01 14:42:51,Closed,14,Low
3692,18005,Call Drop,2023-07-15 19:36:32,Resolved,6,Critical
3693,46532,Network Issue,2023-01-22 01:52:52,Resolved,3,High
3694,30829,Signal Not Available,2023-12-01 08:29:13,Escalated,,High
3695,31812,Porting Issue,2024-11-30 00:17:31,Escalated,,Medium
3696,42137,Billing Dispute,2023-08-24 13:18:42,Closed,13,High
3697,17768,Wrong Plan Charged,2024-04-19 21:09:31,In Progress,,Low
3698,26470,Call Drop,2025-05-11 01:56:23,Resolved,8,Low
3699,30860,Data Not Working,2024-07-25 05:18:16,Closed,1,Low
3700,43971,Wrong Plan Charged,2025-06-14 16:47:23,In Progress,,Critical
3701,1892,Data Not Working,2024-02-22 12:33:21,Open,,High
3702,43678,SIM Activation,2025-05-24 22:54:44,Closed,5,Medium
3703,4297,Billing Dispute,2025-01-03 19:36:52,Open,,High
3704,7775,Billing Dispute,2023-07-12 17:50:37,Open,,Medium
3705,23968,Data Not Working,2023-11-16 03:52:59,Closed,11,Low
3706,2887,Call Drop,2023-04-23 02:28:28,In Progress,,Critical
3707,12310,Recharge Failure,2026-04-03 06:52:23,Closed,10,Low
3708,16949,Network Issue,2025-02-09 08:02:45,In Progress,,Low
3709,22239,SIM Activation,2024-01-01 04:23:02,Open,,Critical
3710,31396,Data Not Working,2023-08-02 10:00:40,In Progress,,Medium
3711,31342,Call Drop,2024-04-29 04:54:54,Open,,High
3712,2049,SIM Activation,2023-09-04 14:32:54,Open,,Critical
3713,34418,Refund Request,2025-08-31 02:49:23,Escalated,,Medium
3714,16861,Porting Issue,2023-08-26 12:58:02,Closed,0,Medium
3715,31284,Call Drop,2025-03-02 12:49:24,Open,,Medium
3716,30585,Data Not Working,2024-10-22 18:00:07,Open,,Medium
3717,8793,Network Issue,2026-01-18 05:00:26,Resolved,0,Medium
3718,48436,Data Not Working,2024-07-24 18:28:06,Closed,0,Medium
3719,14665,Refund Request,2026-01-15 07:13:50,Resolved,13,High
3720,33858,Customer Service,2024-11-06 02:44:49,Resolved,6,Critical
3721,8219,Network Issue,2023-09-07 21:11:33,Resolved,14,Critical
3722,3767,Billing Dispute,2024-03-01 12:22:57,In Progress,,Low
3723,8693,Refund Request,2023-10-07 08:52:07,Closed,14,Low
3724,16582,Billing Dispute,2023-11-09 09:12:52,Open,,Critical
3725,7993,Slow Internet,2024-01-25 21:48:43,In Progress,,Critical
3726,781,Refund Request,2024-09-30 01:11:51,In Progress,,Critical
3727,47384,Billing Dispute,2026-07-04 06:00:51,Closed,6,Medium
3728,18287,Refund Request,2026-06-05 15:41:08,Escalated,,Medium
3729,38229,Wrong Plan Charged,2024-05-13 08:36:12,Open,,Critical
3730,10930,Customer Service,2024-06-28 13:53:18,Resolved,1,High
3731,2667,Data Not Working,2023-05-11 07:24:04,Closed,1,Medium
3732,30548,SIM Activation,2024-08-20 10:39:16,Escalated,,Low
3733,12039,Recharge Failure,2025-12-02 01:56:32,Escalated,,Low
3734,18875,SIM Activation,2025-10-11 01:46:23,Escalated,,Medium
3735,8617,Data Not Working,2024-10-27 00:49:26,Escalated,,High
3736,36762,Customer Service,2026-06-15 00:57:38,Resolved,1,Critical
3737,9837,Wrong Plan Charged,2023-03-01 14:58:05,Open,,Critical
3738,47864,Data Not Working,2026-04-17 16:03:18,Open,,Critical
3739,43843,Billing Dispute,2024-08-23 12:36:30,Open,,Medium
3740,19902,Wrong Plan Charged,2024-05-21 22:44:23,Closed,13,Medium
3741,20445,Recharge Failure,2024-01-21 17:09:47,Resolved,6,Low
3742,30729,Customer Service,2023-04-23 00:40:45,Escalated,,Low
3743,24609,Customer Service,2024-09-04 22:06:22,In Progress,,Medium
3744,36019,Data Not Working,2026-06-17 08:49:15,Open,,Critical
3745,45519,Data Not Working,2026-04-10 08:31:00,In Progress,,High
3746,21801,Wrong Plan Charged,2025-02-08 07:50:50,Open,,Critical
3747,1048,Network Issue,2023-05-20 20:30:44,Escalated,,Low
3748,42280,Call Drop,2024-07-21 00:46:27,Closed,14,Medium
3749,37883,Recharge Failure,2024-07-16 05:00:00,In Progress,,Medium
3750,12511,Signal Not Available,2026-04-27 15:07:38,Open,,Medium
3751,42953,Signal Not Available,2026-03-05 17:03:21,Closed,12,Medium
3752,26561,Porting Issue,2023-03-23 05:49:49,Escalated,,Critical
3753,33102,Wrong Plan Charged,2024-03-05 13:10:37,Closed,13,Medium
3754,35928,Billing Dispute,2026-03-16 07:18:46,Open,,Critical
3755,12423,Refund Request,2023-07-23 18:27:29,Closed,7,Low
3756,34202,Call Drop,2023-05-07 20:14:15,In Progress,,Medium
3757,24830,Call Drop,2023-08-10 17:07:25,Closed,1,Low
3758,35514,Billing Dispute,2025-12-16 19:04:36,Resolved,4,High
3759,34796,Slow Internet,2023-01-22 16:08:43,In Progress,,Medium
3760,17746,Slow Internet,2026-07-18 23:43:27,Escalated,,High
3761,48183,Wrong Plan Charged,2023-03-31 13:11:25,Resolved,10,Low
3762,11422,Billing Dispute,2024-04-27 16:13:32,In Progress,,Critical
3763,12001,Wrong Plan Charged,2026-07-21 03:46:25,In Progress,,Medium
3764,23870,Porting Issue,2025-09-13 15:01:37,Open,,Medium
3765,46275,Wrong Plan Charged,2023-12-07 16:16:16,Escalated,,Medium
3766,46551,Billing Dispute,2024-12-23 11:40:00,Closed,11,High
3767,18365,Refund Request,2024-11-14 01:38:02,Open,,Critical
3768,43414,Recharge Failure,2026-03-03 15:47:04,Escalated,,Medium
3769,22941,Wrong Plan Charged,2023-08-12 15:40:09,Open,,Low
3770,11376,SIM Activation,2025-02-20 18:31:59,Open,,High
3771,17735,Billing Dispute,2026-01-15 00:02:07,Open,,Critical
3772,24991,Call Drop,2023-07-08 05:11:43,Open,,Medium
3773,6210,SIM Activation,2026-07-25 18:10:11,Escalated,,High
3774,47466,Recharge Failure,2025-11-01 07:03:09,Resolved,11,High
3775,46997,Network Issue,2024-06-02 21:04:56,Escalated,,High
3776,12717,Recharge Failure,2025-06-14 03:48:55,Escalated,,Low
3777,5025,Call Drop,2023-07-04 14:44:12,In Progress,,High
3778,44244,Recharge Failure,2026-07-14 05:53:56,Closed,13,Critical
3779,9575,SIM Activation,2026-02-18 08:21:10,Escalated,,Critical
3780,13262,Wrong Plan Charged,2026-07-03 09:37:22,Resolved,4,Critical
3781,9395,Signal Not Available,2023-09-23 17:37:45,Closed,7,Medium
3782,39015,Data Not Working,2024-09-02 22:42:57,Open,,Medium
3783,48441,Porting Issue,2023-03-28 11:21:57,Closed,6,High
3784,41299,SIM Activation,2024-03-26 08:15:51,Closed,0,Low
3785,10919,Customer Service,2023-07-27 09:00:40,Escalated,,High
3786,47533,Refund Request,2023-12-22 16:19:15,Resolved,3,Low
3787,44590,Billing Dispute,2025-12-16 04:47:52,Closed,3,High
3788,4626,Call Drop,2025-03-08 14:13:10,Closed,5,Low
3789,1653,Porting Issue,2023-02-13 10:50:17,In Progress,,High
3790,15239,Call Drop,2025-02-01 08:31:41,Open,,Critical
3791,9509,Network Issue,2025-03-07 10:56:07,Resolved,10,Critical
3792,13195,Call Drop,2023-02-19 14:40:22,Open,,Medium
3793,7857,Customer Service,2025-07-06 22:27:00,Resolved,14,Low
3794,29018,Signal Not Available,2023-01-06 10:46:31,Escalated,,Critical
3795,14337,Signal Not Available,2024-05-29 04:18:15,Open,,Critical
3796,48365,Customer Service,2025-10-06 07:06:56,In Progress,,Medium
3797,27663,Wrong Plan Charged,2023-10-05 21:08:11,Open,,Low
3798,24045,Porting Issue,2024-07-11 20:11:32,In Progress,,Low
3799,2255,Data Not Working,2024-03-11 08:02:31,Resolved,4,Low
3800,23770,Slow Internet,2024-11-03 11:38:26,Open,,Critical
3801,43566,Billing Dispute,2025-12-17 12:00:58,Open,,Medium
3802,6342,SIM Activation,2024-09-22 18:19:13,Closed,10,Medium
3803,47647,Billing Dispute,2024-01-26 21:08:01,Resolved,5,Low
3804,24529,Billing Dispute,2024-12-28 22:17:59,Resolved,10,Critical
3805,35398,Call Drop,2023-10-30 07:47:19,Resolved,1,Medium
3806,24072,Slow Internet,2024-04-04 07:47:51,Escalated,,Medium
3807,26591,Porting Issue,2026-01-19 07:02:13,Open,,High
3808,32462,Refund Request,2023-12-25 22:43:45,In Progress,,Critical
3809,38827,Refund Request,2025-12-30 16:29:42,Closed,3,Medium
3810,38747,Network Issue,2023-09-23 14:47:39,Escalated,,Critical
3811,29258,Wrong Plan Charged,2023-09-28 14:25:47,In Progress,,Critical
3812,42748,Customer Service,2025-07-07 02:24:16,Resolved,2,Critical
3813,37112,Slow Internet,2024-02-28 15:54:16,Resolved,13,High
3814,42717,Network Issue,2024-04-09 17:51:49,Closed,7,High
3815,30069,Porting Issue,2026-06-28 10:53:24,Closed,14,High
3816,45667,Slow Internet,2023-06-08 14:22:17,In Progress,,Critical
3817,89,Customer Service,2024-03-19 14:08:57,Closed,2,Low
3818,1233,Network Issue,2024-04-09 07:16:29,Resolved,15,Critical
3819,34070,Slow Internet,2024-09-05 11:21:10,Closed,1,Low
3820,5137,Slow Internet,2025-02-14 20:48:54,Resolved,12,Medium
3821,46102,Billing Dispute,2025-05-18 00:32:51,Escalated,,Critical
3822,23835,Wrong Plan Charged,2023-03-15 03:54:33,Escalated,,Critical
3823,38915,Billing Dispute,2025-03-15 23:47:41,Closed,10,High
3824,18696,Data Not Working,2026-07-11 11:16:49,Open,,Medium
3825,40164,Customer Service,2026-01-19 00:59:47,Escalated,,Medium
3826,22709,SIM Activation,2023-01-19 09:50:22,Open,,High
3827,22819,Recharge Failure,2023-02-03 09:19:23,Closed,0,Medium
3828,40356,Recharge Failure,2023-11-30 21:18:29,In Progress,,Medium
3829,46877,Call Drop,2024-11-13 21:40:10,In Progress,,Critical
3830,29024,Network Issue,2024-06-08 11:45:54,Closed,13,Critical
3831,46674,Porting Issue,2023-05-22 10:02:05,Closed,4,Low
3832,17567,Customer Service,2023-01-24 13:24:15,In Progress,,Low
3833,26433,SIM Activation,2025-10-24 15:42:11,Escalated,,Low
3834,45212,Slow Internet,2023-03-14 17:36:01,Open,,High
3835,35831,Recharge Failure,2024-12-02 14:49:44,Escalated,,Critical
3836,1382,SIM Activation,2025-08-01 13:36:31,Open,,Critical
3837,28771,Refund Request,2026-07-11 01:06:54,Closed,7,Medium
3838,21479,Network Issue,2023-04-13 16:38:22,In Progress,,Critical
3839,3537,Customer Service,2023-08-02 13:51:40,Closed,12,High
3840,16820,Wrong Plan Charged,2025-06-14 23:33:15,Escalated,,Critical
3841,8160,Porting Issue,2023-11-07 15:49:48,Escalated,,Critical
3842,34943,Recharge Failure,2026-04-21 06:33:31,Resolved,4,Medium
3843,6613,Data Not Working,2025-05-24 21:33:08,Closed,7,Low
3844,563,Recharge Failure,2026-06-26 16:45:51,Closed,4,Medium
3845,3830,SIM Activation,2023-03-10 04:19:19,Open,,High
3846,25763,Porting Issue,2024-10-14 05:15:21,Closed,9,Low
3847,30630,Customer Service,2024-08-09 17:41:51,Open,,Critical
3848,16910,Billing Dispute,2024-07-16 22:00:22,Resolved,7,Low
3849,42154,Network Issue,2023-04-02 19:48:48,Closed,7,Medium
3850,29936,Recharge Failure,2024-06-01 03:58:04,Escalated,,Low
3851,10648,SIM Activation,2025-05-15 09:46:16,Closed,15,High
3852,42713,Signal Not Available,2024-10-29 12:02:11,Escalated,,High
3853,10846,Signal Not Available,2023-07-31 14:59:43,In Progress,,High
3854,47031,Call Drop,2023-12-15 22:29:52,Escalated,,Critical
3855,28600,SIM Activation,2023-09-10 04:36:03,Closed,7,Low
3856,38667,Billing Dispute,2026-06-02 06:20:42,Closed,14,Low
3857,24665,Slow Internet,2023-07-22 04:33:48,Open,,High
3858,25055,Call Drop,2025-02-24 01:15:44,Open,,Critical
3859,3059,Data Not Working,2024-02-22 21:56:09,Resolved,2,Low
3860,42158,Billing Dispute,2025-12-27 09:33:19,Open,,Critical
3861,39702,Wrong Plan Charged,2025-12-16 23:32:15,In Progress,,Medium
3862,39239,Wrong Plan Charged,2024-05-27 11:50:56,Open,,High
3863,13797,Signal Not Available,2025-05-19 22:04:17,Open,,Critical
3864,39427,Signal Not Available,2024-05-10 22:13:09,Open,,Low
3865,20702,SIM Activation,2024-02-04 05:23:44,Open,,Medium
3866,41217,SIM Activation,2023-06-18 03:23:22,Open,,Critical
3867,19765,Recharge Failure,2025-02-10 03:45:37,In Progress,,Medium
3868,47157,Porting Issue,2023-10-03 00:19:14,In Progress,,Critical
3869,9288,Data Not Working,2024-03-23 23:46:07,In Progress,,Medium
3870,3237,Recharge Failure,2026-06-12 06:56:01,Escalated,,Medium
3871,43028,Recharge Failure,2023-02-07 07:34:49,Open,,Low
3872,47491,Customer Service,2025-12-15 09:44:45,In Progress,,Low
3873,33043,Customer Service,2026-07-26 02:49:56,Escalated,,High
3874,32506,Refund Request,2023-05-04 17:16:17,In Progress,,High
3875,3636,Signal Not Available,2024-02-16 18:29:41,Open,,Low
3876,36512,Network Issue,2023-11-29 17:13:19,Closed,0,Medium
3877,23754,Call Drop,2023-07-09 05:42:21,Resolved,4,High
3878,27558,Refund Request,2024-04-14 15:10:56,In Progress,,Medium
3879,29834,Refund Request,2024-11-21 03:53:25,Resolved,9,Critical
3880,26890,SIM Activation,2026-02-18 06:04:30,Open,,Critical
3881,2350,Porting Issue,2024-04-21 23:09:35,Open,,High
3882,40127,Data Not Working,2026-03-19 04:54:04,Resolved,3,Medium
3883,19664,Wrong Plan Charged,2025-04-17 12:21:55,In Progress,,Medium
3884,34964,SIM Activation,2023-06-09 15:46:21,Open,,Critical
3885,13114,Slow Internet,2025-05-04 10:56:03,In Progress,,Medium
3886,44801,Customer Service,2025-10-29 11:28:31,Closed,0,Medium
3887,34273,Refund Request,2026-03-18 21:37:22,In Progress,,Medium
3888,49527,Recharge Failure,2023-07-16 14:35:24,Escalated,,Low
3889,23878,Signal Not Available,2026-04-10 04:42:19,Open,,High
3890,16643,Refund Request,2023-06-30 04:00:09,Open,,Medium
3891,5468,Signal Not Available,2025-03-11 13:45:05,Resolved,5,High
3892,7869,Network Issue,2023-07-05 20:05:25,Resolved,5,Critical
3893,13558,Wrong Plan Charged,2023-05-21 07:41:36,Open,,Low
3894,48930,Wrong Plan Charged,2023-01-16 08:08:16,Closed,6,Critical
3895,14693,Customer Service,2024-02-24 06:55:42,Closed,0,Medium
3896,28125,Signal Not Available,2025-05-12 07:31:00,Closed,0,Medium
3897,26950,Billing Dispute,2024-07-07 17:23:09,Resolved,13,High
3898,43124,Slow Internet,2023-05-05 04:28:52,Escalated,,Critical
3899,3762,Porting Issue,2024-09-25 16:54:47,In Progress,,Medium
3900,47721,Wrong Plan Charged,2025-12-23 12:30:43,In Progress,,Medium
3901,7630,Wrong Plan Charged,2024-09-25 07:52:34,Open,,High
3902,10966,Data Not Working,2025-05-11 03:19:47,Escalated,,Critical
3903,40129,Signal Not Available,2024-08-16 22:17:19,Resolved,2,Medium
3904,26983,Data Not Working,2024-06-07 08:27:04,Closed,10,High
3905,16153,Data Not Working,2023-11-23 14:45:22,Open,,Critical
3906,46674,Customer Service,2024-09-10 03:14:40,Closed,8,Medium
3907,37301,Refund Request,2025-02-10 16:34:22,Resolved,10,Medium
3908,9158,Network Issue,2026-03-25 21:33:08,Resolved,2,Low
3909,38708,Billing Dispute,2023-02-17 07:27:17,Closed,6,High
3910,35604,Customer Service,2024-08-20 07:09:43,Closed,13,Medium
3911,44440,Billing Dispute,2024-06-20 08:31:38,In Progress,,Low
3912,37396,Recharge Failure,2025-09-06 18:24:17,In Progress,,Medium
3913,40939,Refund Request,2024-08-01 07:58:41,In Progress,,Low
3914,9321,Refund Request,2026-06-24 15:15:30,Open,,Low
3915,6481,SIM Activation,2026-04-15 00:31:01,Closed,5,Critical
3916,40264,SIM Activation,2026-06-13 21:20:38,Closed,8,Critical
3917,15801,Signal Not Available,2025-06-15 07:41:40,Closed,9,Medium
3918,39888,Signal Not Available,2025-03-12 15:44:41,Escalated,,Critical
3919,45151,Wrong Plan Charged,2025-10-14 18:56:04,Resolved,6,Low
3920,35206,Refund Request,2025-04-13 05:44:40,In Progress,,Critical
3921,41989,Call Drop,2023-09-17 03:22:01,Resolved,12,High
3922,44513,SIM Activation,2026-04-18 14:30:15,Closed,2,High
3923,32757,Porting Issue,2024-04-03 21:38:02,In Progress,,Critical
3924,29639,SIM Activation,2023-08-14 07:51:39,Resolved,9,High
3925,26046,Data Not Working,2023-06-12 10:40:14,In Progress,,Critical
3926,11127,Network Issue,2024-07-16 12:01:51,In Progress,,Critical
3927,13450,Customer Service,2025-12-24 21:52:03,Open,,Low
3928,48942,Customer Service,2023-01-01 10:48:40,Resolved,13,Critical
3929,32417,Porting Issue,2023-12-03 06:18:35,Escalated,,Medium
3930,48940,Signal Not Available,2025-07-09 21:44:34,Open,,Medium
3931,41657,Recharge Failure,2023-09-24 01:57:26,Open,,Critical
3932,29378,Porting Issue,2026-04-30 21:52:50,Escalated,,Medium
3933,29364,Data Not Working,2024-09-27 21:32:51,Escalated,,Critical
3934,31571,Data Not Working,2024-03-14 19:42:42,In Progress,,Low
3935,12176,Porting Issue,2026-06-18 21:46:41,Escalated,,Low
3936,34242,SIM Activation,2026-03-03 02:56:40,Resolved,11,Critical
3937,18224,Porting Issue,2023-06-03 08:33:32,Resolved,10,Critical
3938,21233,Wrong Plan Charged,2023-11-26 10:53:34,Open,,High
3939,34078,Billing Dispute,2025-11-14 07:09:53,In Progress,,Critical
3940,28139,Call Drop,2024-08-28 01:18:41,Open,,High
3941,8305,Data Not Working,2024-04-01 22:05:06,Escalated,,Medium
3942,12472,Refund Request,2025-10-10 23:29:44,Resolved,14,Critical
3943,30522,SIM Activation,2025-12-21 09:22:57,Resolved,0,Low
3944,18409,Network Issue,2024-07-02 17:51:57,In Progress,,Medium
3945,10634,Porting Issue,2026-05-26 08:02:17,Closed,3,High
3946,44034,Recharge Failure,2024-10-17 03:48:49,Resolved,15,High
3947,49203,Customer Service,2024-06-15 03:37:46,Escalated,,Low
3948,27764,Data Not Working,2025-03-23 03:57:22,Closed,10,Critical
3949,41378,Slow Internet,2026-05-20 15:20:37,Resolved,10,Medium
3950,14532,Call Drop,2026-07-02 02:13:20,Closed,15,Critical
3951,18454,Slow Internet,2024-04-13 18:23:51,In Progress,,Medium
3952,37320,Porting Issue,2025-06-07 19:32:31,Resolved,9,High
3953,46264,Refund Request,2026-02-14 00:13:43,Resolved,8,Critical
3954,37903,Call Drop,2023-11-17 21:21:06,In Progress,,Critical
3955,37903,Refund Request,2023-04-12 21:27:59,Resolved,12,Critical
3956,15302,Billing Dispute,2025-02-07 20:03:05,Escalated,,Medium
3957,33517,Porting Issue,2024-10-16 01:19:08,Escalated,,Low
3958,20368,Wrong Plan Charged,2024-11-15 20:00:37,Escalated,,Critical
3959,37097,Call Drop,2023-07-17 21:06:59,Closed,2,Critical
3960,2782,Customer Service,2023-11-11 15:27:54,Escalated,,Critical
3961,23779,Network Issue,2024-04-27 01:11:39,Escalated,,Low
3962,35317,Call Drop,2024-01-06 04:14:58,Resolved,2,Medium
3963,48874,Wrong Plan Charged,2023-01-20 02:59:27,Open,,High
3964,25404,Customer Service,2026-05-09 04:23:35,Resolved,0,Medium
3965,18453,SIM Activation,2025-10-06 15:47:03,Closed,11,Medium
3966,29651,Call Drop,2025-04-11 21:55:28,Escalated,,High
3967,44907,Call Drop,2024-05-20 12:25:25,Escalated,,Medium
3968,15398,SIM Activation,2024-06-17 11:05:08,Resolved,10,Critical
3969,1217,Data Not Working,2024-02-06 23:18:36,In Progress,,Low
3970,22762,Signal Not Available,2025-01-10 10:33:46,Open,,High
3971,28356,Data Not Working,2024-09-10 18:59:06,Escalated,,High
3972,38475,Slow Internet,2024-04-26 19:05:36,In Progress,,High
3973,42985,Signal Not Available,2023-03-29 12:59:00,Closed,8,Medium
3974,24769,Call Drop,2023-06-30 05:30:38,Resolved,3,Low
3975,1377,Slow Internet,2023-09-22 10:50:08,Closed,9,High
3976,5516,Billing Dispute,2023-03-25 13:10:39,Resolved,14,Critical
3977,44863,Customer Service,2023-01-10 23:05:16,Open,,Low
3978,40160,Porting Issue,2024-08-05 10:13:56,Resolved,8,High
3979,47336,Refund Request,2023-08-05 20:49:53,In Progress,,Critical
3980,41552,Billing Dispute,2026-01-21 01:44:22,Escalated,,Medium
3981,9545,Data Not Working,2025-02-06 11:45:55,In Progress,,Critical
3982,2479,Recharge Failure,2026-01-23 08:49:09,Closed,13,Medium
3983,24186,Data Not Working,2023-10-08 05:01:45,In Progress,,Critical
3984,42694,Data Not Working,2023-03-05 12:32:13,Resolved,7,Medium
3985,42899,Call Drop,2023-11-14 23:23:29,Closed,7,Critical
3986,12725,Signal Not Available,2024-12-22 23:23:21,In Progress,,Medium
3987,30387,SIM Activation,2023-08-08 17:31:44,Closed,0,High
3988,11371,Recharge Failure,2026-05-27 12:19:57,In Progress,,Medium
3989,29339,Recharge Failure,2024-03-29 04:28:37,Open,,Medium
3990,40848,Porting Issue,2026-01-03 09:30:47,In Progress,,Low
3991,17458,Slow Internet,2025-10-25 22:00:07,Closed,13,Medium
3992,30207,Wrong Plan Charged,2026-06-04 05:42:27,Closed,6,High
3993,1371,SIM Activation,2025-07-21 12:22:55,Resolved,0,Medium
3994,49416,Data Not Working,2023-12-25 18:36:18,Escalated,,Medium
3995,7997,Slow Internet,2024-09-12 09:30:40,Resolved,4,Low
3996,48506,Data Not Working,2025-01-19 12:02:23,Open,,Low
3997,16596,Slow Internet,2026-06-13 19:28:41,Open,,Medium
3998,1703,Wrong Plan Charged,2024-11-01 17:04:13,Resolved,15,Critical
3999,23942,Signal Not Available,2025-04-24 05:17:18,Open,,High
4000,6929,Slow Internet,2025-12-06 16:05:57,Resolved,6,Low
4001,32662,Refund Request,2023-12-31 07:52:45,Closed,12,Medium
4002,8806,Billing Dispute,2023-11-04 14:26:12,Resolved,7,High
4003,16341,Customer Service,2024-11-23 07:27:56,Open,,Low
4004,15233,Data Not Working,2023-10-03 10:13:50,Escalated,,High
4005,2715,SIM Activation,2024-05-27 19:53:14,Escalated,,Low
4006,36811,Network Issue,2024-04-15 07:55:28,Closed,3,Low
4007,3597,Call Drop,2025-05-09 09:01:29,Escalated,,Critical
4008,40537,Wrong Plan Charged,2023-08-31 11:58:40,Escalated,,Low
4009,228,Recharge Failure,2024-03-12 10:54:30,Closed,3,High
4010,43221,Call Drop,2025-09-22 21:21:52,In Progress,,Low
4011,15874,Call Drop,2025-03-29 19:44:53,In Progress,,Critical
4012,6256,Customer Service,2023-07-31 06:42:42,Resolved,14,Critical
4013,2488,Recharge Failure,2023-04-01 04:51:50,In Progress,,Critical
4014,47541,Call Drop,2026-01-25 00:39:44,In Progress,,Low
4015,39188,Porting Issue,2023-01-25 23:36:26,Escalated,,Critical
4016,32019,Customer Service,2024-06-14 05:18:26,Closed,15,Low
4017,24099,Call Drop,2023-08-04 18:39:25,Open,,Low
4018,24270,SIM Activation,2023-12-14 22:44:52,Closed,14,Critical
4019,21647,Billing Dispute,2023-06-02 21:45:30,Resolved,1,High
4020,3300,SIM Activation,2026-02-17 21:39:10,Resolved,1,Critical
4021,33123,Wrong Plan Charged,2025-12-07 14:28:41,Open,,Medium
4022,2205,Porting Issue,2025-06-07 11:01:37,Escalated,,High
4023,8610,Refund Request,2025-05-08 07:16:48,Escalated,,Critical
4024,43514,Signal Not Available,2025-11-21 09:46:11,Closed,13,Critical
4025,31527,Slow Internet,2025-08-23 12:58:47,Escalated,,Low
4026,4055,Billing Dispute,2025-02-05 22:59:11,In Progress,,Critical
4027,25652,Porting Issue,2023-05-14 15:40:00,Escalated,,High
4028,13690,Recharge Failure,2025-10-16 00:03:49,Closed,1,High
4029,3055,Call Drop,2024-03-31 21:29:52,Resolved,13,High
4030,8072,Billing Dispute,2025-04-20 02:04:14,Open,,High
4031,26168,SIM Activation,2025-08-13 00:35:30,Resolved,5,Medium
4032,33686,Wrong Plan Charged,2025-06-30 00:44:17,Open,,Medium
4033,21394,Slow Internet,2023-02-03 17:06:57,Open,,Low
4034,2238,Network Issue,2024-10-26 23:20:58,Resolved,0,High
4035,24934,Customer Service,2025-05-02 09:11:34,Resolved,5,Medium
4036,22415,Slow Internet,2024-10-03 20:44:07,In Progress,,Medium
4037,12208,Customer Service,2023-04-17 03:41:29,Resolved,1,High
4038,13764,Network Issue,2024-06-28 02:07:42,Open,,Low
4039,15526,Wrong Plan Charged,2025-02-20 21:55:40,Escalated,,Medium
4040,29831,Network Issue,2026-05-23 20:02:37,In Progress,,Low
4041,32662,SIM Activation,2025-03-11 00:37:09,Open,,Low
4042,32010,Network Issue,2026-07-16 23:21:34,Escalated,,Critical
4043,40239,Data Not Working,2026-05-14 15:52:54,Closed,8,Low
4044,43769,SIM Activation,2023-12-07 05:25:11,Open,,Low
4045,5750,Network Issue,2025-07-29 09:03:30,In Progress,,Low
4046,9504,Recharge Failure,2025-01-23 09:41:35,Open,,High
4047,15558,Refund Request,2025-01-02 06:23:20,Closed,8,High
4048,46999,Slow Internet,2024-02-09 21:27:58,Open,,Low
4049,44805,Billing Dispute,2026-04-03 19:19:10,Resolved,1,High
4050,39038,Slow Internet,2023-05-19 02:45:37,In Progress,,Low
4051,6872,Data Not Working,2026-04-02 08:28:09,Resolved,14,Medium
4052,12945,Signal Not Available,2024-02-05 17:09:54,Open,,High
4053,26606,Slow Internet,2025-12-13 05:32:22,In Progress,,Low
4054,26819,Customer Service,2023-09-05 16:11:57,In Progress,,Critical
4055,27348,Customer Service,2025-11-19 17:27:41,Closed,3,Critical
4056,8724,Refund Request,2023-05-31 14:52:00,Closed,3,Critical
4057,25756,SIM Activation,2024-02-01 19:01:38,Open,,Critical
4058,11315,Refund Request,2023-12-09 12:50:27,Resolved,8,High
4059,27181,SIM Activation,2024-11-10 05:34:10,In Progress,,High
4060,10951,Signal Not Available,2023-11-12 08:53:16,In Progress,,Low
4061,3293,Porting Issue,2023-02-26 15:01:12,Open,,High
4062,28255,Billing Dispute,2025-03-09 04:11:09,Open,,High
4063,7867,Customer Service,2025-01-16 19:41:10,Open,,Medium
4064,22619,SIM Activation,2025-09-14 16:57:56,Resolved,12,Critical
4065,32983,SIM Activation,2025-10-07 01:08:21,In Progress,,Critical
4066,20901,Recharge Failure,2025-07-26 16:49:18,Closed,6,Low
4067,351,Porting Issue,2025-01-25 06:19:59,Open,,Critical
4068,40108,SIM Activation,2024-03-27 02:08:37,Escalated,,High
4069,45242,SIM Activation,2025-10-06 05:03:02,Open,,High
4070,30963,Call Drop,2024-03-11 19:33:43,Open,,Medium
4071,13005,Refund Request,2026-06-03 13:11:56,Open,,Medium
4072,48678,Call Drop,2024-07-22 01:41:05,Resolved,5,High
4073,47052,Data Not Working,2023-08-28 01:47:18,Resolved,6,Medium
4074,35342,Recharge Failure,2025-07-08 19:06:14,Escalated,,High
4075,41900,Customer Service,2023-07-28 12:20:01,Open,,Critical
4076,535,Refund Request,2023-05-27 04:04:59,Escalated,,Low
4077,46835,Signal Not Available,2025-09-08 09:37:43,In Progress,,Medium
4078,30637,Call Drop,2025-05-13 22:30:18,Closed,1,Critical
4079,23735,SIM Activation,2025-08-22 04:11:31,Open,,High
4080,30772,Refund Request,2024-02-18 01:09:53,Closed,5,Medium
4081,31433,Wrong Plan Charged,2024-12-16 11:49:49,Open,,Low
4082,6447,Refund Request,2025-04-18 15:35:50,Escalated,,High
4083,15046,Billing Dispute,2025-07-14 09:14:09,Closed,12,High
4084,35832,Recharge Failure,2026-03-17 09:33:56,In Progress,,Medium
4085,43873,SIM Activation,2024-10-26 12:00:05,Escalated,,Critical
4086,48255,Signal Not Available,2026-02-18 02:21:38,Closed,6,Low
4087,1661,Recharge Failure,2025-08-18 22:19:49,In Progress,,Medium
4088,13503,Porting Issue,2025-05-28 05:28:43,Closed,11,Medium
4089,26741,Wrong Plan Charged,2025-10-16 00:04:20,Escalated,,Medium
4090,7692,Network Issue,2024-07-04 14:17:56,Open,,High
4091,28346,Call Drop,2023-05-14 02:04:24,In Progress,,Low
4092,25567,Signal Not Available,2024-03-25 17:31:03,Resolved,14,Low
4093,22084,Call Drop,2023-08-02 17:41:00,Open,,Critical
4094,48505,Refund Request,2024-01-07 08:18:58,Escalated,,Medium
4095,31109,Wrong Plan Charged,2023-02-16 13:28:19,Escalated,,Low
4096,2230,Customer Service,2025-04-11 07:53:04,Escalated,,Medium
4097,27100,Slow Internet,2023-01-31 19:03:56,In Progress,,Critical
4098,265,Network Issue,2024-06-23 14:09:29,Resolved,14,Low
4099,18010,Signal Not Available,2024-05-02 08:00:08,Open,,Low
4100,2846,Refund Request,2026-07-04 15:10:02,Resolved,4,Low
4101,26817,Network Issue,2025-01-04 02:04:48,Closed,1,Low
4102,49143,Recharge Failure,2026-02-26 18:15:56,Escalated,,Low
4103,415,Porting Issue,2024-01-20 09:01:46,Resolved,7,High
4104,45659,Wrong Plan Charged,2025-10-11 05:49:36,Closed,4,Low
4105,26646,Recharge Failure,2024-12-05 13:13:14,Escalated,,Low
4106,49991,Wrong Plan Charged,2023-08-11 07:39:54,Resolved,4,Low
4107,9600,SIM Activation,2025-03-08 09:56:03,Escalated,,Medium
4108,18324,Call Drop,2024-01-18 15:09:29,Open,,High
4109,6390,Call Drop,2023-02-22 00:08:25,In Progress,,Medium
4110,12757,Customer Service,2025-03-26 14:49:47,Resolved,8,Low
4111,8683,SIM Activation,2026-03-06 01:26:53,In Progress,,Medium
4112,13254,Billing Dispute,2024-12-07 09:19:25,Closed,3,Low
4113,47205,Billing Dispute,2025-01-13 22:16:02,Closed,2,Medium
4114,38957,Wrong Plan Charged,2025-02-16 23:15:49,Escalated,,Low
4115,33781,Wrong Plan Charged,2024-09-24 23:48:11,Resolved,1,Critical
4116,18619,SIM Activation,2024-12-27 21:51:33,Resolved,12,High
4117,48320,Billing Dispute,2025-03-05 05:49:56,Open,,High
4118,5584,Refund Request,2024-10-13 21:28:57,Escalated,,Critical
4119,9382,Porting Issue,2024-10-22 12:41:16,Closed,11,Medium
4120,27773,Porting Issue,2024-01-02 18:41:32,Resolved,6,Medium
4121,18346,Slow Internet,2026-05-02 12:23:46,In Progress,,Low
4122,30497,Billing Dispute,2023-11-05 17:07:06,Open,,Medium
4123,23586,Refund Request,2025-12-22 20:11:12,Closed,10,High
4124,47383,SIM Activation,2023-12-02 00:40:44,Open,,High
4125,12028,Signal Not Available,2023-12-02 05:10:19,Escalated,,High
4126,1549,Porting Issue,2026-01-22 01:19:02,Resolved,6,Critical
4127,22591,Billing Dispute,2024-08-20 03:12:08,Escalated,,Medium
4128,29411,Wrong Plan Charged,2024-09-26 03:20:34,Resolved,9,Medium
4129,37463,Recharge Failure,2025-01-20 08:02:26,In Progress,,Critical
4130,28126,SIM Activation,2023-09-17 08:18:20,Resolved,13,Critical
4131,15069,SIM Activation,2023-07-05 08:05:22,Escalated,,Low
4132,27629,Recharge Failure,2024-03-13 22:23:51,Escalated,,Low
4133,15828,SIM Activation,2025-10-15 06:48:29,Resolved,9,High
4134,25137,Customer Service,2025-12-29 12:30:50,Open,,Low
4135,34294,Slow Internet,2025-07-28 11:57:58,Open,,Low
4136,48366,Refund Request,2023-01-24 08:02:36,Closed,4,High
4137,15541,Recharge Failure,2023-11-14 11:15:11,Open,,Medium
4138,31280,Network Issue,2023-04-11 16:56:39,Escalated,,High
4139,11649,Slow Internet,2026-06-28 14:38:24,Resolved,2,Low
4140,4797,Data Not Working,2026-04-09 08:58:59,Closed,10,High
4141,6020,Customer Service,2023-09-11 02:16:43,Closed,4,High
4142,38499,Customer Service,2023-05-27 00:33:54,Open,,Medium
4143,778,Recharge Failure,2025-03-30 22:22:59,In Progress,,High
4144,18911,Billing Dispute,2026-05-31 18:34:54,Resolved,6,Critical
4145,36154,SIM Activation,2025-07-10 08:18:28,Escalated,,Critical
4146,7386,Signal Not Available,2025-11-18 21:10:52,In Progress,,High
4147,9383,Billing Dispute,2023-02-14 13:08:27,Closed,14,Low
4148,17167,Billing Dispute,2023-07-08 11:03:03,Open,,Medium
4149,17408,SIM Activation,2024-03-07 11:37:27,Escalated,,Medium
4150,4878,Billing Dispute,2023-01-08 04:56:21,Closed,15,Low
4151,22167,Billing Dispute,2026-02-22 10:51:01,Escalated,,Medium
4152,39440,SIM Activation,2024-04-22 11:04:04,In Progress,,High
4153,29590,Network Issue,2024-03-16 10:03:07,Resolved,2,Medium
4154,41358,Customer Service,2023-02-11 04:40:18,Escalated,,High
4155,25637,Wrong Plan Charged,2025-09-05 23:40:08,Resolved,0,Critical
4156,42735,Wrong Plan Charged,2025-10-21 07:54:15,Resolved,14,High
4157,25965,Signal Not Available,2024-12-14 12:04:39,Closed,11,Medium
4158,30748,Refund Request,2025-03-03 22:36:14,In Progress,,High
4159,32509,Porting Issue,2023-10-11 07:08:45,Closed,8,Medium
4160,3972,Call Drop,2025-01-05 07:14:04,Escalated,,Low
4161,28062,Slow Internet,2025-10-23 22:59:01,Escalated,,Critical
4162,8418,Customer Service,2024-11-04 23:23:35,Escalated,,Medium
4163,34270,Wrong Plan Charged,2024-11-03 17:17:09,Escalated,,High
4164,26622,Customer Service,2023-12-17 13:52:35,Escalated,,Critical
4165,19060,Network Issue,2026-05-16 15:11:42,Escalated,,Critical
4166,40978,Wrong Plan Charged,2026-04-12 02:58:04,Escalated,,High
4167,10912,Billing Dispute,2025-02-07 13:42:12,Open,,Low
4168,4713,Refund Request,2025-03-11 13:15:33,Closed,1,Critical
4169,16935,Porting Issue,2025-04-17 02:35:02,Closed,5,Low
4170,39292,Data Not Working,2024-06-23 06:01:40,Closed,10,High
4171,29114,Billing Dispute,2026-04-30 17:43:07,Escalated,,High
4172,9257,Data Not Working,2024-01-31 09:41:58,Open,,Critical
4173,42571,Network Issue,2026-02-21 22:10:36,In Progress,,High
4174,888,Refund Request,2025-11-06 22:32:33,Open,,Low
4175,24300,Refund Request,2023-09-23 15:08:16,Resolved,0,High
4176,28002,Wrong Plan Charged,2024-09-21 12:48:19,Resolved,3,Low
4177,18660,SIM Activation,2026-05-06 20:29:58,In Progress,,Critical
4178,41294,Recharge Failure,2025-04-29 11:17:50,Open,,Medium
4179,22673,Porting Issue,2025-09-11 09:36:17,Resolved,11,Low
4180,37186,Porting Issue,2023-11-26 05:58:35,Escalated,,Medium
4181,28166,Porting Issue,2023-04-19 23:14:55,Closed,8,Low
4182,11216,Call Drop,2026-05-05 22:47:03,In Progress,,Low
4183,25847,Call Drop,2024-09-22 15:07:27,Closed,8,Low
4184,38480,Wrong Plan Charged,2023-10-15 10:37:58,Resolved,6,Low
4185,22201,Customer Service,2023-09-02 19:55:09,Open,,Medium
4186,24466,Signal Not Available,2024-12-20 14:15:52,Resolved,7,Low
4187,39601,Data Not Working,2024-12-08 05:04:26,Closed,4,Low
4188,11763,Slow Internet,2023-06-13 13:58:14,Escalated,,Critical
4189,1328,Customer Service,2024-11-16 16:28:30,Open,,Medium
4190,48289,Refund Request,2026-01-20 16:43:42,Closed,9,Critical
4191,27644,Signal Not Available,2024-09-20 15:49:04,Open,,High
4192,326,Network Issue,2024-06-26 15:21:42,In Progress,,Critical
4193,5931,Customer Service,2023-07-04 20:56:32,Resolved,9,High
4194,42020,Slow Internet,2024-10-02 01:48:32,Resolved,7,High
4195,38764,Billing Dispute,2024-05-27 06:47:33,Escalated,,Critical
4196,25990,Recharge Failure,2025-06-14 12:18:41,Open,,Low
4197,8308,Slow Internet,2023-10-25 05:42:05,In Progress,,Low
4198,13417,Wrong Plan Charged,2026-02-09 00:26:31,Resolved,2,Critical
4199,44411,Data Not Working,2025-01-21 06:53:43,Resolved,1,Low
4200,36080,SIM Activation,2025-12-14 22:32:15,Open,,Medium
4201,36310,Porting Issue,2024-02-08 02:11:52,Escalated,,Critical
4202,19467,Customer Service,2023-06-03 10:41:51,Closed,6,High
4203,28207,Call Drop,2025-05-27 07:15:13,Resolved,12,Critical
4204,2108,Refund Request,2024-05-19 08:13:29,Open,,High
4205,6283,Porting Issue,2024-07-29 13:31:52,Open,,High
4206,48196,Recharge Failure,2024-06-10 20:25:36,Escalated,,Critical
4207,2179,Customer Service,2024-09-16 02:07:32,Closed,3,High
4208,3688,Slow Internet,2023-07-31 11:59:43,Resolved,10,Medium
4209,10291,Porting Issue,2024-02-02 12:22:51,In Progress,,Critical
4210,7278,Slow Internet,2026-07-15 10:43:46,Closed,0,Critical
4211,36783,Wrong Plan Charged,2024-06-04 00:31:19,In Progress,,High
4212,45006,Slow Internet,2024-05-23 09:57:23,Resolved,4,High
4213,28884,Signal Not Available,2023-07-19 06:16:04,In Progress,,Medium
4214,28030,Wrong Plan Charged,2024-08-17 02:27:51,Resolved,9,Medium
4215,40025,Billing Dispute,2023-08-09 06:26:27,Open,,Medium
4216,38667,Signal Not Available,2024-12-29 22:41:32,Escalated,,Low
4217,6901,Customer Service,2025-11-25 18:10:07,In Progress,,Medium
4218,27788,Porting Issue,2025-11-11 06:58:03,In Progress,,Low
4219,39523,Signal Not Available,2025-09-27 20:42:32,Closed,12,Critical
4220,17689,Wrong Plan Charged,2024-03-16 21:26:24,Closed,9,High
4221,4478,Slow Internet,2026-04-07 12:11:36,Escalated,,Critical
4222,48030,Billing Dispute,2025-03-13 03:11:54,Resolved,4,Critical
4223,49802,SIM Activation,2024-04-21 06:16:15,Resolved,8,Medium
4224,4835,Signal Not Available,2023-04-26 06:18:19,Open,,Critical
4225,45700,Data Not Working,2024-07-19 10:21:44,Resolved,12,Low
4226,18071,Recharge Failure,2023-10-30 22:44:20,Closed,6,Low
4227,43632,Network Issue,2024-03-13 10:28:40,In Progress,,Low
4228,20184,Refund Request,2025-06-04 00:37:23,In Progress,,Medium
4229,15016,Billing Dispute,2023-11-03 02:29:56,Closed,11,Low
4230,42377,Wrong Plan Charged,2026-06-24 01:39:49,In Progress,,Critical
4231,11545,Wrong Plan Charged,2023-09-07 00:27:15,Open,,High
4232,9648,Wrong Plan Charged,2026-06-23 00:03:18,Escalated,,Critical
4233,9708,SIM Activation,2024-11-22 07:35:56,Resolved,3,High
4234,9113,Refund Request,2024-12-29 16:10:37,Open,,Low
4235,35650,Recharge Failure,2023-10-23 21:09:12,In Progress,,Critical
4236,6279,Customer Service,2025-08-22 13:26:10,Resolved,11,Critical
4237,48499,Slow Internet,2024-05-24 12:44:05,In Progress,,Medium
4238,31609,Customer Service,2023-07-02 21:42:01,Resolved,6,Medium
4239,34128,Porting Issue,2025-06-08 22:52:58,In Progress,,Medium
4240,10282,Billing Dispute,2023-05-22 12:18:52,In Progress,,High
4241,10719,Wrong Plan Charged,2025-11-11 00:36:58,Open,,Low
4242,20006,Wrong Plan Charged,2024-02-09 00:32:11,Open,,Critical
4243,38661,Data Not Working,2025-07-24 07:23:55,Closed,1,High
4244,28813,Wrong Plan Charged,2025-06-10 11:24:17,In Progress,,Medium
4245,16345,Network Issue,2023-05-05 20:43:55,In Progress,,Critical
4246,31281,Billing Dispute,2023-01-04 21:32:25,Open,,Low
4247,5528,Network Issue,2025-05-14 07:57:02,Escalated,,Medium
4248,39769,Refund Request,2024-04-13 01:58:16,Escalated,,Critical
4249,39944,Customer Service,2024-11-16 18:57:52,Resolved,4,Low
4250,27500,Slow Internet,2023-10-13 05:13:07,Closed,0,High
4251,8914,Recharge Failure,2026-01-24 16:36:34,Open,,Medium
4252,40146,Data Not Working,2024-04-28 11:29:12,In Progress,,Low
4253,28316,Signal Not Available,2023-04-26 02:26:36,In Progress,,Medium
4254,17549,Billing Dispute,2026-01-30 19:38:40,Escalated,,High
4255,15383,Refund Request,2025-09-16 05:23:53,Open,,Low
4256,48623,Signal Not Available,2026-04-22 14:38:21,Escalated,,Critical
4257,12232,Network Issue,2024-03-31 04:39:34,Resolved,13,Medium
4258,5023,SIM Activation,2025-09-25 12:58:11,Escalated,,High
4259,35761,Wrong Plan Charged,2024-03-08 17:56:26,In Progress,,Low
4260,35187,Call Drop,2023-08-05 14:20:58,In Progress,,Low
4261,13948,Call Drop,2025-09-20 23:09:05,Escalated,,Critical
4262,31446,Billing Dispute,2026-06-27 07:45:45,Open,,Critical
4263,1237,Wrong Plan Charged,2025-09-15 03:20:00,Closed,13,High
4264,30720,Signal Not Available,2024-11-27 16:37:50,Resolved,11,High
4265,17363,Signal Not Available,2025-02-02 08:24:19,Open,,Low
4266,26805,Slow Internet,2025-07-01 07:44:57,Resolved,0,Low
4267,22983,Customer Service,2023-12-26 00:34:42,Escalated,,Medium
4268,13014,Signal Not Available,2024-04-07 00:27:01,In Progress,,Critical
4269,8851,Wrong Plan Charged,2024-09-25 20:14:51,In Progress,,Medium
4270,42719,Recharge Failure,2024-08-25 07:46:09,Open,,Critical
4271,38200,Billing Dispute,2023-08-20 10:07:16,Closed,5,Critical
4272,17537,Refund Request,2024-01-28 11:27:39,Closed,7,Medium
4273,9914,Porting Issue,2023-01-28 17:00:11,Escalated,,High
4274,33363,Data Not Working,2025-10-28 12:41:30,Resolved,7,Medium
4275,1718,Call Drop,2024-05-18 07:43:43,Closed,10,Critical
4276,24426,SIM Activation,2025-12-14 22:59:44,Escalated,,Medium
4277,5565,Porting Issue,2026-02-28 21:27:28,Escalated,,Critical
4278,1356,SIM Activation,2025-01-06 17:50:33,Escalated,,Medium
4279,983,Porting Issue,2025-03-11 22:51:44,Open,,Medium
4280,18435,Refund Request,2023-08-08 20:54:56,Resolved,4,Low
4281,10097,SIM Activation,2023-11-11 14:31:53,Escalated,,Medium
4282,45680,Slow Internet,2023-10-24 03:17:10,Escalated,,High
4283,9745,Network Issue,2023-04-14 23:12:50,Escalated,,Medium
4284,11637,Porting Issue,2025-11-17 10:45:21,Closed,0,Critical
4285,44320,Network Issue,2026-05-18 15:28:24,Escalated,,Critical
4286,14796,Porting Issue,2023-02-05 02:34:08,Resolved,7,Critical
4287,24436,Call Drop,2025-11-29 04:26:32,Resolved,7,Critical
4288,32651,Wrong Plan Charged,2024-05-06 17:45:13,In Progress,,Low
4289,39194,Recharge Failure,2026-05-18 13:25:52,Escalated,,High
4290,12095,Wrong Plan Charged,2025-05-09 13:42:32,Open,,Medium
4291,15115,Slow Internet,2024-02-04 10:17:42,Escalated,,Low
4292,17749,Call Drop,2023-05-30 11:51:23,Escalated,,Critical
4293,4657,Signal Not Available,2025-09-13 04:36:38,In Progress,,Medium
4294,12012,SIM Activation,2025-12-13 08:51:39,Resolved,14,Critical
4295,27181,Data Not Working,2025-04-04 13:15:32,Escalated,,Critical
4296,20742,Porting Issue,2023-08-06 11:10:44,In Progress,,Medium
4297,8124,Recharge Failure,2024-09-19 01:31:39,Closed,2,Medium
4298,28335,Signal Not Available,2024-12-11 04:30:44,In Progress,,High
4299,19562,Billing Dispute,2024-10-10 11:00:52,Closed,8,Medium
4300,49563,Refund Request,2024-05-21 05:19:12,Closed,6,Low
4301,8743,Call Drop,2026-01-18 13:17:07,In Progress,,Low
4302,21598,SIM Activation,2023-03-12 00:19:39,In Progress,,Medium
4303,21386,Billing Dispute,2025-04-22 02:37:56,Escalated,,High
4304,47552,Network Issue,2024-01-17 17:08:41,Resolved,10,Critical
4305,18602,Recharge Failure,2023-01-11 18:13:51,Escalated,,High
4306,3150,Network Issue,2024-05-14 19:52:21,Closed,14,Critical
4307,22634,Network Issue,2023-01-07 18:17:59,Open,,High
4308,30071,Call Drop,2025-03-09 21:42:59,Closed,1,Medium
4309,37762,Porting Issue,2023-02-05 09:45:02,In Progress,,Medium
4310,14419,SIM Activation,2023-06-02 02:47:35,Closed,5,High
4311,18272,Recharge Failure,2024-12-27 05:49:40,In Progress,,Medium
4312,38485,Network Issue,2023-04-29 23:46:07,In Progress,,Low
4313,3995,Refund Request,2025-11-13 11:50:08,Resolved,15,Critical
4314,45958,Network Issue,2025-03-29 19:34:21,In Progress,,High
4315,11629,Slow Internet,2023-12-11 12:51:38,Escalated,,Critical
4316,8278,Call Drop,2023-02-02 03:28:18,Open,,Medium
4317,10670,Slow Internet,2026-07-26 01:47:39,Resolved,12,High
4318,804,Porting Issue,2025-02-19 04:30:39,Resolved,0,High
4319,2133,Call Drop,2023-06-16 23:53:18,In Progress,,Low
4320,37411,Data Not Working,2025-09-24 10:14:59,In Progress,,Critical
4321,14721,Call Drop,2024-12-27 11:55:18,Resolved,13,Low
4322,23634,Call Drop,2026-04-27 23:58:43,Closed,11,Low
4323,6302,Signal Not Available,2026-04-12 04:30:46,Resolved,10,Medium
4324,7641,Signal Not Available,2026-01-12 09:05:12,Resolved,0,High
4325,7696,Billing Dispute,2024-09-11 02:15:11,In Progress,,High
4326,30090,Recharge Failure,2023-09-26 11:49:55,In Progress,,Critical
4327,33048,Slow Internet,2025-10-17 02:40:40,Resolved,14,Critical
4328,32593,Signal Not Available,2024-01-21 22:00:32,Open,,Low
4329,42832,Signal Not Available,2024-06-06 23:51:07,Resolved,2,Medium
4330,38520,Wrong Plan Charged,2026-03-12 04:02:44,Open,,Critical
4331,43509,Data Not Working,2025-05-27 10:21:47,Closed,10,High
4332,40472,Porting Issue,2025-06-06 04:54:50,Open,,Critical
4333,43025,Porting Issue,2023-03-18 00:33:40,Closed,11,High
4334,38849,Slow Internet,2026-01-07 13:50:45,Resolved,9,Medium
4335,35939,Customer Service,2024-09-24 02:00:44,Open,,Medium
4336,14626,Network Issue,2023-03-01 03:24:55,In Progress,,Low
4337,43934,Wrong Plan Charged,2025-02-17 22:40:05,Open,,Medium
4338,9184,Signal Not Available,2023-10-23 16:06:27,Escalated,,Low
4339,28881,Call Drop,2023-05-06 12:40:42,Closed,4,High
4340,46944,Network Issue,2024-03-12 13:49:24,In Progress,,Low
4341,44573,Wrong Plan Charged,2023-01-15 00:52:42,In Progress,,Critical
4342,28775,Porting Issue,2023-11-10 03:43:57,Open,,Critical
4343,14374,Slow Internet,2025-05-17 11:38:45,Resolved,14,Critical
4344,28764,SIM Activation,2023-09-17 08:47:19,In Progress,,Low
4345,2904,Customer Service,2024-05-16 12:58:09,Resolved,0,Critical
4346,9427,Porting Issue,2026-04-25 01:07:46,Resolved,0,Medium
4347,31563,Customer Service,2026-05-26 00:30:36,Resolved,8,High
4348,24935,Porting Issue,2025-11-25 01:01:51,In Progress,,Medium
4349,31167,Customer Service,2024-08-11 08:30:23,Escalated,,Critical
4350,6209,Signal Not Available,2024-04-07 21:15:41,Escalated,,Critical
4351,17634,Customer Service,2024-11-28 09:14:51,In Progress,,Low
4352,26467,Data Not Working,2025-09-02 05:36:42,Closed,8,Low
4353,15369,Recharge Failure,2024-12-05 13:53:21,Resolved,13,Critical
4354,4349,Billing Dispute,2023-10-06 23:28:05,In Progress,,High
4355,2178,Signal Not Available,2024-11-29 12:23:06,Resolved,6,Medium
4356,42748,Wrong Plan Charged,2023-03-19 12:32:29,Open,,Critical
4357,25578,Billing Dispute,2023-10-26 07:43:47,Escalated,,Medium
4358,9684,Refund Request,2023-11-22 19:30:31,In Progress,,High
4359,12171,SIM Activation,2023-02-22 21:23:01,Resolved,13,Medium
4360,27671,Porting Issue,2023-05-20 05:36:23,Closed,12,Critical
4361,2821,Network Issue,2026-05-13 06:23:32,Escalated,,Low
4362,7014,Data Not Working,2023-10-15 12:42:16,Resolved,10,Low
4363,42599,Signal Not Available,2024-11-18 23:03:59,In Progress,,Critical
4364,12249,Network Issue,2025-02-27 12:53:56,In Progress,,Low
4365,25232,Slow Internet,2024-12-10 20:41:00,In Progress,,Critical
4366,44292,Slow Internet,2024-11-17 12:17:40,Resolved,0,Medium
4367,32389,Slow Internet,2023-11-19 11:01:53,Resolved,7,High
4368,48078,Call Drop,2024-07-30 10:17:07,Resolved,15,Critical
4369,36314,Customer Service,2024-03-28 21:59:48,Resolved,5,Low
4370,8329,Wrong Plan Charged,2026-05-28 07:54:16,In Progress,,High
4371,15450,SIM Activation,2023-04-06 11:36:16,Escalated,,Medium
4372,42251,Signal Not Available,2023-12-11 18:10:45,Resolved,10,Medium
4373,22316,Recharge Failure,2023-10-20 05:49:41,Open,,High
4374,5840,Call Drop,2026-02-07 06:39:03,Resolved,9,Low
4375,37831,Slow Internet,2024-09-18 01:33:36,Closed,11,Low
4376,15056,Slow Internet,2025-02-26 04:55:31,Closed,12,Low
4377,27288,Data Not Working,2025-03-31 20:06:04,Closed,5,Medium
4378,38814,Data Not Working,2023-09-14 03:42:38,In Progress,,Low
4379,20101,SIM Activation,2023-11-27 20:49:01,Escalated,,High
4380,35188,Data Not Working,2024-03-20 11:47:00,In Progress,,Critical
4381,48228,Slow Internet,2024-06-13 07:29:30,Open,,Low
4382,33491,Slow Internet,2023-08-10 00:03:02,Open,,Medium
4383,37513,Billing Dispute,2024-07-04 15:18:57,Resolved,4,Medium
4384,16312,Slow Internet,2025-04-06 08:44:29,Open,,Critical
4385,24798,Data Not Working,2023-12-30 22:30:49,Closed,0,High
4386,33683,Data Not Working,2026-05-01 18:37:54,Resolved,9,Medium
4387,15822,Recharge Failure,2023-08-27 01:56:50,Escalated,,Critical
4388,31764,Call Drop,2025-10-12 03:33:28,Closed,11,Critical
4389,16066,Signal Not Available,2023-05-20 22:13:35,Closed,15,Critical
4390,43373,Refund Request,2025-06-22 05:28:07,Closed,0,High
4391,46084,Wrong Plan Charged,2025-12-01 00:50:10,In Progress,,Medium
4392,43769,Slow Internet,2026-06-13 18:19:24,Resolved,14,Medium
4393,36715,Wrong Plan Charged,2024-03-18 14:50:17,Closed,14,Low
4394,33618,Network Issue,2024-06-06 22:55:41,Open,,Critical
4395,38859,Billing Dispute,2026-07-06 09:32:09,In Progress,,Medium
4396,23546,Call Drop,2025-01-27 03:27:16,Closed,1,Medium
4397,26070,Slow Internet,2025-11-10 15:48:46,In Progress,,Critical
4398,26864,Porting Issue,2026-03-21 12:28:55,In Progress,,High
4399,21265,Network Issue,2023-06-02 09:01:56,Escalated,,Critical
4400,42761,Slow Internet,2025-07-30 07:40:45,Open,,Low
4401,5895,Data Not Working,2026-03-07 22:58:39,In Progress,,Critical
4402,19276,Signal Not Available,2025-03-21 12:16:28,Resolved,15,Low
4403,41472,Wrong Plan Charged,2023-01-02 17:34:29,In Progress,,High
4404,44241,Porting Issue,2024-11-18 17:56:16,Resolved,0,High
4405,26166,SIM Activation,2024-02-03 13:15:27,Closed,9,Medium
4406,26998,SIM Activation,2023-01-13 02:49:47,Resolved,15,Low
4407,6691,Signal Not Available,2024-03-02 19:35:23,Open,,Low
4408,47503,Signal Not Available,2023-07-14 00:35:19,Closed,14,High
4409,35284,Customer Service,2024-11-12 02:58:53,Open,,Medium
4410,32859,Porting Issue,2024-11-22 23:54:01,Escalated,,Medium
4411,14487,Customer Service,2024-10-11 20:33:39,Open,,Low
4412,34733,Porting Issue,2023-02-16 20:12:48,Open,,Medium
4413,15549,Slow Internet,2025-04-01 09:41:02,Resolved,3,Medium
4414,36533,Billing Dispute,2025-01-19 00:29:27,In Progress,,High
4415,19994,Wrong Plan Charged,2023-10-16 02:17:51,Closed,5,High
4416,11228,Wrong Plan Charged,2025-08-14 04:49:08,Escalated,,Medium
4417,35381,Network Issue,2024-04-06 23:32:10,In Progress,,Medium
4418,8840,Data Not Working,2024-12-02 00:54:36,Resolved,9,Critical
4419,48476,Wrong Plan Charged,2025-12-02 18:35:05,In Progress,,Critical
4420,2850,Recharge Failure,2025-09-17 18:22:54,In Progress,,Low
4421,14951,Wrong Plan Charged,2025-08-25 20:33:44,Resolved,6,Medium
4422,27572,Slow Internet,2023-01-05 10:50:18,Closed,9,Critical
4423,47038,Customer Service,2024-03-24 01:59:08,Open,,Low
4424,3104,Wrong Plan Charged,2025-10-13 22:43:42,Resolved,13,Low
4425,41736,Customer Service,2023-02-07 03:44:01,Closed,6,Critical
4426,46881,Wrong Plan Charged,2025-10-19 05:54:54,Escalated,,Critical
4427,15928,Customer Service,2025-04-24 19:48:39,Resolved,7,Medium
4428,7587,Wrong Plan Charged,2025-10-31 14:58:55,Resolved,15,High
4429,30064,Network Issue,2024-05-11 18:08:21,Open,,Critical
4430,20446,Recharge Failure,2024-09-20 12:30:31,Open,,Critical
4431,12490,Refund Request,2024-11-07 11:59:28,Closed,0,Low
4432,46344,Customer Service,2023-01-11 01:47:18,In Progress,,High
4433,34721,Signal Not Available,2023-11-26 13:49:14,Open,,High
4434,29931,Porting Issue,2023-01-28 20:11:34,Escalated,,Medium
4435,27998,Customer Service,2023-06-18 05:52:57,In Progress,,Critical
4436,5326,Recharge Failure,2025-01-01 20:40:15,Escalated,,Critical
4437,38963,Signal Not Available,2025-05-01 11:54:16,Closed,12,High
4438,27208,SIM Activation,2023-02-01 12:46:30,Escalated,,Low
4439,47903,Network Issue,2025-01-17 13:10:27,Escalated,,Low
4440,22625,Slow Internet,2026-07-01 04:54:26,Closed,12,Low
4441,9920,Customer Service,2025-08-31 13:18:10,Resolved,5,Critical
4442,46014,SIM Activation,2024-07-07 00:50:12,Resolved,6,Low
4443,2692,Customer Service,2023-11-19 12:21:42,In Progress,,High
4444,10358,Call Drop,2025-01-24 22:03:32,Open,,Medium
4445,30631,SIM Activation,2023-04-22 12:16:30,Escalated,,Medium
4446,16735,Wrong Plan Charged,2025-02-02 22:17:39,In Progress,,Medium
4447,11197,Refund Request,2024-04-09 11:52:00,Resolved,0,Low
4448,24929,Slow Internet,2023-06-16 05:40:14,Escalated,,Critical
4449,22285,SIM Activation,2025-04-27 16:12:02,Escalated,,Medium
4450,6196,Wrong Plan Charged,2025-05-13 07:16:15,Resolved,2,Medium
4451,20302,Recharge Failure,2024-10-25 18:47:13,In Progress,,Critical
4452,11816,Porting Issue,2024-02-14 01:26:18,In Progress,,High
4453,7126,Signal Not Available,2025-06-27 21:50:47,Closed,13,Critical
4454,39000,Refund Request,2024-08-30 15:07:17,Open,,Critical
4455,38430,Refund Request,2023-09-25 15:24:55,Open,,Low
4456,25064,Recharge Failure,2026-05-03 07:01:00,Open,,Low
4457,42647,SIM Activation,2024-03-28 05:01:28,In Progress,,Low
4458,27908,Call Drop,2024-10-07 08:59:25,Open,,Critical
4459,22136,Data Not Working,2025-09-03 21:22:33,Open,,Medium
4460,11245,Refund Request,2026-04-22 22:38:48,Resolved,13,Critical
4461,32135,Refund Request,2026-07-07 12:38:03,Resolved,14,Medium
4462,47089,Porting Issue,2024-08-24 10:09:32,Escalated,,High
4463,31031,Call Drop,2024-10-27 16:08:09,Closed,15,High
4464,30628,Wrong Plan Charged,2024-04-09 03:24:44,Open,,Low
4465,23976,Billing Dispute,2025-08-16 07:29:25,Escalated,,Medium
4466,37535,SIM Activation,2024-11-01 02:24:24,Escalated,,Critical
4467,14576,Wrong Plan Charged,2024-06-29 12:25:41,Open,,Critical
4468,47962,Billing Dispute,2024-11-20 21:45:45,Open,,Low
4469,47120,Data Not Working,2023-02-06 17:20:46,In Progress,,High
4470,26057,Customer Service,2025-03-09 19:46:15,Escalated,,Critical
4471,10924,Recharge Failure,2025-12-11 12:40:59,Resolved,15,High
4472,31581,Signal Not Available,2024-07-09 01:22:48,Open,,High
4473,37349,Wrong Plan Charged,2025-10-29 08:44:19,Escalated,,Medium
4474,48469,Network Issue,2025-01-19 15:05:57,In Progress,,High
4475,38590,Porting Issue,2025-02-25 06:11:43,In Progress,,High
4476,2609,Wrong Plan Charged,2025-04-07 00:15:31,Resolved,8,Medium
4477,45213,Recharge Failure,2024-10-30 17:04:39,In Progress,,High
4478,241,Call Drop,2023-10-16 12:42:38,Closed,1,Low
4479,35806,Porting Issue,2023-04-27 12:32:40,In Progress,,Medium
4480,47750,Signal Not Available,2026-07-25 12:00:57,Escalated,,Critical
4481,14696,SIM Activation,2026-05-06 15:47:21,Open,,Medium
4482,9442,Slow Internet,2024-07-15 11:00:40,Open,,Critical
4483,48369,Network Issue,2023-02-13 04:25:38,Closed,15,Critical
4484,26074,Customer Service,2024-04-11 15:04:48,In Progress,,Low
4485,14767,Recharge Failure,2025-03-02 12:59:01,In Progress,,Low
4486,10696,Network Issue,2026-02-18 16:12:14,Escalated,,Medium
4487,20459,Customer Service,2026-03-02 10:31:48,Escalated,,Low
4488,46224,Porting Issue,2025-06-07 18:26:15,Closed,13,High
4489,2476,Call Drop,2025-11-21 21:03:59,Escalated,,Critical
4490,29737,Refund Request,2024-03-14 21:42:25,In Progress,,Medium
4491,13636,Wrong Plan Charged,2025-03-06 17:06:51,Open,,Medium
4492,16478,Customer Service,2023-02-03 11:47:43,In Progress,,Low
4493,42857,Signal Not Available,2023-04-12 23:18:01,Open,,High
4494,5067,Refund Request,2025-10-11 03:45:04,Open,,Medium
4495,18178,Signal Not Available,2023-03-23 19:29:03,In Progress,,Medium
4496,5108,Network Issue,2025-09-10 12:08:00,Closed,4,Critical
4497,30622,SIM Activation,2025-12-12 17:36:03,Escalated,,Critical
4498,29321,Slow Internet,2023-03-12 16:50:36,Escalated,,Low
4499,5685,Customer Service,2025-08-30 21:08:10,Escalated,,Critical
4500,3692,Slow Internet,2024-09-06 02:02:27,Closed,8,Critical
4501,27857,SIM Activation,2023-09-11 11:17:29,Escalated,,Medium
4502,33536,Slow Internet,2026-06-29 22:02:49,Closed,3,High
4503,21836,Recharge Failure,2024-07-14 02:28:55,Closed,1,Critical
4504,18062,Data Not Working,2025-03-10 10:25:43,Resolved,11,Critical
4505,42510,Call Drop,2025-03-04 18:47:59,Escalated,,Medium
4506,9345,Refund Request,2025-11-01 06:10:51,Resolved,5,Medium
4507,2087,Signal Not Available,2024-04-27 10:43:28,Closed,9,Low
4508,22098,Call Drop,2026-06-18 14:39:59,Open,,Critical
4509,28886,Slow Internet,2025-08-29 04:53:43,Resolved,12,Low
4510,20360,Customer Service,2025-08-01 05:01:23,Closed,0,Medium
4511,2428,Billing Dispute,2025-08-12 17:52:37,Escalated,,Medium
4512,34988,Slow Internet,2023-04-19 07:55:18,Open,,Low
4513,12904,Call Drop,2025-08-07 23:34:40,Escalated,,Low
4514,39291,Signal Not Available,2023-02-26 15:17:54,Open,,Low
4515,18393,Call Drop,2024-03-12 15:07:08,Open,,Critical
4516,19815,Slow Internet,2025-05-12 17:40:50,Resolved,15,Low
4517,47992,SIM Activation,2024-07-30 23:50:33,Open,,High
4518,6941,Recharge Failure,2023-04-12 12:27:47,Resolved,15,Low
4519,27796,Refund Request,2023-06-02 01:23:33,Resolved,15,Medium
4520,11610,Recharge Failure,2026-01-09 18:45:07,Escalated,,High
4521,33258,Refund Request,2023-03-28 06:38:52,Open,,Low
4522,38479,Customer Service,2025-07-22 03:59:40,Open,,Critical
4523,22054,Refund Request,2023-07-22 08:53:05,Resolved,4,Low
4524,12184,Refund Request,2026-01-02 15:50:47,Escalated,,Low
4525,14041,SIM Activation,2024-12-03 07:44:48,Closed,14,Critical
4526,24492,Data Not Working,2023-11-25 21:17:18,In Progress,,Critical
4527,34562,Billing Dispute,2025-06-18 19:35:12,Open,,Critical
4528,4786,Wrong Plan Charged,2025-09-25 18:26:56,Open,,High
4529,49254,Recharge Failure,2026-06-27 20:12:21,Closed,4,Critical
4530,24535,Refund Request,2023-08-14 03:06:29,Open,,High
4531,39066,Billing Dispute,2025-05-25 10:51:33,Escalated,,Low
4532,34783,Recharge Failure,2026-03-18 01:35:16,Escalated,,Critical
4533,1258,Refund Request,2025-07-31 15:01:06,Escalated,,Medium
4534,12982,Signal Not Available,2025-09-23 04:20:35,In Progress,,Critical
4535,16132,Data Not Working,2024-10-30 12:46:09,Closed,0,Low
4536,46051,Call Drop,2024-04-25 12:44:34,Escalated,,High
4537,32565,Signal Not Available,2024-09-30 16:21:18,Escalated,,Medium
4538,69,Porting Issue,2023-11-30 08:20:59,In Progress,,Low
4539,3878,Refund Request,2023-05-15 14:03:59,In Progress,,Critical
4540,41019,Wrong Plan Charged,2023-12-13 18:15:12,Open,,High
4541,28103,Network Issue,2025-12-04 03:04:07,Open,,Medium
4542,4191,Slow Internet,2023-04-20 11:47:37,Resolved,0,High
4543,6735,SIM Activation,2024-04-16 06:11:53,Escalated,,Medium
4544,24737,Recharge Failure,2023-02-11 23:39:47,Escalated,,Low
4545,4014,Refund Request,2025-01-11 19:39:05,Open,,High
4546,4802,Data Not Working,2025-09-18 13:47:31,Closed,6,Critical
4547,6039,Porting Issue,2023-12-27 13:27:06,Escalated,,Low
4548,2707,Customer Service,2024-04-03 11:02:16,In Progress,,Critical
4549,7553,SIM Activation,2023-05-09 00:54:28,Open,,Critical
4550,18254,Signal Not Available,2023-08-20 08:55:44,Open,,Medium
4551,27195,Signal Not Available,2026-02-23 04:44:19,Open,,Medium
4552,43046,Wrong Plan Charged,2023-03-07 04:58:39,Escalated,,Medium
4553,30573,Wrong Plan Charged,2023-10-11 14:20:04,Escalated,,Critical
4554,938,Slow Internet,2026-03-25 15:57:25,Escalated,,Medium
4555,43266,Billing Dispute,2024-12-06 18:21:46,Open,,High
4556,7129,Signal Not Available,2024-05-18 05:02:16,In Progress,,Low
4557,44287,Refund Request,2023-09-10 21:46:36,In Progress,,Low
4558,40230,Recharge Failure,2025-07-22 17:39:12,Closed,11,Critical
4559,45257,Customer Service,2023-03-19 01:20:47,Escalated,,Medium
4560,38026,Recharge Failure,2023-03-18 09:20:02,In Progress,,Medium
4561,35806,SIM Activation,2023-03-15 05:53:44,Escalated,,High
4562,18541,Billing Dispute,2024-10-23 10:35:19,In Progress,,Medium
4563,25389,Customer Service,2023-07-05 19:41:35,Open,,Medium
4564,14902,Recharge Failure,2026-05-16 09:54:58,Closed,6,High
4565,41232,Refund Request,2025-09-14 07:50:21,Open,,Critical
4566,39978,Slow Internet,2026-03-01 16:45:25,Resolved,5,High
4567,13454,Data Not Working,2024-05-02 20:28:26,Escalated,,High
4568,8882,Customer Service,2026-04-11 03:51:39,In Progress,,High
4569,4215,Network Issue,2026-02-21 06:28:18,Resolved,10,Critical
4570,10994,Slow Internet,2024-06-18 00:55:20,Resolved,11,Low
4571,4597,Billing Dispute,2023-07-23 03:56:34,Escalated,,Critical
4572,48829,SIM Activation,2025-10-09 10:07:52,In Progress,,Critical
4573,42604,Network Issue,2026-03-24 08:04:54,Closed,11,Critical
4574,12556,Call Drop,2024-03-20 22:43:38,Closed,9,Medium
4575,17490,Wrong Plan Charged,2023-08-30 00:18:52,Closed,0,Medium
4576,451,Billing Dispute,2025-07-25 09:04:40,Closed,14,High
4577,4890,Refund Request,2023-12-09 22:03:49,Escalated,,Low
4578,7762,Porting Issue,2023-08-29 23:54:17,Open,,Low
4579,17959,Refund Request,2023-02-12 00:06:35,Resolved,1,Low
4580,11602,Network Issue,2023-04-29 21:03:00,Closed,14,Critical
4581,202,Signal Not Available,2025-11-16 17:41:58,Resolved,6,Critical
4582,49944,Slow Internet,2023-09-17 03:33:51,Open,,Critical
4583,48048,Data Not Working,2023-06-30 17:33:50,In Progress,,Low
4584,3938,Customer Service,2025-12-21 01:33:14,Escalated,,Low
4585,38075,Network Issue,2024-04-27 04:26:31,Closed,13,Critical
4586,28071,Network Issue,2023-09-24 06:53:48,Resolved,8,High
4587,19252,Data Not Working,2025-06-23 19:00:10,Escalated,,Critical
4588,3683,Data Not Working,2025-07-07 10:59:58,Closed,13,Low
4589,41378,Customer Service,2023-08-20 08:00:08,Resolved,11,Low
4590,19268,Call Drop,2025-11-29 17:23:42,Closed,6,Critical
4591,15653,Customer Service,2024-06-13 04:50:49,Escalated,,Low
4592,19060,Recharge Failure,2026-06-12 00:04:02,In Progress,,High
4593,34622,Billing Dispute,2024-08-19 08:51:24,In Progress,,Critical
4594,20983,Signal Not Available,2025-07-28 15:09:10,In Progress,,Critical
4595,23024,Billing Dispute,2023-03-19 19:44:53,Open,,Medium
4596,12132,Recharge Failure,2023-04-23 19:32:32,In Progress,,Critical
4597,21131,Slow Internet,2024-07-07 19:27:34,Escalated,,Medium
4598,30011,Customer Service,2024-08-13 13:19:54,Closed,13,Critical
4599,28969,Slow Internet,2023-05-05 02:41:08,Escalated,,Critical
4600,4379,Call Drop,2023-12-06 06:31:17,Escalated,,Low
4601,44003,Call Drop,2025-08-26 21:03:55,Open,,Medium
4602,20215,Wrong Plan Charged,2023-02-26 01:46:56,Resolved,9,Low
4603,46468,Signal Not Available,2025-04-11 01:27:15,Open,,Critical
4604,11832,Recharge Failure,2025-03-24 14:39:16,In Progress,,Low
4605,7067,Wrong Plan Charged,2025-07-16 15:10:37,Escalated,,Medium
4606,3567,Call Drop,2025-11-11 16:00:08,Open,,High
4607,36061,Call Drop,2025-05-13 17:54:28,In Progress,,Low
4608,37999,Signal Not Available,2025-01-02 02:58:41,Resolved,7,High
4609,48375,Billing Dispute,2023-10-17 05:07:33,In Progress,,Medium
4610,40209,Call Drop,2025-06-22 06:59:52,In Progress,,Medium
4611,46420,Data Not Working,2024-10-06 03:15:02,In Progress,,High
4612,2003,Customer Service,2025-02-16 06:46:38,In Progress,,Low
4613,27711,Data Not Working,2025-01-10 06:41:23,Resolved,15,Critical
4614,44040,Refund Request,2026-03-20 17:56:33,Escalated,,Low
4615,31389,Data Not Working,2023-05-28 07:50:07,Resolved,14,High
4616,38059,Network Issue,2024-08-27 18:00:35,Escalated,,High
4617,809,Customer Service,2025-08-21 16:05:16,In Progress,,Critical
4618,30376,Slow Internet,2026-03-02 18:25:01,Open,,High
4619,45363,Recharge Failure,2023-12-24 18:12:34,Open,,Medium
4620,22715,Network Issue,2025-02-28 14:20:50,Closed,2,Critical
4621,31484,Billing Dispute,2023-06-14 10:36:24,Resolved,11,Critical
4622,11968,Porting Issue,2026-04-17 07:23:31,Closed,9,High
4623,30172,Refund Request,2025-08-19 08:48:47,Escalated,,Critical
4624,26413,Slow Internet,2025-05-08 04:18:05,Escalated,,Low
4625,2503,Billing Dispute,2026-04-28 10:38:00,Escalated,,Medium
4626,27159,Recharge Failure,2024-12-09 10:45:58,Resolved,3,Medium
4627,33031,Recharge Failure,2024-06-02 18:04:23,Closed,7,Medium
4628,30671,Signal Not Available,2024-07-29 22:55:38,Open,,Low
4629,35454,Refund Request,2025-07-05 14:41:01,Resolved,12,Low
4630,48241,Porting Issue,2026-01-09 22:57:12,Escalated,,Medium
4631,46695,Slow Internet,2026-05-08 00:35:29,Resolved,2,Critical
4632,39338,Network Issue,2025-11-29 11:12:37,Open,,Critical
4633,17171,Refund Request,2024-02-03 06:10:52,In Progress,,Medium
4634,27446,Billing Dispute,2025-09-25 07:51:11,In Progress,,Critical
4635,26549,Data Not Working,2025-05-21 07:42:56,Resolved,6,High
4636,8256,Porting Issue,2024-01-14 04:17:51,Closed,5,Critical
4637,3325,Data Not Working,2025-07-23 02:21:37,Resolved,6,Critical
4638,4401,Recharge Failure,2024-01-03 05:08:15,Resolved,15,Medium
4639,1005,Customer Service,2024-06-23 06:00:36,In Progress,,Critical
4640,39552,Signal Not Available,2024-01-11 02:40:06,Escalated,,Medium
4641,26861,Signal Not Available,2023-04-02 13:57:03,Closed,14,Low
4642,11252,Network Issue,2024-02-16 07:37:40,In Progress,,Critical
4643,18414,Call Drop,2023-12-24 09:53:03,Open,,Critical
4644,9242,Refund Request,2026-01-10 19:20:53,Open,,Critical
4645,8941,Wrong Plan Charged,2024-07-07 20:58:14,Resolved,10,Medium
4646,16581,Recharge Failure,2023-08-18 20:02:14,Closed,15,Medium
4647,46066,SIM Activation,2025-04-23 04:26:45,Closed,9,Low
4648,22593,Data Not Working,2025-01-11 07:52:13,Resolved,0,High
4649,41044,Recharge Failure,2026-04-05 08:39:23,Resolved,15,High
4650,3215,Recharge Failure,2025-12-23 23:19:04,Open,,Low
4651,8254,Billing Dispute,2024-05-09 00:33:15,In Progress,,High
4652,18492,SIM Activation,2023-01-13 21:55:42,Resolved,13,Critical
4653,30092,Refund Request,2025-03-28 11:32:01,Resolved,14,Low
4654,43078,Wrong Plan Charged,2026-04-28 18:15:05,Resolved,13,Critical
4655,28026,Wrong Plan Charged,2026-05-15 12:33:45,Resolved,9,Low
4656,31178,Billing Dispute,2026-07-14 22:22:05,Open,,High
4657,14976,Porting Issue,2026-02-19 22:57:07,Resolved,12,Low
4658,19585,SIM Activation,2024-10-10 05:22:19,In Progress,,Critical
4659,1117,Wrong Plan Charged,2026-04-18 20:13:17,Resolved,11,Critical
4660,2165,Refund Request,2023-11-03 09:49:18,Escalated,,Low
4661,24038,Refund Request,2023-12-22 09:35:22,Open,,Medium
4662,9506,Signal Not Available,2023-11-09 22:33:44,Escalated,,Low
4663,17231,Network Issue,2025-04-17 18:08:33,Escalated,,High
4664,18413,Customer Service,2025-03-13 22:02:46,Open,,High
4665,23133,Network Issue,2023-06-22 16:52:54,Closed,15,Critical
4666,3983,SIM Activation,2026-03-30 01:17:56,Escalated,,Medium
4667,32996,Signal Not Available,2026-02-01 10:33:20,Closed,14,Medium
4668,27262,Call Drop,2023-11-29 18:38:28,In Progress,,Critical
4669,29156,Slow Internet,2026-01-21 15:33:29,Open,,Medium
4670,17753,Billing Dispute,2023-11-19 14:22:10,Open,,Critical
4671,27754,Customer Service,2026-05-29 17:15:02,Escalated,,Low
4672,2489,Wrong Plan Charged,2025-09-17 21:33:58,Escalated,,Low
4673,12581,Data Not Working,2024-10-03 19:01:17,Escalated,,Critical
4674,43181,Signal Not Available,2023-10-06 21:20:36,In Progress,,Low
4675,30276,Slow Internet,2024-12-27 01:46:14,Resolved,8,High
4676,34191,SIM Activation,2024-04-01 19:09:35,Escalated,,Low
4677,12520,Customer Service,2023-01-18 15:29:21,In Progress,,Low
4678,5610,Billing Dispute,2025-05-20 05:55:47,Resolved,4,Low
4679,49121,Customer Service,2023-12-25 01:01:36,Escalated,,Low
4680,15911,Refund Request,2024-07-16 15:20:19,In Progress,,Critical
4681,5760,Refund Request,2023-11-30 19:39:03,Resolved,14,High
4682,26233,Signal Not Available,2024-05-15 09:52:26,Resolved,15,High
4683,49788,Network Issue,2024-08-30 08:05:23,Open,,Low
4684,2406,Wrong Plan Charged,2025-11-16 16:26:48,Resolved,4,Critical
4685,16023,Slow Internet,2025-04-03 19:08:47,Resolved,10,Low
4686,39,Network Issue,2026-06-30 00:46:38,Open,,High
4687,35312,Billing Dispute,2024-12-04 12:34:59,Resolved,13,Medium
4688,14558,Network Issue,2024-10-14 02:06:31,Open,,High
4689,45033,Signal Not Available,2025-09-26 15:36:05,In Progress,,Critical
4690,37767,Network Issue,2024-11-28 09:21:57,Closed,1,Medium
4691,44757,Billing Dispute,2024-06-14 07:01:42,Escalated,,Medium
4692,10582,Porting Issue,2025-10-20 07:43:23,In Progress,,Critical
4693,43235,Data Not Working,2025-08-23 01:05:00,In Progress,,Low
4694,551,Signal Not Available,2024-02-06 22:57:57,Closed,9,High
4695,43228,Billing Dispute,2025-06-19 15:13:40,In Progress,,Low
4696,24546,Signal Not Available,2023-07-28 09:58:09,In Progress,,Low
4697,21460,SIM Activation,2023-11-10 05:24:13,Resolved,10,High
4698,21702,Wrong Plan Charged,2023-06-20 20:37:41,In Progress,,Low
4699,2493,Refund Request,2023-02-17 02:45:09,Escalated,,Low
4700,18802,Billing Dispute,2023-08-26 23:29:33,Escalated,,High
4701,38257,Slow Internet,2024-09-06 14:18:57,Resolved,5,High
4702,12176,SIM Activation,2026-02-14 12:44:47,In Progress,,Medium
4703,41030,Data Not Working,2023-12-22 17:43:35,Escalated,,High
4704,17177,Billing Dispute,2025-09-10 18:50:01,Escalated,,Low
4705,48107,Recharge Failure,2023-11-05 11:41:45,Open,,Low
4706,14715,Wrong Plan Charged,2025-11-25 12:41:50,Resolved,7,High
4707,14200,SIM Activation,2024-04-13 04:14:17,Resolved,2,High
4708,1224,Customer Service,2025-05-30 06:48:36,Closed,6,Critical
4709,17655,Call Drop,2024-05-07 03:32:11,Open,,Medium
4710,44895,Network Issue,2025-07-24 06:55:52,In Progress,,High
4711,47389,Signal Not Available,2023-09-11 09:43:17,Closed,12,Medium
4712,14090,Recharge Failure,2024-05-27 02:43:20,Escalated,,Critical
4713,39408,Refund Request,2025-06-05 06:45:12,Resolved,9,Medium
4714,29031,Call Drop,2025-02-01 21:05:39,Closed,14,High
4715,45517,Refund Request,2026-01-16 13:02:48,In Progress,,High
4716,38398,Recharge Failure,2026-05-29 12:51:47,Closed,3,Critical
4717,840,Wrong Plan Charged,2025-12-02 07:40:52,Escalated,,Critical
4718,1787,SIM Activation,2025-07-30 19:00:03,Resolved,2,Medium
4719,28612,Recharge Failure,2025-01-13 05:21:49,Resolved,12,Critical
4720,14858,Porting Issue,2023-03-25 08:50:07,Open,,Critical
4721,11122,Signal Not Available,2024-11-18 11:27:12,In Progress,,Medium
4722,21350,Call Drop,2023-01-21 19:17:27,Open,,Low
4723,9085,Network Issue,2024-07-19 21:57:41,Resolved,9,High
4724,29948,Call Drop,2026-06-02 14:17:43,Escalated,,High
4725,26479,Call Drop,2023-05-05 12:49:56,In Progress,,High
4726,3029,SIM Activation,2025-06-26 10:00:08,Escalated,,Low
4727,32829,Wrong Plan Charged,2025-04-02 02:10:09,Escalated,,Critical
4728,45476,Network Issue,2024-03-17 10:18:01,Escalated,,Critical
4729,33255,Network Issue,2026-02-27 12:28:24,Escalated,,Critical
4730,32248,Signal Not Available,2026-06-12 06:57:25,Open,,Critical
4731,38121,Customer Service,2025-08-09 13:13:07,Closed,0,Low
4732,35966,Customer Service,2026-05-27 08:05:30,Closed,9,Low
4733,8325,Customer Service,2024-04-13 08:02:47,In Progress,,Low
4734,48169,Slow Internet,2023-06-09 08:27:01,Closed,9,Critical
4735,39373,Recharge Failure,2023-12-18 08:43:16,In Progress,,Critical
4736,4902,Network Issue,2025-03-19 09:22:08,In Progress,,High
4737,8624,Recharge Failure,2023-07-28 12:59:21,Escalated,,Medium
4738,26842,Billing Dispute,2024-05-25 22:58:33,In Progress,,Medium
4739,32844,Recharge Failure,2025-02-10 15:48:37,Closed,9,High
4740,13661,Refund Request,2025-06-28 20:15:16,Escalated,,Low
4741,11750,Data Not Working,2026-06-10 07:11:33,Escalated,,Low
4742,20072,Billing Dispute,2025-06-15 20:27:02,Open,,High
4743,38592,Wrong Plan Charged,2025-07-14 11:49:04,Closed,8,Critical
4744,11691,Call Drop,2025-05-10 16:13:46,Closed,13,Critical
4745,37522,Network Issue,2023-10-17 21:15:23,Open,,Critical
4746,16397,Billing Dispute,2024-06-18 09:48:35,Escalated,,Critical
4747,11708,Billing Dispute,2023-06-18 12:18:03,Escalated,,Low
4748,19594,Call Drop,2025-11-21 11:43:20,In Progress,,Medium
4749,27589,SIM Activation,2026-04-29 11:11:03,Closed,5,Critical
4750,4322,Network Issue,2025-09-29 00:06:22,Closed,9,Medium
4751,12571,Porting Issue,2025-09-18 03:59:05,Escalated,,Medium
4752,24992,Slow Internet,2026-06-09 11:35:27,Escalated,,Medium
4753,13457,Wrong Plan Charged,2023-07-01 11:23:57,Closed,12,Medium
4754,38073,Refund Request,2023-03-02 15:26:50,Resolved,0,Low
4755,14938,Slow Internet,2025-05-12 23:24:02,Resolved,0,Critical
4756,45831,Wrong Plan Charged,2023-12-18 12:28:26,In Progress,,Critical
4757,8169,Customer Service,2025-12-24 19:22:49,Resolved,1,Low
4758,2115,Customer Service,2026-01-31 15:04:32,In Progress,,Low
4759,24083,Data Not Working,2024-07-05 10:10:33,In Progress,,Low
4760,13987,SIM Activation,2025-07-12 20:04:22,In Progress,,Critical
4761,28549,Signal Not Available,2026-06-29 18:34:08,Escalated,,Medium
4762,15780,Porting Issue,2026-07-08 09:17:03,Closed,10,Critical
4763,34758,Signal Not Available,2025-10-18 11:40:31,Resolved,3,High
4764,24942,Wrong Plan Charged,2026-05-29 13:14:25,Open,,Critical
4765,30113,Porting Issue,2023-12-06 06:45:17,Escalated,,High
4766,6900,Data Not Working,2024-04-28 14:30:31,In Progress,,Critical
4767,30361,Wrong Plan Charged,2025-12-28 04:55:01,Open,,Low
4768,15371,Data Not Working,2026-02-22 04:17:23,Closed,13,High
4769,7228,Customer Service,2024-02-14 05:59:39,Resolved,2,Critical
4770,36930,SIM Activation,2023-02-15 11:17:25,Resolved,14,Critical
4771,12208,Data Not Working,2026-05-06 08:52:10,Resolved,1,High
4772,46340,Customer Service,2024-02-28 05:45:43,In Progress,,Critical
4773,38289,Wrong Plan Charged,2026-01-13 01:02:42,In Progress,,Critical
4774,24329,Slow Internet,2025-11-25 00:15:51,Closed,8,High
4775,9922,Wrong Plan Charged,2025-08-27 10:50:54,In Progress,,High
4776,41603,Slow Internet,2024-12-12 14:10:47,Closed,0,High
4777,20168,Billing Dispute,2025-10-20 23:07:15,In Progress,,High
4778,10795,SIM Activation,2026-01-25 16:07:01,Open,,Critical
4779,47579,Slow Internet,2025-08-08 15:18:21,Resolved,5,Medium
4780,24318,Call Drop,2023-03-29 12:10:51,Closed,10,Medium
4781,43998,Recharge Failure,2025-06-07 16:27:44,In Progress,,Low
4782,5746,Refund Request,2025-12-20 12:19:53,Resolved,7,High
4783,18403,Billing Dispute,2023-05-29 19:48:59,Closed,2,Low
4784,2196,Refund Request,2026-07-16 06:02:29,Resolved,8,Low
4785,40968,SIM Activation,2024-06-15 22:11:59,Open,,High
4786,10418,Customer Service,2024-01-25 00:15:28,In Progress,,Low
4787,6648,Signal Not Available,2023-08-27 19:04:23,Open,,High
4788,10869,Network Issue,2023-12-24 10:17:32,Closed,9,Critical
4789,40533,Network Issue,2024-08-14 08:43:12,Escalated,,Critical
4790,1578,Data Not Working,2024-12-09 20:26:58,In Progress,,High
4791,4237,Billing Dispute,2023-07-10 20:58:43,Escalated,,Critical
4792,8496,Customer Service,2025-12-04 11:28:06,In Progress,,Critical
4793,29839,Recharge Failure,2024-08-06 01:51:01,Open,,Low
4794,16255,Call Drop,2024-07-28 23:57:05,In Progress,,Critical
4795,7453,Data Not Working,2025-03-12 09:49:32,Open,,High
4796,29089,Network Issue,2024-07-08 06:11:01,In Progress,,Medium
4797,12050,Porting Issue,2024-11-17 08:28:14,Escalated,,Medium
4798,8267,Billing Dispute,2023-08-12 14:42:57,Escalated,,Critical
4799,9517,Wrong Plan Charged,2024-04-29 12:33:13,Resolved,0,Low
4800,49105,Network Issue,2023-01-23 00:39:01,Resolved,15,High
4801,41614,Customer Service,2024-04-10 17:31:52,Escalated,,Low
4802,8272,Slow Internet,2023-01-09 16:02:08,Resolved,11,Critical
4803,49512,Recharge Failure,2026-02-16 05:10:59,Escalated,,High
4804,45082,SIM Activation,2026-03-22 16:50:43,Closed,7,Low
4805,24435,Customer Service,2026-03-02 13:38:55,Open,,Medium
4806,25557,Billing Dispute,2023-11-02 16:14:15,Resolved,9,Low
4807,37036,Porting Issue,2024-08-20 17:45:13,In Progress,,High
4808,40114,Slow Internet,2025-04-26 23:22:29,Escalated,,Critical
4809,5464,SIM Activation,2023-12-08 07:08:39,Open,,Critical
4810,25542,Porting Issue,2023-06-03 20:34:46,Resolved,12,Medium
4811,49988,SIM Activation,2026-03-04 09:47:06,Open,,High
4812,16700,Recharge Failure,2023-08-30 03:54:24,In Progress,,High
4813,37899,Signal Not Available,2024-06-16 12:49:55,Resolved,9,Critical
4814,562,Call Drop,2023-03-18 07:41:36,Escalated,,Low
4815,35921,Refund Request,2025-10-13 23:34:25,In Progress,,High
4816,49470,Refund Request,2024-03-06 11:58:38,Closed,1,Medium
4817,44142,Network Issue,2026-07-21 04:06:59,Open,,Low
4818,8404,Porting Issue,2026-02-09 20:19:07,In Progress,,Medium
4819,41200,Refund Request,2024-07-31 15:22:36,Escalated,,Critical
4820,7236,Data Not Working,2024-11-13 04:11:02,Open,,High
4821,35572,Billing Dispute,2024-04-03 20:09:44,Resolved,7,Low
4822,31117,Refund Request,2025-05-19 10:59:48,Escalated,,Medium
4823,35420,Call Drop,2025-02-15 00:34:05,In Progress,,Medium
4824,17134,Network Issue,2024-12-15 23:03:46,Open,,High
4825,18675,Billing Dispute,2023-07-07 01:41:51,Escalated,,Critical
4826,168,Customer Service,2025-04-04 00:39:41,Closed,5,High
4827,23795,Refund Request,2025-04-24 19:44:09,Closed,9,Medium
4828,629,Signal Not Available,2025-08-11 18:00:56,Closed,8,High
4829,31957,Network Issue,2025-12-18 16:41:30,Escalated,,Medium
4830,41998,Data Not Working,2023-11-08 13:43:40,Escalated,,High
4831,12237,Network Issue,2025-09-30 08:54:09,Resolved,4,Critical
4832,2995,Data Not Working,2025-06-24 06:17:14,Escalated,,Medium
4833,22324,Signal Not Available,2025-10-29 12:30:08,Open,,Medium
4834,45453,Billing Dispute,2026-04-14 07:54:19,Closed,4,Critical
4835,1305,Porting Issue,2024-09-29 20:51:53,Closed,7,Medium
4836,32154,Recharge Failure,2024-08-17 11:34:29,Closed,1,Critical
4837,8024,SIM Activation,2023-10-26 05:43:46,Resolved,1,Medium
4838,47514,Wrong Plan Charged,2025-10-10 12:20:08,Resolved,9,High
4839,15242,Slow Internet,2025-10-28 11:44:29,Closed,12,Low
4840,49420,Wrong Plan Charged,2023-09-22 01:03:05,In Progress,,Low
4841,8021,Call Drop,2024-08-07 04:58:18,Closed,7,Low
4842,38225,Customer Service,2025-12-13 10:55:17,In Progress,,Critical
4843,11770,Porting Issue,2023-03-31 12:09:04,Closed,13,Low
4844,37349,Network Issue,2024-04-08 19:52:30,In Progress,,Critical
4845,27459,Slow Internet,2026-03-10 02:26:02,Resolved,0,Low
4846,308,Slow Internet,2024-08-31 03:51:22,Resolved,11,Critical
4847,27489,Network Issue,2024-04-25 21:59:00,Closed,3,Critical
4848,17387,Billing Dispute,2024-10-30 21:22:08,Escalated,,Medium
4849,28332,SIM Activation,2026-04-04 02:49:23,Open,,Low
4850,19235,Billing Dispute,2024-05-17 03:19:25,Resolved,11,Low
4851,33854,Billing Dispute,2023-04-07 17:46:29,Open,,Critical
4852,49239,Wrong Plan Charged,2025-07-23 00:01:27,In Progress,,Critical
4853,24406,Refund Request,2023-06-09 03:10:07,In Progress,,Critical
4854,44611,SIM Activation,2026-05-28 18:31:31,Escalated,,High
4855,1990,Wrong Plan Charged,2023-07-26 09:59:22,Resolved,12,Low
4856,34965,Call Drop,2025-08-03 00:41:47,Open,,Critical
4857,36724,Refund Request,2023-10-04 10:32:26,Escalated,,High
4858,41641,Network Issue,2024-12-22 19:58:12,Escalated,,High
4859,40398,Customer Service,2024-05-19 17:40:28,Open,,Medium
4860,6159,SIM Activation,2025-10-20 02:34:41,Closed,4,Medium
4861,22547,Customer Service,2024-04-05 12:21:45,Open,,High
4862,3000,Customer Service,2024-11-05 06:37:16,Closed,14,High
4863,48685,Refund Request,2024-11-05 08:46:03,In Progress,,Low
4864,5138,Signal Not Available,2025-03-17 06:41:50,Open,,Low
4865,14564,Network Issue,2026-07-01 19:59:28,Escalated,,Low
4866,40474,Data Not Working,2025-12-22 17:56:10,In Progress,,High
4867,28264,Slow Internet,2024-05-19 15:49:07,Open,,Low
4868,7518,Wrong Plan Charged,2026-02-20 14:05:06,In Progress,,High
4869,23846,Slow Internet,2023-07-15 21:48:14,Open,,Critical
4870,10925,Wrong Plan Charged,2024-06-11 20:47:38,Resolved,8,High
4871,34532,SIM Activation,2025-02-22 09:20:43,Closed,5,Low
4872,28471,Call Drop,2025-06-19 04:01:22,Closed,7,Critical
4873,21608,Billing Dispute,2025-10-16 16:50:56,In Progress,,Low
4874,9619,Refund Request,2026-05-15 14:55:50,In Progress,,High
4875,45865,Signal Not Available,2023-05-01 09:45:55,Escalated,,Critical
4876,30288,Data Not Working,2026-06-14 05:23:02,In Progress,,Critical
4877,14701,Wrong Plan Charged,2026-06-23 11:27:24,In Progress,,High
4878,35558,Network Issue,2023-12-21 15:13:26,Open,,Low
4879,20995,SIM Activation,2025-12-03 17:09:22,Resolved,2,Critical
4880,36929,Slow Internet,2023-07-05 23:28:25,Resolved,15,High
4881,35164,Recharge Failure,2026-07-23 17:54:32,Escalated,,Critical
4882,27117,Customer Service,2025-12-23 13:23:18,Escalated,,Low
4883,7117,SIM Activation,2023-03-31 18:27:52,In Progress,,High
4884,48779,Data Not Working,2025-10-31 11:34:04,Resolved,7,Low
4885,11996,Network Issue,2025-07-04 07:41:00,Closed,7,High
4886,7327,Customer Service,2024-12-04 23:09:11,Resolved,15,Medium
4887,35670,Data Not Working,2025-09-30 15:18:52,Closed,11,Critical
4888,11792,Network Issue,2023-01-31 21:13:43,Closed,0,High
4889,29967,Call Drop,2024-03-10 11:03:10,In Progress,,Low
4890,7441,Signal Not Available,2023-05-10 08:42:03,Open,,High
4891,13926,Refund Request,2025-08-18 23:04:35,Closed,6,Critical
4892,35936,Signal Not Available,2024-01-07 15:14:21,Resolved,4,Critical
4893,7307,Billing Dispute,2025-09-19 11:55:34,Closed,13,High
4894,31872,Refund Request,2024-06-30 08:34:00,Escalated,,High
4895,39277,Refund Request,2023-11-20 10:04:30,Closed,14,High
4896,32154,Network Issue,2024-10-10 22:27:23,Resolved,3,High
4897,30296,Customer Service,2025-06-19 02:57:44,Resolved,12,Medium
4898,46139,Slow Internet,2023-03-11 16:35:09,In Progress,,High
4899,44885,Network Issue,2023-04-11 18:02:33,Resolved,3,Critical
4900,8601,Data Not Working,2023-07-25 13:45:13,Escalated,,High
4901,13707,Network Issue,2025-09-21 22:00:31,In Progress,,High
4902,10902,Recharge Failure,2024-03-08 15:49:37,Resolved,11,High
4903,19005,Billing Dispute,2025-12-01 22:57:28,Open,,Low
4904,15970,Billing Dispute,2024-01-11 07:42:48,In Progress,,High
4905,38621,Slow Internet,2023-09-02 11:20:04,In Progress,,Medium
4906,41321,Network Issue,2025-07-30 23:04:17,Resolved,1,Medium
4907,25397,Porting Issue,2024-04-02 17:04:17,Open,,Low
4908,5386,Billing Dispute,2023-12-18 07:00:21,Resolved,6,Critical
4909,25192,Porting Issue,2026-06-11 19:17:19,Resolved,15,High
4910,35391,Billing Dispute,2024-06-22 00:46:01,Closed,9,Medium
4911,23222,Call Drop,2023-07-19 01:36:44,Closed,2,Medium
4912,30023,Slow Internet,2024-12-16 04:01:14,Closed,3,High
4913,38792,Signal Not Available,2025-12-26 23:10:15,Closed,0,Critical
4914,5873,Porting Issue,2024-04-03 05:43:07,Resolved,6,Low
4915,30746,Refund Request,2026-05-31 19:39:57,In Progress,,Medium
4916,41633,Refund Request,2023-01-12 21:02:54,Closed,3,High
4917,26275,Customer Service,2024-02-01 20:08:11,Open,,High
4918,32041,Recharge Failure,2023-03-25 19:07:59,Closed,0,Critical
4919,9162,SIM Activation,2024-07-18 22:37:59,Resolved,14,High
4920,8847,Wrong Plan Charged,2025-01-15 17:28:58,Closed,15,Medium
4921,29277,Call Drop,2023-03-01 18:00:08,Resolved,15,Low
4922,13512,Signal Not Available,2025-01-27 03:37:28,Escalated,,High
4923,29037,Data Not Working,2023-03-27 18:58:34,Closed,6,High
4924,17032,Billing Dispute,2023-04-14 12:37:17,In Progress,,Low
4925,7638,Refund Request,2025-03-24 01:28:20,Closed,9,Low
4926,7677,Porting Issue,2025-07-13 14:06:19,Closed,10,Critical
4927,9073,Billing Dispute,2024-04-19 11:50:45,In Progress,,High
4928,31857,Slow Internet,2023-09-03 16:49:51,Escalated,,Medium
4929,17114,Wrong Plan Charged,2025-07-01 14:18:46,In Progress,,Critical
4930,18760,Customer Service,2025-08-10 14:54:13,In Progress,,Low
4931,12363,Recharge Failure,2025-03-15 14:54:56,Escalated,,Medium
4932,7766,Slow Internet,2026-03-29 08:18:49,Escalated,,Critical
4933,31768,Porting Issue,2025-12-05 00:53:13,Closed,15,High
4934,14000,Recharge Failure,2025-06-05 14:32:02,Closed,13,Medium
4935,39468,Billing Dispute,2023-06-08 12:57:05,Escalated,,High
4936,18679,SIM Activation,2025-03-06 03:58:54,In Progress,,High
4937,16352,Network Issue,2026-03-07 11:23:51,Resolved,1,Medium
4938,11373,Call Drop,2025-08-19 08:12:21,In Progress,,High
4939,18161,Call Drop,2026-05-09 09:43:53,In Progress,,Medium
4940,12197,Billing Dispute,2024-03-25 02:21:04,Resolved,0,High
4941,43991,Wrong Plan Charged,2025-05-28 03:30:32,Resolved,8,Critical
4942,18419,Billing Dispute,2024-02-19 11:41:28,Resolved,2,Medium
4943,24333,Recharge Failure,2026-03-20 00:18:01,Escalated,,Low
4944,11128,Wrong Plan Charged,2025-02-05 17:06:16,Resolved,10,Critical
4945,2238,Network Issue,2025-04-09 20:55:14,In Progress,,Critical
4946,44151,Signal Not Available,2025-12-23 09:20:13,Escalated,,Low
4947,23044,Recharge Failure,2024-04-24 12:45:54,Resolved,2,Medium
4948,17851,Porting Issue,2023-11-15 15:21:02,In Progress,,Critical
4949,20455,Signal Not Available,2023-11-25 22:59:22,Escalated,,High
4950,24438,Refund Request,2024-07-29 12:16:54,Open,,High
4951,6329,Signal Not Available,2025-01-12 11:19:12,In Progress,,Low
4952,22799,Recharge Failure,2024-02-14 14:39:19,Closed,15,Critical
4953,38032,Data Not Working,2025-10-31 02:36:10,Open,,High
4954,46026,Refund Request,2026-06-02 16:44:50,In Progress,,High
4955,7263,Data Not Working,2024-10-09 03:06:49,In Progress,,Medium
4956,31708,Porting Issue,2026-01-29 16:56:04,In Progress,,Medium
4957,44733,Porting Issue,2025-09-10 03:16:43,Open,,Medium
4958,543,Recharge Failure,2023-08-05 10:53:07,Closed,11,Critical
4959,16157,Data Not Working,2023-05-22 03:53:38,In Progress,,High
4960,45434,Network Issue,2025-12-19 17:44:24,In Progress,,Low
4961,15525,SIM Activation,2024-10-23 02:33:28,Escalated,,High
4962,27887,Slow Internet,2026-01-14 02:58:23,Open,,Low
4963,30054,SIM Activation,2023-06-23 06:48:29,In Progress,,High
4964,1129,Porting Issue,2025-05-07 02:02:07,Open,,Critical
4965,5320,Signal Not Available,2025-11-26 21:50:10,Closed,13,Low
4966,39773,Data Not Working,2023-02-21 01:33:51,In Progress,,Low
4967,24350,Slow Internet,2024-08-07 01:56:22,Resolved,2,Critical
4968,7223,Slow Internet,2024-08-05 08:58:38,Closed,4,Low
4969,18549,Billing Dispute,2026-06-12 17:12:21,Resolved,3,Critical
4970,43487,Network Issue,2023-11-14 04:23:08,Escalated,,Medium
4971,10964,Slow Internet,2025-05-14 23:27:19,Resolved,13,Critical
4972,33698,Network Issue,2024-12-25 00:35:51,Escalated,,Medium
4973,1853,Signal Not Available,2026-05-24 07:50:19,Closed,14,Low
4974,3294,Signal Not Available,2025-06-13 17:25:43,Closed,12,Medium
4975,19489,Network Issue,2024-06-17 02:26:41,Closed,6,Medium
4976,4569,Wrong Plan Charged,2024-02-08 20:07:17,In Progress,,Medium
4977,36482,Recharge Failure,2025-07-10 05:20:05,Escalated,,Low
4978,32654,Slow Internet,2024-09-04 14:39:47,Resolved,9,Medium
4979,19749,Slow Internet,2025-09-27 11:03:48,In Progress,,Medium
4980,14817,Billing Dispute,2023-01-23 06:48:33,Closed,1,Critical
4981,4545,Wrong Plan Charged,2024-11-05 01:12:35,In Progress,,Medium
4982,16192,Data Not Working,2024-09-13 15:28:17,Open,,Critical
4983,47283,Signal Not Available,2024-02-10 20:01:07,In Progress,,Low
4984,366,Data Not Working,2024-09-15 12:54:23,Open,,High
4985,3355,Network Issue,2025-05-01 09:55:56,Escalated,,High
4986,38567,Porting Issue,2026-04-26 22:54:38,Resolved,15,Low
4987,43961,Wrong Plan Charged,2024-07-06 08:35:19,Resolved,1,Medium
4988,49859,Data Not Working,2024-08-31 07:32:17,Open,,Low
4989,40149,Call Drop,2024-08-04 16:21:16,Closed,11,Medium
4990,5140,Signal Not Available,2024-02-06 06:41:30,Open,,High
4991,19994,Data Not Working,2024-04-05 04:53:24,Closed,7,Critical
4992,36165,Wrong Plan Charged,2023-09-23 19:31:13,Escalated,,Medium
4993,42295,Recharge Failure,2023-10-02 00:24:33,Escalated,,Critical
4994,18359,Data Not Working,2025-03-27 17:43:07,In Progress,,Medium
4995,22123,Network Issue,2025-01-23 11:16:27,Escalated,,Low
4996,29906,Signal Not Available,2023-06-20 06:43:15,Escalated,,Low
4997,37012,SIM Activation,2026-01-16 03:29:50,Escalated,,Medium
4998,49318,Porting Issue,2024-06-04 11:50:20,Closed,15,Low
4999,13940,Billing Dispute,2025-04-06 03:52:51,Resolved,0,Medium
5000,12456,SIM Activation,2026-06-05 00:40:02,Open,,High
5001,39288,Network Issue,2023-03-10 11:52:55,Resolved,1,Low
5002,47740,SIM Activation,2025-09-03 13:46:35,Escalated,,Low
5003,5075,Customer Service,2025-11-24 10:00:56,Resolved,10,Low
5004,7399,Porting Issue,2026-04-16 13:04:19,Closed,9,High
5005,2718,Refund Request,2023-07-01 06:41:54,In Progress,,Medium
5006,7070,Wrong Plan Charged,2025-05-19 08:26:59,Resolved,11,High
5007,31609,Recharge Failure,2025-01-30 01:14:31,Resolved,8,Low
5008,16248,Customer Service,2026-05-29 22:11:50,Open,,Critical
5009,25232,Data Not Working,2023-04-09 02:05:41,Resolved,6,Critical
5010,37194,Data Not Working,2023-07-19 22:08:19,In Progress,,Critical
5011,41644,Wrong Plan Charged,2023-08-30 23:56:51,In Progress,,Critical
5012,40598,Signal Not Available,2023-10-28 12:02:29,Open,,Critical
5013,22642,Data Not Working,2024-12-07 02:57:00,Open,,Critical
5014,36471,Data Not Working,2026-07-25 12:34:37,Open,,High
5015,41911,Network Issue,2026-01-17 21:50:04,Open,,Low
5016,29999,Network Issue,2025-05-30 08:33:35,Resolved,6,Medium
5017,24759,Signal Not Available,2026-05-07 02:10:14,Resolved,0,Critical
5018,33388,Wrong Plan Charged,2025-09-01 00:56:55,In Progress,,Medium
5019,11757,Network Issue,2024-08-26 08:13:32,In Progress,,Medium
5020,11480,Data Not Working,2024-10-01 17:35:06,In Progress,,Critical
5021,14066,SIM Activation,2024-08-06 13:22:01,Open,,Medium
5022,23254,Recharge Failure,2024-07-12 18:43:03,Closed,15,Medium
5023,9102,Network Issue,2023-05-22 13:50:02,In Progress,,Medium
5024,27797,Network Issue,2024-07-21 21:36:04,Resolved,2,Low
5025,5572,Recharge Failure,2023-01-10 06:32:28,Resolved,12,Medium
5026,38804,Billing Dispute,2026-06-27 00:46:58,Resolved,9,High
5027,3533,Call Drop,2025-08-30 13:06:09,In Progress,,Medium
5028,14331,SIM Activation,2025-07-12 06:45:15,Escalated,,Critical
5029,10977,Customer Service,2025-10-24 22:50:32,Closed,11,High
5030,35050,Billing Dispute,2025-08-14 07:34:58,Resolved,13,Low
5031,29208,Porting Issue,2024-08-14 05:43:55,Open,,Medium
5032,42535,Porting Issue,2025-03-13 22:22:47,Closed,2,Critical
5033,44565,Wrong Plan Charged,2023-10-27 01:20:00,Escalated,,Critical
5034,6680,Porting Issue,2023-10-18 22:19:11,Escalated,,Medium
5035,1491,Customer Service,2024-11-17 02:39:06,In Progress,,Medium
5036,3556,Signal Not Available,2026-04-02 02:29:11,Resolved,3,Medium
5037,28751,Network Issue,2025-05-14 01:01:16,Closed,11,Medium
5038,13160,Customer Service,2026-04-13 23:53:14,In Progress,,Low
5039,24427,SIM Activation,2023-03-13 12:31:50,Resolved,6,Critical
5040,27520,Refund Request,2026-01-28 09:19:08,Escalated,,Critical
5041,19267,Customer Service,2026-04-16 14:33:51,Closed,11,Low
5042,3313,Network Issue,2023-07-29 17:36:37,Closed,3,Low
5043,19922,Billing Dispute,2024-12-11 23:49:42,Closed,4,Low
5044,19644,Recharge Failure,2023-11-12 11:23:09,Closed,10,Medium
5045,49485,Customer Service,2024-04-27 16:29:59,Closed,6,High
5046,15478,Porting Issue,2023-10-01 03:48:48,Escalated,,High
5047,6977,Data Not Working,2023-07-31 18:35:50,Resolved,15,Medium
5048,13629,Customer Service,2025-05-15 08:42:20,Closed,14,Medium
5049,37604,Data Not Working,2025-03-15 16:40:45,Open,,Medium
5050,33542,Recharge Failure,2025-06-08 16:06:01,Escalated,,Critical
5051,26762,Wrong Plan Charged,2025-08-15 23:43:37,In Progress,,Low
5052,2290,Signal Not Available,2025-10-04 22:56:19,Resolved,13,Low
5053,33213,Billing Dispute,2024-12-13 04:16:01,Resolved,7,Medium
5054,4701,Porting Issue,2025-04-29 13:17:35,Resolved,10,High
5055,48637,Billing Dispute,2023-01-13 11:49:03,Closed,10,Critical
5056,4596,SIM Activation,2026-07-16 08:04:39,In Progress,,Low
5057,3673,Customer Service,2026-02-28 09:46:50,Closed,15,High
5058,25508,Slow Internet,2024-11-18 23:43:26,Open,,Critical
5059,20282,Billing Dispute,2024-08-12 03:50:33,In Progress,,Low
5060,11860,Data Not Working,2023-09-14 03:22:42,Open,,Medium
5061,23896,Refund Request,2024-08-15 15:00:58,Open,,High
5062,30046,Recharge Failure,2023-03-12 12:02:22,Closed,12,High
5063,22675,SIM Activation,2026-05-28 15:32:15,Open,,Medium
5064,6964,Signal Not Available,2025-03-04 10:58:00,Closed,12,High
5065,5763,Slow Internet,2025-05-25 20:06:36,Closed,4,Low
5066,4960,Customer Service,2024-09-07 17:04:48,Closed,0,Low
5067,23291,Data Not Working,2026-05-01 03:59:31,In Progress,,High
5068,48280,Network Issue,2023-10-25 10:04:58,Open,,Medium
5069,34231,Call Drop,2023-04-06 15:17:26,Open,,High
5070,48153,SIM Activation,2025-10-09 13:40:14,Escalated,,High
5071,26898,SIM Activation,2023-04-08 05:34:31,Open,,Low
5072,25163,Recharge Failure,2026-06-08 19:12:43,In Progress,,High
5073,2579,Refund Request,2024-08-26 19:22:32,Closed,14,High
5074,43689,Billing Dispute,2025-11-17 15:57:17,Resolved,7,Medium
5075,16370,Wrong Plan Charged,2026-03-16 18:14:34,Closed,9,Low
5076,29066,Network Issue,2024-02-02 03:00:30,In Progress,,Low
5077,28633,Billing Dispute,2024-12-17 18:00:40,In Progress,,Critical
5078,34813,SIM Activation,2024-01-22 08:15:51,Open,,Low
5079,3429,Billing Dispute,2023-10-25 21:44:09,Escalated,,High
5080,43148,Customer Service,2024-05-23 01:41:37,Open,,Critical
5081,23907,Wrong Plan Charged,2025-12-26 11:55:55,Escalated,,Low
5082,5992,Porting Issue,2026-02-15 21:41:31,In Progress,,High
5083,36699,Porting Issue,2024-05-19 00:17:11,Open,,Medium
5084,47720,Network Issue,2024-03-21 03:16:16,In Progress,,Critical
5085,32160,Network Issue,2025-09-02 06:48:12,Open,,Critical
5086,47482,Wrong Plan Charged,2023-06-19 02:28:55,Escalated,,Critical
5087,31181,Customer Service,2024-05-30 05:21:41,Resolved,3,Low
5088,18915,Wrong Plan Charged,2025-06-30 06:55:11,Open,,High
5089,16345,Porting Issue,2023-09-04 03:21:55,Open,,High
5090,44528,Network Issue,2025-06-13 06:00:46,Escalated,,High
5091,19646,Customer Service,2026-05-19 17:39:19,Escalated,,Medium
5092,3787,Data Not Working,2025-04-07 04:08:58,Open,,Critical
5093,26547,Slow Internet,2026-07-24 18:08:03,Closed,14,High
5094,2075,Call Drop,2026-01-30 09:20:01,In Progress,,Low
5095,10434,Call Drop,2023-07-06 03:14:12,Closed,12,High
5096,25591,Refund Request,2025-01-17 07:31:32,Closed,14,Medium
5097,22765,Signal Not Available,2025-01-04 06:54:27,In Progress,,Medium
5098,19200,Recharge Failure,2025-08-30 14:45:55,Closed,4,High
5099,43925,Customer Service,2024-11-20 23:21:12,Escalated,,High
5100,37790,Customer Service,2024-03-07 19:11:30,In Progress,,Critical
5101,29752,Network Issue,2023-05-01 13:23:10,Open,,Low
5102,44346,Signal Not Available,2023-06-10 02:20:19,In Progress,,Critical
5103,8464,Refund Request,2023-06-14 02:16:36,Closed,5,Medium
5104,46979,Signal Not Available,2026-04-06 10:24:20,Resolved,5,Low
5105,40789,Call Drop,2024-01-16 04:27:13,Closed,2,Low
5106,2346,Recharge Failure,2025-07-31 00:58:26,Escalated,,Critical
5107,16848,Network Issue,2024-08-27 07:53:05,Resolved,10,Medium
5108,18310,Wrong Plan Charged,2026-07-10 21:15:43,Resolved,11,Medium
5109,49066,Network Issue,2023-10-05 20:45:12,In Progress,,Medium
5110,47116,Billing Dispute,2023-10-04 13:09:35,Resolved,15,Low
5111,4009,Network Issue,2026-01-09 05:38:48,Escalated,,High
5112,15582,Call Drop,2023-04-05 10:16:47,Escalated,,Medium
5113,46740,Slow Internet,2023-03-21 02:15:42,Open,,Critical
5114,42692,Data Not Working,2024-08-06 09:51:33,Closed,15,High
5115,12492,Data Not Working,2024-07-17 08:23:56,Open,,High
5116,18847,Billing Dispute,2026-04-02 23:52:21,Closed,14,High
5117,2464,SIM Activation,2024-07-07 17:40:00,In Progress,,Low
5118,26414,Signal Not Available,2025-05-02 13:37:22,Open,,Medium
5119,34599,Network Issue,2024-06-29 11:02:18,Resolved,10,Critical
5120,5343,Network Issue,2023-11-08 08:04:07,Closed,4,Medium
5121,16426,Recharge Failure,2024-01-15 01:05:37,In Progress,,Critical
5122,25011,Customer Service,2024-01-16 20:12:49,Closed,3,Medium
5123,15123,Data Not Working,2024-09-07 09:22:50,Resolved,9,Critical
5124,21126,Data Not Working,2025-11-03 03:16:54,Closed,2,Medium
5125,30414,Recharge Failure,2023-05-02 05:29:59,Escalated,,Critical
5126,37031,Recharge Failure,2024-05-27 23:28:04,In Progress,,High
5127,3797,Network Issue,2025-09-18 07:48:19,Resolved,9,Medium
5128,19529,Refund Request,2024-10-15 20:20:24,Open,,Critical
5129,202,Recharge Failure,2024-11-21 07:41:36,Closed,7,Low
5130,47386,Billing Dispute,2025-04-27 04:40:48,Escalated,,Medium
5131,34112,Signal Not Available,2024-12-01 15:17:01,Open,,Low
5132,28454,Network Issue,2025-04-02 01:38:07,Resolved,1,Low
5133,22532,Signal Not Available,2026-02-08 17:13:58,In Progress,,Critical
5134,33991,Billing Dispute,2023-08-09 18:58:47,In Progress,,Low
5135,6283,Refund Request,2024-10-11 19:39:13,Closed,15,Medium
5136,29765,Customer Service,2024-08-19 23:42:01,Closed,2,High
5137,41483,Data Not Working,2025-09-18 20:30:36,Escalated,,Critical
5138,17760,Billing Dispute,2025-06-01 13:40:18,Open,,Medium
5139,31959,SIM Activation,2023-11-04 20:19:15,Resolved,7,Low
5140,29917,Recharge Failure,2023-01-09 16:45:44,In Progress,,Low
5141,44192,SIM Activation,2026-03-13 15:12:35,Escalated,,Low
5142,41649,Network Issue,2025-11-29 17:21:27,Closed,10,Critical
5143,14567,Signal Not Available,2026-03-04 15:12:18,Open,,Low
5144,46833,SIM Activation,2023-03-17 05:24:36,Resolved,11,Medium
5145,7994,Refund Request,2025-05-28 06:23:51,Resolved,0,Medium
5146,18242,Slow Internet,2025-05-14 04:28:36,Closed,9,Low
5147,8050,Wrong Plan Charged,2024-11-01 09:10:03,Closed,15,High
5148,20239,Billing Dispute,2025-05-26 04:56:37,Open,,Medium
5149,37583,Slow Internet,2023-05-30 22:16:01,Escalated,,High
5150,33829,SIM Activation,2024-04-15 11:44:38,Open,,Low
5151,1993,Customer Service,2024-12-30 20:31:03,Escalated,,Medium
5152,37124,Call Drop,2023-09-13 11:11:46,Resolved,5,Medium
5153,6953,Data Not Working,2023-11-11 00:15:03,Closed,13,Low
5154,7905,Slow Internet,2023-10-15 15:42:33,Escalated,,Low
5155,20792,Customer Service,2023-10-28 00:59:54,Escalated,,Medium
5156,49529,Wrong Plan Charged,2025-04-17 00:23:10,Resolved,0,Low
5157,22442,Wrong Plan Charged,2026-01-09 02:31:36,Resolved,9,Low
5158,9493,Porting Issue,2023-04-17 17:46:44,Open,,Medium
5159,38302,Refund Request,2024-03-06 10:50:11,Closed,15,Critical
5160,12709,Refund Request,2024-11-08 07:38:49,In Progress,,Low
5161,9444,Porting Issue,2024-11-23 20:04:14,Resolved,7,Medium
5162,44424,Billing Dispute,2025-08-21 11:46:01,In Progress,,Medium
5163,23465,Signal Not Available,2024-09-25 15:23:10,Closed,9,Medium
5164,41924,Network Issue,2026-07-21 20:29:09,Resolved,15,Low
5165,7702,Customer Service,2024-09-21 12:31:38,Open,,Low
5166,45154,Slow Internet,2025-04-10 12:33:34,Escalated,,Medium
5167,6286,Recharge Failure,2024-05-04 13:54:53,Open,,Critical
5168,31384,Slow Internet,2024-05-03 07:07:33,Closed,1,Low
5169,5854,Call Drop,2025-05-09 19:53:27,In Progress,,Low
5170,19255,Network Issue,2026-07-14 01:51:29,Closed,10,Medium
5171,12339,Billing Dispute,2025-05-18 18:57:58,In Progress,,High
5172,47289,Recharge Failure,2023-11-28 02:34:04,Resolved,1,Low
5173,18831,SIM Activation,2024-10-08 18:11:21,Closed,9,Medium
5174,44515,Wrong Plan Charged,2025-05-19 06:49:58,Escalated,,Critical
5175,15842,Customer Service,2025-06-25 15:17:24,Open,,Medium
5176,141,Call Drop,2024-12-22 20:00:31,Escalated,,High
5177,15840,Signal Not Available,2026-03-05 13:56:27,Escalated,,Critical
5178,30350,Call Drop,2024-02-09 20:53:14,Open,,Medium
5179,6810,Signal Not Available,2025-07-17 19:45:39,Closed,12,Low
5180,8280,Call Drop,2024-10-17 15:37:46,Escalated,,Critical
5181,13836,Recharge Failure,2023-09-02 05:25:43,In Progress,,Low
5182,44379,Signal Not Available,2024-07-13 14:45:18,In Progress,,High
5183,36444,Customer Service,2023-04-25 05:33:18,Closed,9,Low
5184,28152,Wrong Plan Charged,2024-03-16 11:44:52,In Progress,,High
5185,42569,Slow Internet,2025-01-12 23:10:31,Closed,14,Low
5186,15776,Data Not Working,2023-01-10 04:31:56,Escalated,,Low
5187,19623,Customer Service,2026-02-07 22:59:23,Open,,High
5188,48761,Slow Internet,2023-07-09 17:03:35,In Progress,,Critical
5189,14427,Billing Dispute,2024-05-17 16:13:21,In Progress,,Critical
5190,1236,Recharge Failure,2025-06-05 13:36:25,Open,,High
5191,17808,Porting Issue,2025-12-23 18:52:03,In Progress,,Medium
5192,49276,Signal Not Available,2023-05-19 09:26:42,Open,,Medium
5193,27406,Customer Service,2024-06-23 15:46:40,Escalated,,High
5194,4250,Slow Internet,2025-12-22 03:46:57,Resolved,5,Critical
5195,14957,Refund Request,2025-06-24 21:20:37,Closed,13,High
5196,8902,Billing Dispute,2024-01-18 00:06:30,Open,,Low
5197,47036,Recharge Failure,2023-07-22 13:51:06,Escalated,,Critical
5198,25366,Porting Issue,2026-04-10 08:24:21,Open,,High
5199,2534,Recharge Failure,2023-04-08 14:06:31,Closed,12,Critical
5200,7575,Call Drop,2024-03-05 08:37:49,Resolved,8,Medium
5201,44159,Network Issue,2026-04-24 12:04:02,Open,,Low
5202,14721,Customer Service,2023-04-03 12:51:51,Escalated,,Critical
5203,25217,Customer Service,2025-09-19 15:13:49,Open,,Critical
5204,30670,Call Drop,2023-07-18 22:08:41,Escalated,,Medium
5205,33738,Porting Issue,2024-12-01 07:15:34,Open,,Medium
5206,28490,Refund Request,2025-07-18 02:10:29,Resolved,10,High
5207,37179,Porting Issue,2024-08-27 17:04:06,Resolved,3,Low
5208,29556,Data Not Working,2023-07-05 12:45:40,Closed,10,Low
5209,2488,Recharge Failure,2023-12-08 13:18:31,In Progress,,Medium
5210,42867,Recharge Failure,2023-01-25 07:00:30,Open,,High
5211,20629,Recharge Failure,2024-03-12 16:32:56,Open,,Critical
5212,45613,Wrong Plan Charged,2023-10-15 07:43:37,Open,,Critical
5213,28396,Refund Request,2023-01-24 07:07:33,Closed,9,High
5214,2466,Customer Service,2024-07-21 23:01:44,Open,,High
5215,34768,Network Issue,2023-01-07 03:09:15,Closed,12,High
5216,19177,Porting Issue,2023-11-08 03:14:30,Open,,Critical
5217,38825,Customer Service,2026-06-21 09:10:27,In Progress,,Medium
5218,31569,Data Not Working,2023-06-27 16:01:29,Closed,9,High
5219,38992,Data Not Working,2023-10-07 15:56:41,In Progress,,Low
5220,19350,Data Not Working,2025-08-13 02:26:57,Escalated,,High
5221,26224,SIM Activation,2025-06-19 10:10:14,Resolved,12,Medium
5222,49172,Porting Issue,2025-03-24 17:55:43,Escalated,,Critical
5223,38097,Slow Internet,2023-05-31 22:57:02,In Progress,,High
5224,49528,SIM Activation,2024-04-10 03:39:54,Open,,High
5225,20552,Call Drop,2026-06-11 14:36:36,Resolved,7,High
5226,6775,Call Drop,2024-03-26 13:29:47,Escalated,,High
5227,11284,Data Not Working,2024-02-27 14:37:26,Closed,9,Medium
5228,44556,Porting Issue,2024-12-07 07:23:41,Resolved,15,Critical
5229,36242,Slow Internet,2023-04-21 04:56:27,In Progress,,Low
5230,11215,Slow Internet,2023-10-19 19:28:12,Open,,High
5231,13771,SIM Activation,2025-04-10 23:08:49,Escalated,,High
5232,27426,Wrong Plan Charged,2025-08-27 02:06:55,Closed,3,Medium
5233,21680,Wrong Plan Charged,2024-03-16 07:59:56,In Progress,,Critical
5234,257,Wrong Plan Charged,2026-05-24 07:44:17,Escalated,,Medium
5235,47289,Slow Internet,2025-09-18 17:07:11,Resolved,6,Critical
5236,20725,Wrong Plan Charged,2025-09-08 11:10:48,Resolved,14,Medium
5237,26076,Refund Request,2026-05-22 02:26:25,Closed,15,Medium
5238,10972,Refund Request,2026-03-29 22:58:46,Resolved,4,Medium
5239,12951,Wrong Plan Charged,2024-04-15 16:13:09,Escalated,,Medium
5240,43497,Slow Internet,2023-05-17 02:00:30,Open,,Low
5241,48253,Recharge Failure,2025-09-04 23:09:18,Escalated,,High
5242,43809,Porting Issue,2026-03-16 12:51:12,Resolved,2,Critical
5243,22353,Network Issue,2025-12-22 10:33:49,In Progress,,High
5244,16247,Data Not Working,2025-01-01 02:46:20,Open,,High
5245,19899,Network Issue,2023-06-11 06:53:15,Resolved,4,Medium
5246,43819,Recharge Failure,2024-11-11 07:39:23,Escalated,,Critical
5247,40901,Call Drop,2026-02-12 00:31:34,Open,,Critical
5248,39320,Billing Dispute,2025-11-03 19:57:13,Closed,9,Medium
5249,20179,Signal Not Available,2023-12-11 18:39:43,Resolved,6,High
5250,48367,SIM Activation,2026-03-15 02:23:43,Resolved,3,Low
5251,15169,SIM Activation,2025-10-20 01:31:31,Resolved,4,High
5252,13161,Refund Request,2025-10-29 07:16:00,Resolved,0,Low
5253,13780,SIM Activation,2025-07-12 20:14:20,Closed,4,Critical
5254,2938,Customer Service,2024-03-11 20:49:27,In Progress,,Medium
5255,42352,SIM Activation,2023-07-15 13:11:10,In Progress,,High
5256,12631,Customer Service,2025-06-10 02:07:45,Closed,14,Low
5257,1567,Data Not Working,2023-07-29 10:22:20,Escalated,,Critical
5258,29740,Call Drop,2026-01-29 03:26:19,Escalated,,Low
5259,5855,Refund Request,2024-07-02 05:35:39,Open,,Low
5260,9872,SIM Activation,2023-08-19 16:44:23,Open,,High
5261,30078,Recharge Failure,2023-07-23 01:38:22,Closed,1,High
5262,11353,Wrong Plan Charged,2024-04-23 21:35:02,In Progress,,Medium
5263,41806,Customer Service,2025-07-17 15:28:40,Escalated,,High
5264,38466,Slow Internet,2024-11-19 15:23:29,Open,,Medium
5265,3334,Recharge Failure,2025-01-02 11:22:23,Open,,High
5266,14392,Porting Issue,2025-02-03 23:29:13,Resolved,5,High
5267,10010,Porting Issue,2026-07-14 02:57:54,Open,,Low
5268,10109,Network Issue,2026-01-04 07:07:17,In Progress,,Low
5269,1856,Network Issue,2025-11-09 20:34:58,Resolved,7,Low
5270,34620,Porting Issue,2024-05-13 18:06:28,Open,,Medium
5271,23648,Slow Internet,2024-03-08 12:10:02,In Progress,,Low
5272,45429,Customer Service,2025-05-10 01:21:47,In Progress,,High
5273,11449,Signal Not Available,2024-12-11 20:54:59,Closed,7,Low
5274,24730,Billing Dispute,2024-07-25 19:02:40,Closed,11,Low
5275,5356,Refund Request,2023-02-10 21:45:46,Escalated,,Medium
5276,46382,Billing Dispute,2023-12-27 21:11:02,Escalated,,Critical
5277,2757,Refund Request,2024-12-22 22:57:39,Open,,Low
5278,28844,Billing Dispute,2024-10-14 07:57:13,Escalated,,Critical
5279,5308,Porting Issue,2023-06-03 22:52:28,Open,,High
5280,43223,Billing Dispute,2024-10-18 01:34:55,Open,,High
5281,35580,SIM Activation,2024-03-31 12:12:31,Escalated,,High
5282,27388,SIM Activation,2025-10-17 17:58:23,Closed,9,Low
5283,36192,Wrong Plan Charged,2026-07-27 10:23:38,Escalated,,Medium
5284,43696,Wrong Plan Charged,2023-08-09 18:30:15,Escalated,,Low
5285,36314,Porting Issue,2023-10-18 22:38:38,In Progress,,Critical
5286,18710,Signal Not Available,2026-03-15 01:50:25,Open,,Critical
5287,24720,Call Drop,2023-01-27 22:14:20,Escalated,,Critical
5288,2445,Network Issue,2025-12-16 16:29:27,Escalated,,Critical
5289,20968,SIM Activation,2024-12-01 16:11:19,Resolved,7,High
5290,22761,Porting Issue,2023-09-06 04:40:35,Closed,5,Medium
5291,42104,Slow Internet,2025-08-06 08:49:10,Escalated,,Medium
5292,38081,Porting Issue,2025-08-09 22:06:31,Escalated,,Low
5293,35794,SIM Activation,2023-12-16 04:41:07,Closed,8,Low
5294,24433,Billing Dispute,2024-07-08 06:57:31,In Progress,,Critical
5295,7152,Customer Service,2024-05-23 11:18:11,Closed,1,High
5296,17679,Customer Service,2023-04-20 02:05:31,Escalated,,High
5297,36768,Porting Issue,2024-10-06 12:33:15,Open,,Low
5298,37500,Signal Not Available,2023-11-21 12:23:41,Open,,High
5299,37055,Call Drop,2024-01-28 23:15:52,Resolved,0,High
5300,669,Signal Not Available,2023-07-26 16:44:51,Closed,6,Critical
5301,2814,Refund Request,2025-08-07 02:37:22,In Progress,,High
5302,28080,Network Issue,2023-11-16 20:57:53,Open,,Low
5303,22362,Data Not Working,2025-10-29 18:11:41,Closed,6,High
5304,19329,Wrong Plan Charged,2025-10-23 16:57:31,Escalated,,Medium
5305,15530,Porting Issue,2025-04-22 11:41:12,Escalated,,Medium
5306,18406,Customer Service,2025-10-24 17:29:57,Open,,Critical
5307,16652,Customer Service,2026-07-15 05:13:02,Escalated,,High
5308,32071,Signal Not Available,2025-06-13 07:13:42,Open,,Low
5309,12391,Customer Service,2024-12-08 20:47:21,Open,,Low
5310,13240,Slow Internet,2025-10-14 09:58:42,In Progress,,Low
5311,3396,SIM Activation,2024-02-09 12:28:36,In Progress,,Low
5312,36592,Slow Internet,2024-02-23 07:52:33,In Progress,,Critical
5313,6401,Billing Dispute,2025-04-19 01:47:46,Resolved,0,Critical
5314,49069,Slow Internet,2024-09-09 19:11:19,Escalated,,Medium
5315,17844,Network Issue,2023-03-09 03:31:57,Closed,3,High
5316,24095,SIM Activation,2025-08-14 14:17:06,Escalated,,Critical
5317,23474,Network Issue,2023-04-13 17:12:16,In Progress,,Low
5318,43289,SIM Activation,2024-06-02 02:53:58,In Progress,,Medium
5319,38332,Data Not Working,2024-03-10 03:07:40,Open,,High
5320,22154,SIM Activation,2023-07-22 03:59:12,Open,,Critical
5321,44326,Porting Issue,2023-05-18 10:59:24,In Progress,,Critical
5322,27735,SIM Activation,2023-04-30 10:34:34,Open,,Critical
5323,30025,Network Issue,2026-07-17 01:24:53,In Progress,,High
5324,11000,Network Issue,2025-03-06 17:26:24,Open,,Low
5325,46083,Refund Request,2023-01-07 05:01:45,Open,,Medium
5326,22364,Recharge Failure,2025-04-23 11:47:14,In Progress,,Medium
5327,36334,Refund Request,2023-04-03 09:36:57,Open,,Low
5328,3925,Refund Request,2025-08-16 03:50:48,In Progress,,Medium
5329,37074,Data Not Working,2026-05-21 14:35:19,In Progress,,Critical
5330,42551,Signal Not Available,2025-01-17 20:43:17,Closed,12,Medium
5331,8817,Refund Request,2023-12-15 19:00:41,Closed,14,High
5332,10828,Wrong Plan Charged,2024-08-27 01:16:03,Closed,7,Medium
5333,6443,Billing Dispute,2025-07-22 09:13:28,In Progress,,Medium
5334,18761,Customer Service,2025-12-06 13:08:11,In Progress,,Medium
5335,40063,Signal Not Available,2024-05-24 13:26:30,Closed,15,Low
5336,8488,SIM Activation,2023-11-22 06:17:15,Resolved,10,Low
5337,42077,Signal Not Available,2026-03-12 14:33:02,Resolved,5,Medium
5338,18883,Customer Service,2024-05-30 03:49:15,Escalated,,Medium
5339,40777,Porting Issue,2024-11-06 10:38:49,Escalated,,Low
5340,15145,SIM Activation,2025-03-24 15:12:56,Resolved,9,Medium
5341,15119,Network Issue,2025-12-10 09:27:41,In Progress,,Critical
5342,29296,Customer Service,2025-01-01 13:37:29,Open,,High
5343,4860,Network Issue,2025-09-17 13:47:15,Resolved,9,High
5344,36026,Slow Internet,2025-04-20 02:52:45,Open,,Critical
5345,29853,Recharge Failure,2023-12-10 12:01:29,In Progress,,Critical
5346,43427,SIM Activation,2023-03-18 21:01:43,Escalated,,Medium
5347,42065,Data Not Working,2025-04-18 20:08:03,In Progress,,High
5348,20463,Network Issue,2023-06-21 02:55:41,Closed,9,Critical
5349,48442,Data Not Working,2023-03-06 22:45:27,Escalated,,Critical
5350,41415,Customer Service,2023-05-10 10:38:17,Resolved,15,Critical
5351,26885,SIM Activation,2024-04-30 21:48:17,Escalated,,Medium
5352,7640,Call Drop,2024-10-12 20:25:58,Open,,Low
5353,39349,Billing Dispute,2025-10-30 04:19:39,Resolved,12,Low
5354,15294,Porting Issue,2023-06-07 00:43:38,In Progress,,Medium
5355,16196,Refund Request,2024-12-27 16:32:31,Escalated,,Low
5356,19595,SIM Activation,2025-06-25 01:59:56,Closed,8,Medium
5357,9739,Recharge Failure,2024-04-16 06:19:10,Closed,15,Medium
5358,44863,Slow Internet,2024-05-14 10:36:50,Closed,8,High
5359,4688,Slow Internet,2023-12-27 21:52:03,In Progress,,High
5360,41623,Customer Service,2023-12-17 10:36:19,In Progress,,Low
5361,25376,SIM Activation,2023-07-20 01:08:48,Closed,9,Critical
5362,26819,Recharge Failure,2024-02-03 12:12:59,Escalated,,High
5363,18339,Customer Service,2025-03-03 22:17:48,Resolved,12,High
5364,22669,Wrong Plan Charged,2025-06-15 17:30:40,Closed,0,Low
5365,15020,Recharge Failure,2025-05-12 02:06:43,Resolved,9,Critical
5366,23693,Recharge Failure,2023-09-23 13:14:45,Resolved,3,Medium
5367,39947,Refund Request,2026-04-13 10:05:24,Open,,Medium
5368,15880,Customer Service,2023-07-31 15:06:04,Escalated,,Critical
5369,10851,Slow Internet,2023-11-01 17:08:20,Open,,Low
5370,23693,Wrong Plan Charged,2026-04-25 12:38:45,Resolved,13,Critical
5371,32888,Refund Request,2024-01-05 12:52:35,Open,,High
5372,19741,Data Not Working,2024-02-03 09:19:15,Open,,Low
5373,31933,Wrong Plan Charged,2024-05-06 10:05:06,Open,,Low
5374,2424,Customer Service,2025-02-27 07:07:23,Open,,High
5375,33656,Recharge Failure,2025-03-14 05:24:21,Open,,Medium
5376,25253,Customer Service,2025-07-18 08:08:43,Resolved,13,High
5377,40031,Wrong Plan Charged,2024-01-18 20:07:31,Escalated,,High
5378,5318,Recharge Failure,2023-10-31 00:25:34,In Progress,,High
5379,47702,Network Issue,2025-09-04 11:42:00,In Progress,,Medium
5380,5186,Slow Internet,2024-10-10 17:07:59,Escalated,,Critical
5381,39958,Customer Service,2025-06-09 08:41:49,Closed,7,Medium
5382,6782,Data Not Working,2026-05-18 10:07:08,Closed,8,Medium
5383,34139,Billing Dispute,2025-10-26 18:55:01,In Progress,,Low
5384,38142,Slow Internet,2025-10-14 12:14:52,Escalated,,Low
5385,45187,Network Issue,2023-01-31 13:32:46,Open,,Low
5386,48253,Billing Dispute,2024-09-18 01:19:38,Open,,Critical
5387,14164,Recharge Failure,2026-01-24 13:43:23,Escalated,,Low
5388,18577,Recharge Failure,2026-05-01 05:30:13,Closed,15,Medium
5389,36416,Call Drop,2025-05-13 11:47:17,Escalated,,High
5390,44016,Signal Not Available,2026-03-15 16:24:22,Closed,8,Low
5391,20567,Recharge Failure,2025-10-08 10:48:02,Escalated,,Low
5392,39216,SIM Activation,2025-06-23 17:15:03,Closed,0,High
5393,34770,Data Not Working,2023-05-30 15:59:37,In Progress,,High
5394,43253,Call Drop,2024-09-22 10:19:35,Escalated,,Low
5395,23626,Call Drop,2025-12-11 19:50:25,In Progress,,Medium
5396,27326,Slow Internet,2024-07-26 01:37:38,Closed,4,Medium
5397,40832,Customer Service,2023-05-31 22:02:55,Open,,Low
5398,7142,Wrong Plan Charged,2023-04-26 23:26:04,In Progress,,High
5399,44374,Porting Issue,2026-06-29 19:44:53,Closed,4,Low
5400,39217,Call Drop,2025-06-25 08:29:37,Escalated,,Low
5401,15795,Customer Service,2024-08-06 22:47:03,In Progress,,Medium
5402,3614,Slow Internet,2024-12-03 15:35:25,Resolved,9,Low
5403,31750,Customer Service,2024-06-27 04:55:46,Closed,11,Critical
5404,1198,Call Drop,2024-11-20 09:56:29,In Progress,,Medium
5405,15106,Recharge Failure,2026-07-19 21:57:03,In Progress,,Low
5406,16623,SIM Activation,2024-09-03 18:03:29,Escalated,,Low
5407,14833,SIM Activation,2025-08-21 12:14:50,In Progress,,Critical
5408,43663,SIM Activation,2026-05-15 17:04:02,In Progress,,Medium
5409,18213,Network Issue,2025-03-12 15:49:43,Resolved,14,Medium
5410,34650,Network Issue,2023-06-10 06:48:38,Resolved,6,Medium
5411,30260,Porting Issue,2025-02-12 16:08:59,Escalated,,Medium
5412,25538,Recharge Failure,2024-02-16 19:20:58,In Progress,,Low
5413,28447,Porting Issue,2025-07-27 07:52:12,In Progress,,Medium
5414,26898,Porting Issue,2026-03-03 22:31:22,Open,,Critical
5415,37424,Wrong Plan Charged,2025-12-26 04:38:46,Closed,14,High
5416,28205,Customer Service,2024-11-17 17:52:52,Open,,High
5417,21075,Billing Dispute,2025-05-05 17:50:46,Closed,11,Medium
5418,33964,Slow Internet,2025-10-02 22:52:12,Resolved,15,Medium
5419,37160,Refund Request,2025-01-10 08:44:23,Closed,7,Low
5420,39647,SIM Activation,2026-04-10 00:34:33,Closed,13,Medium
5421,20068,Customer Service,2024-12-20 20:24:07,Escalated,,Low
5422,30956,Refund Request,2026-01-17 18:59:38,Escalated,,Critical
5423,38550,Porting Issue,2023-05-20 22:20:24,Closed,6,High
5424,37450,Billing Dispute,2024-08-25 12:20:35,Closed,12,Low
5425,9545,Wrong Plan Charged,2026-02-11 01:15:56,Closed,1,High
5426,25792,Call Drop,2026-02-18 17:50:10,Closed,6,Critical
5427,36294,Data Not Working,2026-03-29 19:34:22,Closed,2,Low
5428,48541,Customer Service,2024-01-30 19:05:47,Open,,Low
5429,19614,Data Not Working,2025-06-22 23:17:19,In Progress,,Critical
5430,12796,Network Issue,2026-06-16 16:53:16,Escalated,,Medium
5431,34686,SIM Activation,2026-06-24 09:13:58,Open,,Medium
5432,44472,Porting Issue,2023-03-12 17:08:57,Resolved,2,Critical
5433,4695,Billing Dispute,2023-07-21 18:14:30,Escalated,,Critical
5434,40551,Slow Internet,2025-03-08 09:31:13,Open,,Medium
5435,2402,Network Issue,2025-06-27 10:33:28,Closed,0,Medium
5436,34733,Data Not Working,2026-02-19 19:36:23,Escalated,,Medium
5437,28891,Signal Not Available,2026-06-28 05:36:37,In Progress,,Medium
5438,8383,Data Not Working,2026-03-27 05:09:00,Closed,9,High
5439,319,Recharge Failure,2026-02-01 07:17:55,Closed,3,Critical
5440,26602,Customer Service,2023-11-03 16:56:36,Closed,10,Medium
5441,41838,Signal Not Available,2024-05-10 16:43:33,In Progress,,Critical
5442,37427,Call Drop,2026-02-15 19:25:36,Closed,3,Critical
5443,41988,Signal Not Available,2025-03-16 03:18:24,Open,,High
5444,44676,Recharge Failure,2024-04-17 09:27:12,Escalated,,High
5445,28965,Data Not Working,2023-06-06 10:01:50,In Progress,,Medium
5446,44477,Slow Internet,2025-07-31 15:40:39,Open,,Medium
5447,31055,Wrong Plan Charged,2026-07-04 15:06:25,Escalated,,Critical
5448,46921,Slow Internet,2023-06-22 01:01:35,In Progress,,High
5449,17588,Billing Dispute,2023-06-30 14:22:14,Open,,High
5450,44172,Porting Issue,2024-04-23 07:48:20,Resolved,6,High
5451,14881,Data Not Working,2025-06-29 04:08:29,Closed,2,Low
5452,44287,Customer Service,2023-06-18 13:27:40,In Progress,,Critical
5453,23533,Network Issue,2026-01-06 17:21:30,Resolved,3,Critical
5454,42457,Call Drop,2026-03-19 07:49:43,Escalated,,Critical
5455,42994,Recharge Failure,2023-10-19 20:48:16,Closed,15,High
5456,24394,Porting Issue,2023-01-06 05:10:08,In Progress,,Critical
5457,47687,Refund Request,2023-10-14 00:27:39,Closed,15,Critical
5458,30818,Data Not Working,2023-10-31 06:41:23,Escalated,,High
5459,17105,Slow Internet,2023-11-20 21:31:50,Resolved,10,Critical
5460,22092,Call Drop,2024-02-22 07:35:11,Escalated,,Medium
5461,1310,Slow Internet,2026-04-11 17:04:01,Escalated,,Critical
5462,37969,Wrong Plan Charged,2026-06-02 01:34:09,In Progress,,Medium
5463,29035,Porting Issue,2025-09-05 18:19:53,In Progress,,Critical
5464,17234,Refund Request,2023-02-10 11:57:16,Escalated,,High
5465,34387,SIM Activation,2024-10-14 13:55:52,Resolved,14,Low
5466,687,Billing Dispute,2023-02-26 11:17:41,Resolved,5,Critical
5467,16902,Slow Internet,2023-06-29 08:01:44,Escalated,,High
5468,10263,Call Drop,2025-04-22 18:17:27,Escalated,,Critical
5469,34194,Data Not Working,2024-06-14 07:08:29,In Progress,,High
5470,14952,Recharge Failure,2023-08-20 04:26:03,Resolved,11,Critical
5471,25573,Recharge Failure,2025-06-09 06:35:49,Open,,Low
5472,13654,Wrong Plan Charged,2023-05-21 16:52:51,Escalated,,Low
5473,28290,Call Drop,2023-12-16 16:38:27,Closed,8,High
5474,40724,Call Drop,2024-07-06 18:58:55,Open,,High
5475,785,Network Issue,2023-11-01 02:22:25,In Progress,,Medium
5476,48803,Billing Dispute,2025-03-04 19:54:25,In Progress,,High
5477,36312,Wrong Plan Charged,2023-06-16 23:53:24,Closed,11,Low
5478,48882,Refund Request,2025-04-09 07:05:47,Closed,10,Critical
5479,14213,Data Not Working,2025-07-29 19:32:13,Escalated,,Medium
5480,27251,Recharge Failure,2023-05-12 12:20:03,Closed,3,Critical
5481,47655,Customer Service,2025-03-12 08:41:59,In Progress,,Critical
5482,45713,Data Not Working,2025-05-06 20:02:09,Closed,0,High
5483,28994,Porting Issue,2023-10-30 17:48:04,Resolved,0,Medium
5484,47290,Data Not Working,2023-06-10 17:44:35,Open,,Critical
5485,24285,Slow Internet,2026-01-08 16:32:46,Open,,Critical
5486,33895,Signal Not Available,2024-03-10 01:41:01,Open,,Low
5487,42232,Customer Service,2026-02-11 02:32:51,Resolved,2,Low
5488,5026,Porting Issue,2025-11-17 03:23:02,In Progress,,Medium
5489,34889,Network Issue,2023-09-19 00:45:13,In Progress,,Critical
5490,48263,Wrong Plan Charged,2024-07-25 00:56:53,Resolved,2,High
5491,44779,SIM Activation,2024-04-23 19:45:51,Open,,Critical
5492,25993,Slow Internet,2025-09-16 03:34:39,Resolved,10,Low
5493,19190,Signal Not Available,2024-05-31 01:46:54,Resolved,2,High
5494,21688,Customer Service,2026-02-04 11:08:10,In Progress,,Critical
5495,2565,Slow Internet,2024-12-09 11:12:56,In Progress,,High
5496,9791,Porting Issue,2023-03-11 02:14:54,Closed,3,Medium
5497,44064,Wrong Plan Charged,2026-07-19 18:45:14,Resolved,11,Critical
5498,31925,Slow Internet,2023-10-24 07:01:19,Resolved,0,Low
5499,19266,Billing Dispute,2026-06-10 08:08:26,In Progress,,High
5500,463,Porting Issue,2025-10-24 08:30:37,Resolved,8,Medium
5501,28707,Recharge Failure,2026-07-18 20:22:49,Open,,Critical
5502,40048,SIM Activation,2023-05-30 09:51:56,In Progress,,Medium
5503,22444,Slow Internet,2023-11-14 16:00:10,Closed,6,High
5504,24378,Network Issue,2026-03-31 04:04:44,Closed,12,Critical
5505,15571,Refund Request,2024-02-29 02:24:37,Open,,High
5506,14877,Porting Issue,2023-11-19 13:33:02,Escalated,,Medium
5507,49299,Billing Dispute,2024-02-11 03:47:53,Closed,5,High
5508,44747,Wrong Plan Charged,2023-09-26 07:58:00,Closed,15,Critical
5509,20009,Data Not Working,2023-12-16 19:12:14,In Progress,,Low
5510,5630,Network Issue,2023-03-21 11:52:07,Resolved,13,Critical
5511,1703,Billing Dispute,2025-09-23 10:41:00,In Progress,,High
5512,29224,Network Issue,2024-08-14 13:25:23,Resolved,8,High
5513,15873,Recharge Failure,2026-05-29 17:14:57,Resolved,14,Medium
5514,37606,Slow Internet,2025-04-05 14:28:58,Open,,Low
5515,2266,Signal Not Available,2025-02-18 10:19:58,Resolved,5,High
5516,35511,Data Not Working,2023-01-27 02:50:34,Resolved,0,High
5517,5705,Customer Service,2023-11-18 10:46:43,Resolved,13,Low
5518,48588,Slow Internet,2025-10-30 12:31:07,Open,,High
5519,32062,Refund Request,2023-11-14 08:12:20,Escalated,,Low
5520,49389,Wrong Plan Charged,2025-04-17 04:36:36,Closed,15,High
5521,30269,Network Issue,2024-09-22 02:08:09,Resolved,7,High
5522,7973,Recharge Failure,2023-02-03 22:53:21,Resolved,6,High
5523,8772,Network Issue,2023-12-17 06:20:43,Escalated,,High
5524,2964,Recharge Failure,2026-06-22 14:51:57,Open,,High
5525,36506,Signal Not Available,2024-12-08 18:08:22,Escalated,,High
5526,29682,Slow Internet,2024-07-14 01:15:21,Open,,Low
5527,326,Porting Issue,2025-06-01 12:44:55,Closed,12,High
5528,37867,Wrong Plan Charged,2025-07-05 14:25:25,Escalated,,High
5529,44719,Data Not Working,2024-03-23 08:30:22,Closed,6,Low
5530,21714,Porting Issue,2023-12-10 17:12:32,Open,,Low
5531,30243,Recharge Failure,2024-08-08 09:10:21,Resolved,11,High
5532,23275,Billing Dispute,2023-02-19 18:49:40,Open,,Medium
5533,44484,Slow Internet,2024-10-10 17:05:26,Escalated,,Critical
5534,18655,SIM Activation,2023-02-06 22:24:58,Closed,4,Medium
5535,735,Billing Dispute,2025-04-23 08:15:05,Closed,4,Critical
5536,17375,Recharge Failure,2026-06-30 06:13:14,Closed,6,Critical
5537,2100,Network Issue,2024-12-24 10:11:14,Resolved,8,High
5538,33274,Recharge Failure,2026-03-01 15:12:22,Open,,High
5539,25463,Customer Service,2024-01-05 14:05:47,Escalated,,Critical
5540,48761,Data Not Working,2023-09-28 02:03:21,Resolved,8,Low
5541,13993,Network Issue,2024-08-19 08:14:14,In Progress,,Critical
5542,22179,Slow Internet,2024-03-04 11:41:14,Closed,9,Low
5543,41846,Porting Issue,2024-11-26 18:00:22,Closed,3,Low
5544,3454,Billing Dispute,2023-02-23 20:47:56,Escalated,,Medium
5545,11991,Wrong Plan Charged,2024-09-09 04:24:18,Escalated,,High
5546,49013,Signal Not Available,2023-08-09 04:38:13,Closed,2,Low
5547,15600,Customer Service,2023-01-13 09:27:35,Open,,Critical
5548,4945,Slow Internet,2024-02-06 11:39:56,Escalated,,High
5549,18261,Signal Not Available,2024-03-06 11:45:04,In Progress,,Medium
5550,4858,Recharge Failure,2024-01-11 09:22:45,Closed,13,Critical
5551,35517,Slow Internet,2026-02-18 23:36:57,Resolved,9,Low
5552,33167,Data Not Working,2024-09-05 13:32:42,In Progress,,Medium
5553,10671,Porting Issue,2023-01-12 01:49:06,Open,,Low
5554,44140,Call Drop,2024-06-17 20:54:34,Closed,7,Critical
5555,21996,Signal Not Available,2026-01-18 17:07:05,Closed,2,High
5556,20425,Refund Request,2023-05-01 03:39:04,Open,,High
5557,9370,Refund Request,2025-12-15 07:38:26,Escalated,,Medium
5558,35240,Porting Issue,2026-03-18 05:31:23,Open,,Low
5559,40639,Slow Internet,2024-09-26 18:52:46,Escalated,,Medium
5560,10262,Signal Not Available,2023-02-16 19:33:32,Escalated,,High
5561,47559,Customer Service,2024-03-29 23:06:42,Open,,Critical
5562,30451,Slow Internet,2026-04-16 13:46:22,Escalated,,High
5563,27451,Data Not Working,2023-11-10 05:55:58,In Progress,,Medium
5564,31887,Data Not Working,2024-01-28 04:05:33,Open,,Low
5565,12563,Wrong Plan Charged,2023-03-22 12:59:08,Resolved,2,Medium
5566,35141,Recharge Failure,2023-05-11 07:21:48,Escalated,,Critical
5567,2317,Wrong Plan Charged,2026-02-08 00:03:40,Resolved,3,Low
5568,4630,Network Issue,2023-11-19 08:51:07,Escalated,,Medium
5569,20196,Billing Dispute,2023-04-11 11:07:58,Resolved,1,High
5570,25953,Refund Request,2025-05-20 01:15:50,In Progress,,Critical
5571,42698,Wrong Plan Charged,2025-01-16 01:50:50,Closed,1,High
5572,33869,Data Not Working,2026-06-08 04:30:19,Open,,Low
5573,38372,SIM Activation,2025-04-30 16:15:02,In Progress,,High
5574,28741,Network Issue,2023-05-20 14:41:49,Escalated,,Low
5575,4125,Network Issue,2023-07-07 19:42:15,Resolved,1,Medium
5576,32643,Network Issue,2024-08-13 19:20:01,In Progress,,Medium
5577,42496,Recharge Failure,2023-12-14 14:32:45,Open,,Medium
5578,14793,Call Drop,2023-02-04 21:12:34,Open,,High
5579,22288,Network Issue,2025-03-01 22:10:44,Escalated,,High
5580,32507,SIM Activation,2023-06-11 05:36:14,In Progress,,High
5581,45147,Refund Request,2024-10-14 06:19:41,Open,,Medium
5582,30646,Wrong Plan Charged,2023-05-28 15:17:34,In Progress,,High
5583,12805,Refund Request,2023-01-28 00:07:58,Closed,7,Low
5584,7299,Recharge Failure,2025-03-05 22:17:29,Open,,High
5585,10286,Signal Not Available,2025-12-17 21:54:06,Open,,Low
5586,40211,Signal Not Available,2025-12-21 09:58:50,Resolved,9,Low
5587,43889,SIM Activation,2024-12-11 15:52:27,Closed,12,Low
5588,18762,Network Issue,2024-05-22 05:24:07,Closed,12,Low
5589,3455,Signal Not Available,2024-11-08 14:56:14,Resolved,6,Critical
5590,26041,Call Drop,2026-04-20 09:31:57,Escalated,,Low
5591,43004,Call Drop,2024-08-20 09:14:57,Open,,Low
5592,44539,Network Issue,2024-04-11 04:27:22,Closed,5,High
5593,22845,Billing Dispute,2024-06-05 23:08:54,In Progress,,High
5594,35492,Refund Request,2025-04-25 03:55:55,In Progress,,High
5595,38202,Customer Service,2023-04-27 11:19:40,In Progress,,Critical
5596,9402,SIM Activation,2023-01-19 15:17:50,Open,,Medium
5597,1065,Billing Dispute,2026-02-28 07:24:34,In Progress,,Medium
5598,47300,Signal Not Available,2023-08-24 15:08:21,Open,,Critical
5599,10071,Customer Service,2024-08-10 00:06:52,Open,,Low
5600,298,Call Drop,2023-10-04 09:47:28,Open,,High
5601,16947,Recharge Failure,2026-04-14 10:45:11,Open,,High
5602,17186,Billing Dispute,2025-04-20 03:47:42,Closed,4,Critical
5603,34943,Network Issue,2023-07-10 03:28:46,Closed,2,Medium
5604,33601,Recharge Failure,2025-04-09 03:05:04,Escalated,,Medium
5605,36255,Customer Service,2025-05-16 16:59:11,Open,,High
5606,8213,Call Drop,2023-06-27 07:46:05,In Progress,,High
5607,37393,Refund Request,2025-05-30 03:57:45,Closed,2,Low
5608,4309,Recharge Failure,2025-01-20 16:12:41,Escalated,,High
5609,13731,Network Issue,2026-02-23 11:58:44,In Progress,,Medium
5610,34139,Wrong Plan Charged,2025-11-08 07:30:55,Open,,High
5611,35103,Network Issue,2025-09-06 08:44:47,In Progress,,Critical
5612,41040,SIM Activation,2026-02-16 15:22:04,Closed,12,Low
5613,16653,Wrong Plan Charged,2023-07-09 20:36:56,Escalated,,Critical
5614,8260,SIM Activation,2023-12-30 00:34:07,Resolved,0,High
5615,22556,Customer Service,2023-04-09 02:00:28,Open,,Low
5616,38908,Billing Dispute,2025-01-06 18:12:35,Resolved,13,Critical
5617,48132,Refund Request,2025-02-21 08:50:52,Closed,11,High
5618,32122,Network Issue,2024-04-02 20:55:47,In Progress,,Critical
5619,21979,Customer Service,2026-04-26 12:31:11,Escalated,,High
5620,10520,SIM Activation,2025-05-04 16:46:42,Open,,Critical
5621,19240,Wrong Plan Charged,2025-06-20 23:56:55,Closed,7,Low
5622,18968,Data Not Working,2024-01-18 08:36:06,Open,,High
5623,30365,Porting Issue,2024-09-01 06:43:05,Resolved,0,Critical
5624,38260,Call Drop,2025-07-26 23:10:27,Resolved,0,High
5625,36206,Porting Issue,2023-01-04 04:12:29,Escalated,,Critical
5626,47412,Customer Service,2026-07-20 11:03:19,Resolved,2,Critical
5627,14188,Recharge Failure,2025-05-11 17:45:40,In Progress,,High
5628,14981,Network Issue,2023-10-18 08:37:55,In Progress,,Critical
5629,34423,SIM Activation,2023-12-28 20:38:16,Closed,7,Medium
5630,25942,Wrong Plan Charged,2025-02-20 09:49:30,Closed,5,Low
5631,34798,Call Drop,2025-12-27 02:05:05,In Progress,,Low
5632,28734,SIM Activation,2023-07-06 16:04:03,In Progress,,High
5633,17356,Porting Issue,2024-09-01 18:16:16,Closed,3,High
5634,18422,Refund Request,2025-09-28 10:52:14,Open,,Critical
5635,12406,Refund Request,2026-04-06 21:03:55,Resolved,11,High
5636,2150,Customer Service,2024-06-07 22:30:04,Open,,High
5637,5365,Slow Internet,2023-05-08 11:32:34,Open,,Critical
5638,41759,SIM Activation,2023-10-16 12:45:52,Closed,3,Critical
5639,46852,Network Issue,2023-02-21 04:45:18,Resolved,10,High
5640,27517,Refund Request,2023-12-01 17:57:04,Escalated,,High
5641,41225,Signal Not Available,2024-09-13 16:26:49,In Progress,,High
5642,12811,Signal Not Available,2024-02-20 07:26:46,Escalated,,Medium
5643,23557,Slow Internet,2024-09-27 17:25:36,Closed,12,Low
5644,30218,Network Issue,2023-08-17 00:29:37,Resolved,4,Critical
5645,15749,Customer Service,2023-10-22 05:06:10,Closed,9,Critical
5646,36024,Network Issue,2024-07-03 03:45:44,In Progress,,Critical
5647,23912,Signal Not Available,2023-02-14 15:15:55,Escalated,,Medium
5648,20267,Customer Service,2025-11-15 21:15:25,Escalated,,Low
5649,10389,Network Issue,2024-09-22 08:54:29,Closed,10,High
5650,4308,Recharge Failure,2024-06-09 07:59:12,Closed,10,High
5651,35190,SIM Activation,2025-08-24 16:51:49,Open,,Medium
5652,13271,Call Drop,2026-01-26 04:39:36,Escalated,,High
5653,39303,Refund Request,2023-05-12 07:02:01,Closed,13,Low
5654,38475,Porting Issue,2025-02-18 11:45:44,Escalated,,Critical
5655,41746,Data Not Working,2025-10-08 14:07:01,In Progress,,Medium
5656,29996,Billing Dispute,2023-01-29 19:12:20,Resolved,12,Critical
5657,41529,Customer Service,2024-09-26 11:13:23,Resolved,0,Low
5658,16682,SIM Activation,2026-01-14 15:49:21,Closed,3,High
5659,32413,Network Issue,2025-01-03 19:59:25,Resolved,7,Low
5660,30135,Data Not Working,2023-02-19 11:09:32,Escalated,,Critical
5661,26636,Call Drop,2025-05-26 01:32:28,Escalated,,Medium
5662,45387,Customer Service,2023-01-08 19:35:39,In Progress,,Low
5663,36496,Call Drop,2023-09-04 14:40:49,Resolved,2,Critical
5664,5151,Customer Service,2025-11-29 00:50:15,Resolved,11,Medium
5665,8269,Slow Internet,2025-08-27 02:38:04,Closed,2,Low
5666,16095,Data Not Working,2023-03-25 01:30:20,Open,,High
5667,31501,Signal Not Available,2025-08-29 02:46:52,Open,,Low
5668,6421,Wrong Plan Charged,2023-03-13 13:40:57,Open,,Critical
5669,19084,Slow Internet,2026-03-11 07:11:31,Escalated,,Medium
5670,3262,Network Issue,2024-05-12 00:26:07,Escalated,,Medium
5671,43436,Billing Dispute,2023-03-13 01:47:13,Escalated,,Critical
5672,39697,Porting Issue,2025-01-07 05:02:36,Resolved,8,Critical
5673,42880,Refund Request,2023-09-23 05:22:00,Resolved,10,Low
5674,36401,SIM Activation,2025-05-06 10:52:49,Resolved,9,Medium
5675,35358,Billing Dispute,2025-01-20 19:34:47,Escalated,,Low
5676,32333,Network Issue,2023-11-12 14:03:59,Escalated,,High
5677,31729,Recharge Failure,2023-06-07 19:05:19,Resolved,13,High
5678,13255,Signal Not Available,2023-12-13 12:32:21,In Progress,,Critical
5679,26315,Billing Dispute,2025-06-16 22:43:31,Escalated,,Critical
5680,48614,Recharge Failure,2026-01-16 17:56:03,Closed,5,Low
5681,49599,Customer Service,2026-02-01 19:08:01,Closed,11,Low
5682,39189,SIM Activation,2025-08-13 21:40:15,In Progress,,Critical
5683,20357,Network Issue,2024-11-02 01:09:32,Open,,Critical
5684,34100,Network Issue,2025-03-07 19:12:15,In Progress,,Medium
5685,15050,Billing Dispute,2025-10-09 17:42:06,Resolved,12,High
5686,38170,Slow Internet,2026-02-12 14:11:05,Closed,15,Low
5687,5578,Recharge Failure,2025-11-06 06:04:36,Open,,High
5688,212,Billing Dispute,2023-07-13 14:58:00,Resolved,4,Critical
5689,10253,Signal Not Available,2025-04-13 11:57:27,Escalated,,Critical
5690,9491,SIM Activation,2025-02-19 23:28:31,Resolved,4,Medium
5691,37798,Refund Request,2025-07-07 17:23:33,Open,,Critical
5692,32853,Customer Service,2025-05-09 06:33:02,In Progress,,High
5693,2420,Porting Issue,2023-04-28 13:45:01,In Progress,,High
5694,31534,Recharge Failure,2024-01-03 15:25:44,Closed,1,High
5695,12993,Wrong Plan Charged,2025-03-25 03:20:30,Escalated,,Critical
5696,19229,Porting Issue,2026-06-22 14:51:20,In Progress,,Medium
5697,45119,Signal Not Available,2023-08-30 11:17:02,Escalated,,Medium
5698,21062,Signal Not Available,2023-07-23 21:03:22,Closed,6,High
5699,49012,Customer Service,2025-10-27 10:10:26,Closed,4,Medium
5700,15387,Porting Issue,2024-11-11 05:02:18,In Progress,,Critical
5701,41009,Porting Issue,2025-06-10 20:22:54,Escalated,,Medium
5702,36461,Refund Request,2025-08-10 20:57:23,In Progress,,Low
5703,11797,Call Drop,2024-06-18 20:15:50,In Progress,,Critical
5704,1091,Refund Request,2025-10-27 07:44:48,Resolved,0,Medium
5705,35088,Wrong Plan Charged,2025-01-14 08:01:40,Closed,15,High
5706,11233,Wrong Plan Charged,2025-04-14 12:19:05,Closed,4,High
5707,19634,SIM Activation,2024-02-22 15:26:12,Resolved,2,High
5708,31062,Network Issue,2024-02-04 04:28:56,Open,,Critical
5709,17006,Call Drop,2023-06-05 12:51:58,In Progress,,Critical
5710,12086,Recharge Failure,2025-08-27 13:43:06,In Progress,,Medium
5711,9876,Network Issue,2024-03-16 19:35:45,Resolved,10,Medium
5712,21403,Call Drop,2026-04-04 08:27:56,Closed,14,Medium
5713,30726,Slow Internet,2024-09-28 05:53:08,Open,,Medium
5714,17568,Recharge Failure,2026-03-29 23:05:02,In Progress,,Critical
5715,19196,SIM Activation,2025-03-05 06:01:44,In Progress,,Medium
5716,4714,Slow Internet,2023-12-23 03:12:28,Open,,Critical
5717,36799,Refund Request,2024-03-16 21:49:18,In Progress,,Critical
5718,7007,Wrong Plan Charged,2026-04-16 12:01:30,In Progress,,Low
5719,23996,SIM Activation,2023-01-26 00:18:52,In Progress,,High
5720,31214,Data Not Working,2023-11-08 09:13:18,Escalated,,Critical
5721,19590,Recharge Failure,2026-04-17 00:59:36,Escalated,,High
5722,31944,Signal Not Available,2026-06-06 03:44:32,Resolved,4,High
5723,8867,Recharge Failure,2025-09-11 13:27:29,Closed,10,High
5724,6273,Slow Internet,2024-06-26 03:34:12,Escalated,,Medium
5725,38393,Slow Internet,2024-12-04 18:30:53,In Progress,,Medium
5726,40769,Slow Internet,2023-11-10 07:17:20,In Progress,,Low
5727,34324,Customer Service,2025-11-13 05:38:26,Resolved,1,Low
5728,15916,Data Not Working,2025-10-26 14:36:53,Resolved,0,High
5729,35269,Data Not Working,2024-06-13 15:01:40,Escalated,,Medium
5730,40333,Recharge Failure,2023-06-10 04:58:41,Open,,High
5731,11382,Network Issue,2024-07-06 17:57:07,Open,,Critical
5732,1372,Call Drop,2023-03-19 07:43:02,Closed,9,High
5733,33901,Recharge Failure,2026-03-20 02:44:49,In Progress,,Low
5734,22442,Recharge Failure,2026-05-24 20:54:03,Resolved,2,Critical
5735,37976,Billing Dispute,2025-08-24 04:32:54,Resolved,9,Low
5736,37085,Customer Service,2025-09-09 16:49:13,Resolved,3,Low
5737,26925,Customer Service,2023-01-16 07:09:33,Escalated,,Critical
5738,11610,Network Issue,2023-08-19 03:27:47,In Progress,,High
5739,38636,Wrong Plan Charged,2024-07-28 16:01:55,Escalated,,Medium
5740,3849,Signal Not Available,2024-01-11 07:46:22,Escalated,,High
5741,11614,Signal Not Available,2024-05-13 19:48:05,Resolved,8,Critical
5742,17166,Refund Request,2023-09-29 02:32:30,Open,,Critical
5743,5850,Porting Issue,2023-10-29 20:00:08,Closed,8,Medium
5744,43447,Recharge Failure,2025-11-22 18:39:19,Resolved,3,Low
5745,27931,Network Issue,2025-12-11 07:23:19,Closed,10,Medium
5746,47893,SIM Activation,2024-03-08 22:18:08,Closed,12,Medium
5747,5273,Slow Internet,2023-07-03 16:28:23,Open,,High
5748,13587,Customer Service,2023-05-02 08:21:08,Closed,8,High
5749,33800,Refund Request,2024-01-20 18:34:37,In Progress,,High
5750,38229,Call Drop,2025-02-19 10:14:33,In Progress,,Critical
5751,44128,Slow Internet,2026-03-14 19:12:08,Escalated,,Low
5752,44401,Recharge Failure,2025-03-14 16:12:56,In Progress,,Low
5753,43409,Slow Internet,2026-01-13 12:45:57,Escalated,,High
5754,35015,Porting Issue,2025-12-30 21:52:15,Open,,Low
5755,28389,Porting Issue,2024-02-05 05:39:18,Resolved,13,Low
5756,10410,Customer Service,2025-11-23 22:58:15,Open,,Medium
5757,30523,Data Not Working,2023-07-19 03:12:31,Open,,High
5758,24364,SIM Activation,2023-06-02 15:46:35,In Progress,,Critical
5759,49208,Customer Service,2023-09-07 19:07:01,Open,,High
5760,6806,Slow Internet,2023-08-23 10:46:38,Resolved,10,Critical
5761,35839,Signal Not Available,2025-06-29 02:22:09,Open,,High
5762,6153,Customer Service,2024-06-03 18:27:44,Open,,High
5763,35235,Porting Issue,2025-09-13 21:44:21,In Progress,,Medium
5764,7109,Signal Not Available,2026-02-08 14:46:26,Resolved,1,Low
5765,6493,Network Issue,2023-02-03 21:57:16,In Progress,,Critical
5766,37136,Data Not Working,2025-11-22 18:34:50,In Progress,,Medium
5767,29503,Call Drop,2023-01-08 06:07:37,In Progress,,Critical
5768,26266,Network Issue,2024-07-17 07:40:46,In Progress,,High
5769,35902,Network Issue,2025-08-14 14:54:57,Escalated,,High
5770,31317,Customer Service,2025-09-30 05:26:14,Escalated,,Low
5771,31278,Customer Service,2023-01-24 18:03:54,Resolved,4,Critical
5772,15378,Customer Service,2025-06-04 04:07:00,In Progress,,Low
5773,25885,Recharge Failure,2025-09-29 19:23:59,Closed,6,Low
5774,49589,Slow Internet,2023-04-17 20:12:32,Escalated,,High
5775,37916,Refund Request,2026-01-24 04:25:10,In Progress,,High
5776,46853,Recharge Failure,2024-08-19 05:43:53,Open,,Low
5777,9927,SIM Activation,2025-06-19 04:41:56,Closed,11,Critical
5778,35120,Customer Service,2024-04-28 02:52:26,In Progress,,Critical
5779,5754,Network Issue,2025-08-06 20:08:59,Closed,11,Critical
5780,29331,Recharge Failure,2024-02-06 08:34:26,Closed,11,Critical
5781,6517,Slow Internet,2023-08-25 01:27:17,In Progress,,Low
5782,36870,Refund Request,2026-03-04 19:07:25,Closed,9,Medium
5783,42415,Customer Service,2024-06-13 22:35:36,In Progress,,High
5784,18214,Porting Issue,2023-05-25 21:10:48,Open,,Low
5785,31063,Billing Dispute,2025-04-15 08:34:02,Escalated,,Low
5786,41984,Slow Internet,2024-03-26 23:59:20,Resolved,15,Low
5787,19352,Network Issue,2024-09-24 11:37:16,In Progress,,Critical
5788,33394,SIM Activation,2024-10-19 07:00:41,Escalated,,Critical
5789,41376,Wrong Plan Charged,2025-03-17 21:38:08,In Progress,,High
5790,40237,Network Issue,2026-03-18 09:47:29,Closed,15,Critical
5791,29743,Call Drop,2025-05-29 00:42:55,Resolved,8,Critical
5792,4903,SIM Activation,2023-08-07 13:56:47,In Progress,,Medium
5793,11145,Porting Issue,2026-06-11 16:13:08,Resolved,6,High
5794,46875,Billing Dispute,2025-08-20 16:59:40,Open,,Medium
5795,32826,Refund Request,2026-07-04 09:57:35,In Progress,,High
5796,6980,SIM Activation,2024-08-04 16:29:45,Resolved,12,Critical
5797,35133,Customer Service,2025-11-15 17:14:48,Resolved,7,Low
5798,32335,Slow Internet,2023-10-28 05:20:40,Resolved,7,High
5799,22921,SIM Activation,2024-02-20 16:21:33,Escalated,,Low
5800,6796,Call Drop,2026-04-29 14:38:09,Resolved,12,Critical
5801,11683,Call Drop,2026-06-22 14:52:55,Resolved,5,Medium
5802,11189,Call Drop,2023-06-09 16:05:22,Resolved,1,High
5803,20942,Wrong Plan Charged,2025-07-26 13:14:52,Open,,Low
5804,39093,Recharge Failure,2024-06-01 20:37:29,In Progress,,High
5805,30531,Recharge Failure,2025-09-02 19:16:59,In Progress,,High
5806,35832,Porting Issue,2025-09-10 15:52:16,In Progress,,High
5807,2477,Porting Issue,2023-11-23 08:15:51,Resolved,12,Medium
5808,39233,Wrong Plan Charged,2025-10-30 18:50:25,In Progress,,Low
5809,43423,Recharge Failure,2023-04-14 23:54:53,Open,,Medium
5810,44425,Network Issue,2023-06-26 16:01:56,Resolved,7,High
5811,45765,Wrong Plan Charged,2024-03-16 13:17:39,Closed,11,Medium
5812,8984,Call Drop,2026-07-22 06:22:06,Open,,High
5813,23958,Wrong Plan Charged,2025-08-24 21:20:49,Open,,Critical
5814,20128,Network Issue,2024-05-30 02:52:10,Escalated,,High
5815,11181,Recharge Failure,2023-07-15 03:07:39,Escalated,,Low
5816,10269,Slow Internet,2025-08-21 12:02:22,Open,,High
5817,4856,Call Drop,2026-07-17 03:41:10,Escalated,,Medium
5818,331,Call Drop,2023-11-22 11:54:24,Closed,10,Low
5819,38161,Signal Not Available,2024-08-20 03:18:02,Resolved,2,High
5820,46369,Wrong Plan Charged,2024-07-05 15:42:40,Resolved,3,High
5821,48028,Slow Internet,2024-05-14 10:38:01,Closed,13,Medium
5822,49032,Wrong Plan Charged,2023-03-20 22:03:09,Closed,5,Low
5823,23559,Signal Not Available,2023-08-23 23:25:59,Escalated,,Medium
5824,47732,Call Drop,2024-01-31 05:43:27,Open,,Low
5825,7103,Recharge Failure,2024-09-04 00:12:51,Open,,Medium
5826,976,Network Issue,2023-07-17 08:54:38,Closed,3,Critical
5827,24464,Refund Request,2025-01-19 20:17:00,Escalated,,Medium
5828,49946,Call Drop,2023-07-11 19:41:19,Closed,2,High
5829,10800,Refund Request,2024-03-22 03:42:24,Closed,7,Medium
5830,40614,Wrong Plan Charged,2023-10-24 02:58:50,Resolved,7,Low
5831,40698,Signal Not Available,2023-11-26 19:42:40,Resolved,0,Critical
5832,9169,Customer Service,2025-05-06 21:48:57,In Progress,,High
5833,47032,SIM Activation,2024-03-12 02:50:01,Resolved,9,Low
5834,27427,Customer Service,2026-04-24 19:02:24,In Progress,,Critical
5835,31867,Data Not Working,2025-02-04 18:57:16,In Progress,,Medium
5836,3948,Network Issue,2023-08-31 02:06:10,In Progress,,High
5837,2802,Slow Internet,2026-03-12 07:37:33,Resolved,0,Critical
5838,19977,Billing Dispute,2026-02-16 14:12:09,Open,,Low
5839,36593,SIM Activation,2025-07-06 01:59:31,Open,,Critical
5840,10116,Data Not Working,2024-03-19 08:51:04,Open,,High
5841,12002,SIM Activation,2024-04-26 19:30:01,In Progress,,Critical
5842,18247,Customer Service,2025-07-25 09:24:45,Open,,Critical
5843,2715,Wrong Plan Charged,2025-01-11 22:33:12,Closed,11,Critical
5844,5430,Refund Request,2025-07-02 10:27:51,Closed,0,Low
5845,31448,Customer Service,2026-05-09 09:58:52,Closed,6,Medium
5846,21911,Recharge Failure,2025-08-05 04:17:49,Resolved,11,Medium
5847,15730,Data Not Working,2026-07-21 18:13:21,Resolved,14,High
5848,35293,Customer Service,2025-09-08 02:11:23,In Progress,,Medium
5849,13751,Network Issue,2024-01-30 04:27:51,Resolved,7,Critical
5850,9289,Slow Internet,2025-03-23 17:14:00,In Progress,,High
5851,39473,Signal Not Available,2023-03-04 19:18:59,Open,,Low
5852,40726,Recharge Failure,2025-04-29 22:14:28,Escalated,,Medium
5853,12468,Customer Service,2023-03-17 02:46:29,Closed,13,Low
5854,32030,Refund Request,2026-06-10 08:39:47,Closed,10,Medium
5855,22749,Signal Not Available,2025-09-06 22:13:42,Resolved,7,Medium
5856,19068,Wrong Plan Charged,2025-11-03 17:12:58,Escalated,,Critical
5857,9644,Data Not Working,2024-05-22 17:17:03,Escalated,,Low
5858,4133,Refund Request,2025-04-14 13:44:07,Resolved,8,Critical
5859,29078,Call Drop,2025-12-10 07:34:25,Closed,0,High
5860,27818,Billing Dispute,2023-06-26 21:47:53,Escalated,,Critical
5861,11474,Slow Internet,2023-12-09 23:24:40,Escalated,,Medium
5862,14831,Call Drop,2026-06-29 03:29:19,Escalated,,Low
5863,13505,Recharge Failure,2025-06-22 12:36:54,In Progress,,Low
5864,10366,Call Drop,2026-01-12 12:18:09,Closed,10,Medium
5865,20509,Slow Internet,2025-04-15 12:59:14,In Progress,,High
5866,1337,SIM Activation,2025-07-12 23:55:25,Open,,High
5867,26821,Data Not Working,2024-11-09 21:52:35,In Progress,,High
5868,45888,Data Not Working,2026-04-29 18:56:59,Escalated,,High
5869,12797,Billing Dispute,2025-11-27 10:48:06,Closed,7,High
5870,42354,Refund Request,2024-07-01 09:23:50,Open,,High
5871,2260,Network Issue,2023-04-06 05:52:12,Open,,Critical
5872,3468,Call Drop,2023-07-13 05:09:53,Closed,3,Critical
5873,35347,Network Issue,2024-01-24 23:53:54,Resolved,12,Low
5874,24455,Wrong Plan Charged,2025-04-23 02:13:32,Escalated,,Low
5875,21301,Recharge Failure,2024-06-21 14:15:42,In Progress,,High
5876,15384,Network Issue,2025-01-24 09:20:51,Resolved,13,High
5877,42422,Signal Not Available,2024-11-25 12:19:24,In Progress,,Medium
5878,37784,SIM Activation,2024-02-21 21:50:40,Closed,10,Low
5879,37746,Slow Internet,2026-03-28 11:19:41,In Progress,,Low
5880,37807,Wrong Plan Charged,2024-08-16 09:10:03,Closed,6,Critical
5881,44319,SIM Activation,2026-01-18 05:36:26,Open,,High
5882,28760,Signal Not Available,2023-12-16 12:00:19,Open,,Critical
5883,13139,Refund Request,2024-03-19 16:15:24,Open,,Critical
5884,49537,Slow Internet,2025-08-12 04:18:15,Resolved,11,High
5885,9130,Data Not Working,2024-06-29 00:06:55,Open,,High
5886,24854,Call Drop,2023-02-27 19:01:37,In Progress,,High
5887,14526,Network Issue,2026-07-20 05:50:03,Closed,2,Medium
5888,11358,Porting Issue,2025-01-20 00:57:56,Closed,15,High
5889,42809,Data Not Working,2023-10-20 13:56:19,Resolved,3,Low
5890,28804,Data Not Working,2024-12-13 21:12:51,Open,,Low
5891,35800,Recharge Failure,2026-05-14 09:19:10,Escalated,,Medium
5892,22892,Network Issue,2023-04-20 05:14:46,Closed,5,Medium
5893,11509,Signal Not Available,2025-10-03 00:17:28,Escalated,,Low
5894,21157,Call Drop,2024-10-24 05:44:57,In Progress,,Medium
5895,28890,Call Drop,2024-03-30 01:24:41,Closed,0,Low
5896,21244,Call Drop,2024-01-27 18:39:46,Closed,5,High
5897,25181,Billing Dispute,2023-07-23 15:01:34,Resolved,13,High
5898,44502,Wrong Plan Charged,2025-11-21 23:25:06,Open,,Medium
5899,43415,Porting Issue,2026-04-04 08:45:52,In Progress,,Medium
5900,46933,Porting Issue,2023-10-12 14:18:57,Closed,1,High
5901,25122,Slow Internet,2023-01-27 10:09:10,Closed,7,Critical
5902,21599,Porting Issue,2024-06-04 08:02:14,Open,,Medium
5903,9610,Call Drop,2023-08-19 23:42:24,Closed,13,Medium
5904,41307,Slow Internet,2026-07-05 07:33:19,Closed,8,Critical
5905,37766,SIM Activation,2023-12-01 03:52:50,Escalated,,High
5906,18119,Billing Dispute,2024-09-22 07:22:02,Closed,1,Low
5907,11321,Refund Request,2026-07-07 08:18:14,Open,,Low
5908,35797,Wrong Plan Charged,2024-02-17 06:25:47,Open,,High
5909,12579,Slow Internet,2025-11-23 16:25:18,In Progress,,High
5910,31174,Slow Internet,2026-04-21 04:48:48,Resolved,6,Medium
5911,40420,Network Issue,2025-08-02 15:33:36,In Progress,,Critical
5912,40785,Customer Service,2023-09-26 19:26:48,Resolved,13,High
5913,37449,Signal Not Available,2024-03-26 06:50:59,In Progress,,High
5914,15104,Data Not Working,2025-12-09 00:55:20,Open,,Low
5915,45009,Slow Internet,2025-09-27 13:45:12,Escalated,,Medium
5916,20277,Wrong Plan Charged,2023-08-24 10:37:16,Closed,12,Medium
5917,2587,SIM Activation,2025-08-21 15:49:08,Closed,15,Low
5918,36885,Call Drop,2024-03-31 18:46:52,Escalated,,Critical
5919,5956,Slow Internet,2024-10-19 18:40:17,Open,,Medium
5920,29612,Billing Dispute,2023-11-11 04:22:32,Closed,4,Critical
5921,29511,Billing Dispute,2024-12-21 16:21:21,Closed,7,High
5922,15940,Slow Internet,2023-06-10 09:52:56,Closed,7,Low
5923,3275,Porting Issue,2025-06-03 08:21:38,Open,,Low
5924,43338,Slow Internet,2023-01-18 22:33:44,Closed,4,Medium
5925,28827,Billing Dispute,2023-04-16 07:06:42,Open,,High
5926,14308,Recharge Failure,2023-09-20 14:13:12,Open,,Low
5927,46035,Call Drop,2026-02-26 22:25:11,In Progress,,Low
5928,28674,Porting Issue,2023-03-25 01:11:16,Open,,Medium
5929,8667,Slow Internet,2024-11-06 15:16:16,Open,,Critical
5930,35174,Recharge Failure,2023-10-04 06:14:27,In Progress,,High
5931,39468,Customer Service,2023-07-16 12:13:20,Escalated,,Medium
5932,34606,Billing Dispute,2025-02-01 14:54:30,Closed,9,Medium
5933,44871,Signal Not Available,2025-08-10 02:29:06,Escalated,,Low
5934,29042,Refund Request,2025-11-05 13:35:32,Open,,Low
5935,43364,Wrong Plan Charged,2025-05-04 07:13:45,Open,,Low
5936,28286,Billing Dispute,2024-06-01 13:22:18,Resolved,8,Critical
5937,8694,Slow Internet,2025-10-18 12:34:46,Open,,Medium
5938,24452,SIM Activation,2023-07-24 06:11:41,In Progress,,Medium
5939,49216,SIM Activation,2026-03-04 04:02:09,In Progress,,High
5940,4139,Customer Service,2024-08-31 23:52:26,In Progress,,Critical
5941,13425,Recharge Failure,2023-04-16 14:01:31,In Progress,,High
5942,2419,Slow Internet,2024-02-15 17:30:18,In Progress,,Medium
5943,3535,Data Not Working,2026-05-13 00:27:30,Open,,Critical
5944,5488,Network Issue,2024-08-11 12:37:52,Closed,0,Medium
5945,12712,Data Not Working,2025-11-30 21:05:27,Escalated,,Medium
5946,32134,Slow Internet,2023-06-07 12:10:55,Closed,0,High
5947,18081,Data Not Working,2024-11-07 19:59:40,Escalated,,Critical
5948,28628,Customer Service,2023-06-02 19:51:55,Resolved,5,Critical
5949,14585,SIM Activation,2023-01-09 04:39:03,Closed,10,High
5950,15438,Recharge Failure,2026-01-28 16:57:45,Resolved,14,High
5951,38111,Signal Not Available,2026-06-02 20:15:34,Escalated,,Critical
5952,47765,Porting Issue,2024-12-30 12:10:27,Closed,4,Medium
5953,24705,Network Issue,2026-02-03 16:30:40,Closed,1,Critical
5954,24016,SIM Activation,2026-03-19 12:54:59,Escalated,,Critical
5955,36360,Refund Request,2023-05-17 06:05:36,Open,,Low
5956,14967,Billing Dispute,2023-07-06 01:14:50,Escalated,,Medium
5957,9202,SIM Activation,2023-01-15 18:45:31,Resolved,13,Medium
5958,36643,SIM Activation,2025-05-17 04:12:24,Escalated,,Critical
5959,13117,Recharge Failure,2023-06-28 19:49:35,Escalated,,Low
5960,10089,Billing Dispute,2024-08-03 23:50:25,Resolved,12,High
5961,9076,Recharge Failure,2025-08-26 20:05:11,Closed,14,Medium
5962,27685,Network Issue,2023-07-07 06:48:33,Escalated,,High
5963,43,Call Drop,2023-05-31 01:12:48,Closed,12,Medium
5964,27977,Signal Not Available,2025-08-29 19:57:52,Open,,Low
5965,1460,Data Not Working,2023-11-29 22:34:53,Open,,High
5966,21524,SIM Activation,2024-10-18 01:58:19,Escalated,,Medium
5967,35224,Refund Request,2025-05-20 06:52:22,Escalated,,Low
5968,27550,Call Drop,2024-06-29 01:18:37,Closed,0,Low
5969,45200,Customer Service,2025-11-12 00:21:59,Open,,High
5970,6262,Call Drop,2026-03-27 22:50:55,In Progress,,Low
5971,4444,SIM Activation,2023-11-16 09:04:46,In Progress,,Critical
5972,4577,Porting Issue,2023-05-29 16:22:10,In Progress,,Low
5973,7042,SIM Activation,2026-07-05 01:33:50,In Progress,,Low
5974,24191,Data Not Working,2025-11-15 09:33:39,Open,,Medium
5975,42581,Slow Internet,2024-09-21 15:03:14,Closed,13,Critical
5976,26871,Data Not Working,2024-08-26 21:38:18,Open,,Low
5977,48009,Call Drop,2023-07-29 02:05:53,Open,,Low
5978,39782,Recharge Failure,2024-08-08 04:54:05,Resolved,10,Medium
5979,16109,Data Not Working,2023-11-27 14:41:39,Escalated,,High
5980,11467,Data Not Working,2026-04-13 05:14:22,Open,,Low
5981,17368,Porting Issue,2025-07-08 20:01:04,Resolved,11,High
5982,2138,SIM Activation,2024-05-25 06:08:30,Closed,4,Medium
5983,21625,Call Drop,2023-12-02 18:14:32,Escalated,,High
5984,20476,SIM Activation,2023-03-14 04:54:01,Closed,2,Medium
5985,44649,Billing Dispute,2023-01-10 06:13:37,Resolved,15,Low
5986,857,Billing Dispute,2025-04-03 04:36:40,Open,,Critical
5987,20032,Porting Issue,2025-03-16 23:19:38,Closed,9,High
5988,5134,Recharge Failure,2023-04-26 20:26:34,Resolved,4,High
5989,18822,Recharge Failure,2023-12-20 03:28:02,Resolved,9,Low
5990,49790,Porting Issue,2025-05-28 13:52:41,Resolved,10,Low
5991,40452,Billing Dispute,2025-01-25 10:02:26,Resolved,9,Low
5992,22096,Refund Request,2025-07-03 15:51:39,Open,,Medium
5993,22789,Wrong Plan Charged,2026-02-01 22:53:24,Resolved,0,Medium
5994,10483,Billing Dispute,2024-08-17 19:57:23,Escalated,,High
5995,5567,SIM Activation,2025-02-08 14:39:29,Resolved,3,Low
5996,16317,Wrong Plan Charged,2024-09-21 02:15:05,Resolved,9,High
5997,19340,Network Issue,2023-12-22 15:18:32,Resolved,12,High
5998,36461,Slow Internet,2024-06-16 16:54:32,Resolved,0,Critical
5999,26320,Refund Request,2024-07-07 16:35:03,Closed,13,Critical
6000,23271,Network Issue,2023-10-28 03:51:23,Closed,10,Critical
6001,41625,Wrong Plan Charged,2023-04-01 12:35:34,Resolved,5,Low
6002,4321,Customer Service,2024-04-15 17:31:38,Resolved,1,Critical
6003,13917,Wrong Plan Charged,2026-04-04 14:32:43,Escalated,,Critical
6004,7982,Wrong Plan Charged,2024-01-22 20:09:11,Open,,High
6005,43200,SIM Activation,2025-11-27 21:09:22,Open,,Critical
6006,6982,Signal Not Available,2024-03-17 07:47:45,Escalated,,Medium
6007,43693,Network Issue,2024-08-04 06:57:29,Closed,10,Medium
6008,1708,Network Issue,2023-04-27 23:43:43,In Progress,,Medium
6009,20032,Customer Service,2023-05-26 17:53:13,Escalated,,Medium
6010,43323,Refund Request,2025-06-10 01:39:36,Open,,Critical
6011,15430,Signal Not Available,2026-01-05 01:29:37,Escalated,,Low
6012,30886,SIM Activation,2026-05-27 16:42:59,Resolved,7,Medium
6013,37026,SIM Activation,2025-03-27 04:45:07,In Progress,,High
6014,44454,Customer Service,2025-03-14 02:18:28,Open,,Medium
6015,36871,Slow Internet,2025-09-24 00:47:38,Closed,1,Critical
6016,26005,Recharge Failure,2025-07-18 09:18:35,Closed,8,Critical
6017,10057,Call Drop,2026-04-17 19:51:03,In Progress,,High
6018,25188,Recharge Failure,2024-09-16 06:17:48,In Progress,,Low
6019,47020,Call Drop,2024-02-10 16:11:45,Escalated,,Medium
6020,26123,SIM Activation,2025-10-23 09:09:05,Open,,High
6021,756,Wrong Plan Charged,2024-03-17 09:16:50,Resolved,14,Low
6022,1722,Network Issue,2025-05-07 07:27:44,Escalated,,Medium
6023,26685,Recharge Failure,2023-08-10 00:12:30,In Progress,,High
6024,28859,Slow Internet,2023-07-27 12:41:46,In Progress,,Critical
6025,4102,Customer Service,2026-04-12 03:06:54,Closed,8,Low
6026,22103,SIM Activation,2023-11-01 01:19:52,In Progress,,Medium
6027,15248,Customer Service,2025-03-09 11:56:27,Resolved,11,Critical
6028,37280,Network Issue,2024-08-23 11:46:00,Open,,Low
6029,8081,Recharge Failure,2023-04-15 06:55:32,Closed,13,Critical
6030,7220,Data Not Working,2025-01-10 01:41:32,Open,,High
6031,14285,Customer Service,2025-11-21 22:02:02,Closed,10,Low
6032,13288,SIM Activation,2025-08-20 05:23:19,Escalated,,Low
6033,9108,Customer Service,2025-04-18 07:21:20,Escalated,,Medium
6034,33933,Customer Service,2025-04-29 01:52:30,Resolved,7,Low
6035,7392,Billing Dispute,2025-01-18 19:04:25,Open,,Low
6036,10389,Network Issue,2023-01-22 09:49:09,In Progress,,High
6037,6152,Refund Request,2023-12-21 14:21:41,Escalated,,Critical
6038,8791,Data Not Working,2025-10-10 16:11:01,Escalated,,Critical
6039,22565,Call Drop,2023-11-20 22:52:29,Escalated,,Low
6040,16747,Data Not Working,2025-04-04 06:23:12,In Progress,,Medium
6041,12883,Recharge Failure,2026-03-02 01:56:00,Open,,Medium
6042,2982,Refund Request,2024-08-20 23:29:58,Resolved,7,Critical
6043,5116,Billing Dispute,2024-05-26 08:32:25,Resolved,4,Medium
6044,46245,Recharge Failure,2026-05-03 08:14:20,Open,,Medium
6045,18747,Call Drop,2026-02-08 11:59:19,Open,,Medium
6046,26653,Billing Dispute,2026-06-23 12:36:06,In Progress,,Critical
6047,19967,Porting Issue,2024-03-09 05:01:35,Closed,11,Critical
6048,40816,Recharge Failure,2025-10-23 07:04:06,In Progress,,Critical
6049,36667,Billing Dispute,2024-07-19 11:20:39,Escalated,,Critical
6050,1582,Signal Not Available,2024-03-29 01:10:07,Closed,3,Medium
6051,14905,Slow Internet,2025-08-23 14:32:28,Resolved,7,Low
6052,13008,SIM Activation,2023-03-10 20:42:48,Open,,Low
6053,10591,Customer Service,2023-09-16 21:20:29,Resolved,10,Critical
6054,8241,Customer Service,2025-10-23 02:28:57,Escalated,,Low
6055,2787,SIM Activation,2025-08-03 02:00:10,In Progress,,Low
6056,35091,Porting Issue,2025-01-02 14:06:49,Escalated,,Medium
6057,19536,Slow Internet,2024-11-06 10:39:10,Open,,High
6058,20962,Billing Dispute,2023-07-29 01:34:41,In Progress,,Medium
6059,30742,Porting Issue,2024-06-05 20:43:13,Closed,0,High
6060,16760,Call Drop,2024-09-14 01:12:06,Open,,High
6061,11340,Billing Dispute,2026-06-10 20:38:19,Escalated,,High
6062,15769,Network Issue,2023-08-03 23:13:18,In Progress,,Low
6063,45455,Wrong Plan Charged,2023-06-19 12:45:02,Closed,15,Medium
6064,4554,SIM Activation,2026-03-06 20:30:31,Closed,5,Medium
6065,46627,Signal Not Available,2025-05-26 02:04:51,In Progress,,Critical
6066,14570,Slow Internet,2024-09-10 03:38:33,Open,,High
6067,8123,Billing Dispute,2026-02-17 16:28:28,Escalated,,Critical
6068,11945,Porting Issue,2024-08-27 03:00:01,Open,,Low
6069,34951,Porting Issue,2025-11-25 16:32:08,Closed,8,High
6070,2583,Slow Internet,2026-05-21 12:28:00,Open,,Low
6071,34106,Call Drop,2023-05-13 03:40:45,Open,,Critical
6072,15902,Customer Service,2024-07-31 14:56:08,Resolved,0,Medium
6073,32368,Billing Dispute,2024-01-25 21:03:52,Open,,Low
6074,31152,Customer Service,2024-08-31 08:03:19,Closed,12,Medium
6075,10557,SIM Activation,2025-02-23 01:32:07,Escalated,,Low
6076,15605,Call Drop,2024-04-29 04:08:59,Escalated,,Low
6077,1716,Data Not Working,2025-06-25 07:07:24,Closed,2,High
6078,23691,Signal Not Available,2025-02-15 18:36:20,Open,,High
6079,40288,SIM Activation,2023-08-05 07:01:04,Resolved,14,High
6080,26188,SIM Activation,2025-10-12 06:30:39,Resolved,11,Medium
6081,47931,Wrong Plan Charged,2026-07-10 14:59:00,Open,,Medium
6082,23869,Wrong Plan Charged,2025-07-13 22:15:54,In Progress,,Critical
6083,16946,Recharge Failure,2024-02-04 17:36:53,Open,,Medium
6084,34223,Slow Internet,2026-01-08 21:11:51,Resolved,12,Critical
6085,18938,SIM Activation,2023-12-23 09:20:29,In Progress,,Critical
6086,16024,Recharge Failure,2023-12-28 21:08:53,Closed,13,High
6087,16669,Customer Service,2026-04-12 17:24:52,In Progress,,Low
6088,32492,Slow Internet,2026-06-28 09:23:08,Closed,6,Medium
6089,34073,Data Not Working,2023-03-11 20:28:07,In Progress,,Critical
6090,15873,Customer Service,2025-05-20 23:41:22,Resolved,10,High
6091,48771,Billing Dispute,2025-08-22 22:05:41,Resolved,5,Medium
6092,35170,Customer Service,2025-01-01 15:52:30,Open,,Medium
6093,33446,Network Issue,2023-03-04 06:05:01,Escalated,,High
6094,40748,Data Not Working,2024-05-15 07:50:53,Closed,12,Low
6095,22280,SIM Activation,2025-03-05 23:40:25,Closed,13,High
6096,24622,Customer Service,2023-05-24 04:19:09,Escalated,,High
6097,39781,Wrong Plan Charged,2026-07-12 08:36:07,Closed,0,High
6098,39402,Porting Issue,2023-11-20 18:46:40,Closed,11,High
6099,33598,Porting Issue,2024-05-09 03:35:19,Closed,11,Low
6100,15348,SIM Activation,2024-08-05 06:01:11,Closed,3,Low
6101,32039,Customer Service,2024-04-01 09:32:22,Escalated,,High
6102,11891,Customer Service,2024-03-31 20:36:29,Resolved,12,Critical
6103,3562,Refund Request,2025-05-16 13:26:57,In Progress,,Critical
6104,2094,Data Not Working,2023-08-19 01:36:10,Escalated,,Medium
6105,23886,SIM Activation,2023-04-28 04:12:12,Closed,5,Medium
6106,2066,Signal Not Available,2023-02-09 23:06:48,In Progress,,Low
6107,8040,Call Drop,2025-08-03 05:52:15,Escalated,,High
6108,42601,Signal Not Available,2023-02-10 02:52:37,Resolved,3,Low
6109,14453,Billing Dispute,2024-09-17 09:37:36,In Progress,,Critical
6110,29990,Slow Internet,2024-05-24 10:00:48,In Progress,,High
6111,47205,Network Issue,2023-05-17 13:48:17,Open,,High
6112,21930,Signal Not Available,2025-03-27 04:21:23,In Progress,,High
6113,3808,Signal Not Available,2024-01-23 12:00:49,Escalated,,Medium
6114,28801,Recharge Failure,2024-02-26 13:50:35,Open,,High
6115,26626,Data Not Working,2025-05-24 11:42:08,Escalated,,Critical
6116,19515,Recharge Failure,2023-09-09 14:02:25,Escalated,,Low
6117,24334,Call Drop,2026-07-11 21:36:23,Open,,Critical
6118,27825,Slow Internet,2024-07-19 19:15:38,Escalated,,High
6119,26808,Wrong Plan Charged,2023-06-09 05:11:25,Escalated,,Medium
6120,10456,Customer Service,2024-11-07 16:44:50,Escalated,,High
6121,6163,Slow Internet,2025-01-04 20:10:13,Escalated,,Low
6122,18693,Billing Dispute,2026-04-21 01:59:55,Open,,Low
6123,14501,Signal Not Available,2025-10-18 08:40:45,In Progress,,Medium
6124,15705,Call Drop,2026-07-16 00:52:20,Open,,High
6125,2553,SIM Activation,2024-12-13 22:25:29,Resolved,2,Critical
6126,44940,SIM Activation,2025-11-15 09:43:18,Open,,Low
6127,23413,Call Drop,2025-12-16 12:35:16,In Progress,,Critical
6128,5519,Customer Service,2024-01-09 04:05:24,Escalated,,Medium
6129,41236,Customer Service,2025-03-24 06:23:45,In Progress,,Low
6130,23199,Customer Service,2026-06-01 19:17:50,Closed,7,Medium
6131,10259,Data Not Working,2024-04-30 00:02:38,In Progress,,Medium
6132,48615,Porting Issue,2023-10-19 07:54:07,Closed,7,High
6133,25070,Call Drop,2024-10-07 02:28:58,Open,,Critical
6134,3638,Wrong Plan Charged,2023-07-21 16:08:15,Closed,6,Critical
6135,20741,Wrong Plan Charged,2023-01-02 19:39:14,Escalated,,Critical
6136,158,Wrong Plan Charged,2025-09-24 05:01:20,Open,,Medium
6137,47343,Network Issue,2025-01-18 06:55:38,In Progress,,Critical
6138,48270,Network Issue,2026-06-18 02:42:20,In Progress,,High
6139,1446,Refund Request,2026-02-06 16:46:02,Resolved,3,Medium
6140,37394,Refund Request,2023-11-20 03:10:54,Resolved,0,Critical
6141,34861,Data Not Working,2024-05-03 02:00:37,Open,,Low
6142,39411,Wrong Plan Charged,2025-05-07 15:22:07,Closed,3,Critical
6143,26014,Data Not Working,2025-09-16 22:26:03,Resolved,11,High
6144,29511,Slow Internet,2023-01-10 23:46:33,Resolved,7,High
6145,37745,Recharge Failure,2025-10-08 11:38:21,Closed,2,Low
6146,27614,Wrong Plan Charged,2023-04-08 12:07:07,Open,,High
6147,47555,Porting Issue,2024-09-27 20:58:28,Resolved,13,Low
6148,12479,Call Drop,2025-10-28 23:11:44,Open,,Low
6149,26501,Signal Not Available,2023-06-12 21:49:31,Closed,12,Medium
6150,8575,Network Issue,2023-03-09 10:08:52,Resolved,3,Medium
6151,10710,Customer Service,2024-12-11 01:37:52,Closed,3,Low
6152,9402,SIM Activation,2024-12-05 14:11:33,Resolved,13,High
6153,26820,Customer Service,2025-07-10 21:28:24,In Progress,,Medium
6154,18182,Network Issue,2023-07-28 15:13:54,Resolved,6,Medium
6155,17690,Call Drop,2024-06-14 17:38:10,Closed,2,Low
6156,20453,Call Drop,2026-02-11 17:20:00,Escalated,,High
6157,6231,Recharge Failure,2026-04-01 19:49:55,In Progress,,Low
6158,33235,SIM Activation,2025-02-07 04:42:03,Escalated,,Critical
6159,40259,Customer Service,2024-10-04 00:37:55,Escalated,,High
6160,4350,Slow Internet,2025-05-26 02:50:59,Closed,15,Critical
6161,35830,Wrong Plan Charged,2023-12-14 20:08:27,Open,,Low
6162,29258,Slow Internet,2024-08-31 08:59:40,Closed,4,High
6163,47039,Network Issue,2023-03-24 00:34:49,Closed,0,Critical
6164,4454,Billing Dispute,2024-09-09 04:06:15,Escalated,,Low
6165,27417,Customer Service,2024-04-29 01:54:04,Closed,12,Low
6166,16538,Porting Issue,2024-09-04 15:22:49,In Progress,,Medium
6167,36489,Slow Internet,2023-07-28 04:47:26,Closed,5,Critical
6168,43597,Recharge Failure,2025-03-11 04:23:36,Resolved,9,Critical
6169,37554,Data Not Working,2023-11-27 21:45:46,Closed,7,Medium
6170,42629,Network Issue,2023-12-18 08:54:16,In Progress,,High
6171,38775,Wrong Plan Charged,2024-08-27 22:09:28,Closed,11,High
6172,5688,Data Not Working,2023-07-28 10:50:08,Closed,12,Medium
6173,38492,Call Drop,2023-02-14 05:15:34,Escalated,,High
6174,28621,Porting Issue,2026-02-07 22:58:57,Escalated,,High
6175,41377,Signal Not Available,2026-03-04 03:48:57,In Progress,,Critical
6176,26418,Network Issue,2026-03-15 19:24:40,Resolved,3,Low
6177,6805,Network Issue,2023-06-04 18:52:41,Escalated,,High
6178,30271,Data Not Working,2026-02-15 11:36:35,Escalated,,Medium
6179,1566,Customer Service,2024-09-28 19:39:10,In Progress,,Medium
6180,40057,Network Issue,2024-02-07 01:32:12,In Progress,,Medium
6181,39571,Recharge Failure,2024-11-02 10:02:47,Escalated,,High
6182,44536,Porting Issue,2026-07-16 09:31:40,Escalated,,Medium
6183,37995,Wrong Plan Charged,2025-09-30 06:49:51,Resolved,6,Low
6184,44081,Signal Not Available,2023-05-02 07:21:07,Escalated,,Critical
6185,1859,Call Drop,2023-03-18 05:44:46,Open,,Low
6186,43466,Network Issue,2025-01-22 06:14:15,Escalated,,Medium
6187,24762,Call Drop,2025-05-06 09:00:24,Escalated,,Low
6188,33403,Porting Issue,2024-12-30 23:10:38,Closed,12,High
6189,1783,Call Drop,2023-06-14 01:44:05,Open,,Critical
6190,8606,Billing Dispute,2023-02-07 21:18:40,In Progress,,Low
6191,39303,Recharge Failure,2026-01-17 14:17:45,Closed,12,Low
6192,40452,Customer Service,2025-05-23 13:32:14,Escalated,,Low
6193,38978,Network Issue,2026-07-15 10:23:33,Resolved,15,High
6194,42590,Slow Internet,2025-05-24 07:04:33,Open,,High
6195,15053,Wrong Plan Charged,2024-02-08 15:41:46,Escalated,,Low
6196,19964,Network Issue,2025-08-06 09:54:41,In Progress,,High
6197,9359,Data Not Working,2025-01-18 18:05:19,Escalated,,Medium
6198,38623,Recharge Failure,2026-05-04 07:09:21,Escalated,,Critical
6199,5592,Signal Not Available,2024-07-25 06:33:16,Closed,8,Low
6200,20376,SIM Activation,2025-03-18 11:12:28,Escalated,,Medium
6201,39143,Customer Service,2026-01-19 14:46:17,In Progress,,Low
6202,21529,Recharge Failure,2023-01-14 01:15:22,In Progress,,Critical
6203,42404,SIM Activation,2024-03-31 10:16:46,In Progress,,Critical
6204,34200,Signal Not Available,2025-09-16 19:38:51,Escalated,,Medium
6205,25957,SIM Activation,2023-12-13 02:19:17,In Progress,,Low
6206,30757,Signal Not Available,2023-07-13 20:11:46,Closed,7,Medium
6207,21473,Porting Issue,2026-07-17 02:16:03,Closed,12,Medium
6208,5024,Billing Dispute,2023-02-03 20:00:40,In Progress,,Critical
6209,17167,Slow Internet,2023-05-02 01:17:12,Closed,0,Medium
6210,20996,Call Drop,2025-09-21 22:42:57,In Progress,,Low
6211,46516,Customer Service,2024-03-31 03:26:32,Resolved,13,Critical
6212,5995,Network Issue,2025-01-02 22:09:42,Open,,Medium
6213,43763,Recharge Failure,2024-10-13 05:02:20,In Progress,,Low
6214,22779,Wrong Plan Charged,2023-02-22 19:48:59,In Progress,,Medium
6215,3592,Slow Internet,2024-05-09 17:35:54,In Progress,,Low
6216,9293,Wrong Plan Charged,2024-01-09 16:58:21,Escalated,,Medium
6217,12879,Wrong Plan Charged,2024-06-09 22:30:44,Resolved,12,Medium
6218,614,Wrong Plan Charged,2025-06-17 00:40:21,Open,,High
6219,2501,Data Not Working,2023-06-27 00:23:31,In Progress,,High
6220,27152,Slow Internet,2023-05-17 19:46:00,Open,,Critical
6221,49493,Network Issue,2024-01-15 02:53:14,Open,,Medium
6222,44977,Data Not Working,2024-07-23 10:03:28,Resolved,10,Critical
6223,15825,Call Drop,2023-11-28 12:20:43,Resolved,9,Critical
6224,4255,Call Drop,2023-10-21 23:36:07,In Progress,,High
6225,31617,Network Issue,2025-10-07 12:04:55,Open,,Medium
6226,35290,Network Issue,2026-03-18 11:01:46,Escalated,,Medium
6227,32619,Network Issue,2023-11-22 09:14:28,Open,,Low
6228,28803,Customer Service,2025-03-24 01:29:14,Escalated,,Medium
6229,720,Refund Request,2026-06-14 22:05:59,Closed,2,Medium
6230,4129,Network Issue,2023-12-13 06:36:23,Open,,High
6231,26573,Wrong Plan Charged,2024-11-25 03:13:08,Escalated,,Low
6232,35669,Slow Internet,2024-11-21 21:47:23,Escalated,,Low
6233,6973,Network Issue,2024-06-19 03:43:34,Open,,High
6234,7689,Network Issue,2023-07-17 16:14:47,Open,,Low
6235,9618,SIM Activation,2025-12-11 06:04:22,Escalated,,Critical
6236,48708,Call Drop,2026-01-30 14:07:05,Resolved,12,Critical
6237,45477,Recharge Failure,2023-11-22 19:24:47,Resolved,5,Critical
6238,20010,Wrong Plan Charged,2023-06-22 15:40:29,Closed,7,High
6239,11080,Wrong Plan Charged,2026-06-19 02:31:20,Open,,Low
6240,6295,Signal Not Available,2026-01-02 18:44:46,Closed,1,Low
6241,8309,SIM Activation,2024-11-09 19:56:23,Escalated,,Critical
6242,13512,Slow Internet,2024-12-30 13:20:40,Open,,Low
6243,17212,Call Drop,2025-07-20 22:08:37,Escalated,,Low
6244,6214,Slow Internet,2023-11-17 00:28:12,Closed,8,Low
6245,11241,Network Issue,2023-03-15 01:09:13,Closed,12,Low
6246,15787,SIM Activation,2023-05-16 16:09:43,Resolved,8,Critical
6247,6473,Data Not Working,2024-12-18 03:51:28,Resolved,15,Critical
6248,12208,Recharge Failure,2025-08-05 06:38:41,Escalated,,Medium
6249,30690,Billing Dispute,2024-10-24 14:11:00,Resolved,10,Medium
6250,26851,Recharge Failure,2026-06-10 00:11:54,In Progress,,High
6251,36350,Signal Not Available,2023-12-28 17:52:41,Closed,9,High
6252,19520,Slow Internet,2025-04-24 17:08:20,Open,,Low
6253,48219,Data Not Working,2024-10-23 01:08:49,Escalated,,Critical
6254,1071,Wrong Plan Charged,2025-07-28 22:24:37,Closed,4,Low
6255,26958,Wrong Plan Charged,2023-11-04 21:15:03,Escalated,,Critical
6256,15594,Call Drop,2026-06-30 06:13:15,Resolved,10,Critical
6257,39005,Porting Issue,2023-12-19 07:17:59,In Progress,,Low
6258,4007,Signal Not Available,2023-03-21 14:50:53,Closed,3,Medium
6259,21384,Network Issue,2023-08-06 11:24:36,In Progress,,Low
6260,38604,Data Not Working,2024-02-05 20:37:38,Resolved,12,High
6261,31888,Wrong Plan Charged,2025-10-19 15:14:13,Resolved,12,High
6262,9093,Recharge Failure,2026-04-16 20:13:31,Resolved,0,Low
6263,49747,Call Drop,2025-10-27 16:33:15,Closed,6,Medium
6264,36635,Network Issue,2023-03-20 18:32:28,Resolved,15,Low
6265,48621,Network Issue,2023-12-05 08:01:26,Closed,5,Medium
6266,39788,Porting Issue,2024-05-19 02:19:50,Resolved,11,Medium
6267,5653,Data Not Working,2023-04-18 13:39:22,In Progress,,Medium
6268,41078,Network Issue,2025-04-19 15:02:17,Open,,Low
6269,36932,Wrong Plan Charged,2025-10-25 06:35:58,Resolved,10,High
6270,18244,Porting Issue,2025-06-23 16:21:32,Closed,7,Medium
6271,26462,Customer Service,2024-03-06 09:35:18,Resolved,13,Medium
6272,27697,Recharge Failure,2023-12-29 09:22:56,Resolved,11,Low
6273,890,Wrong Plan Charged,2023-03-27 12:58:03,Resolved,1,Low
6274,18640,Wrong Plan Charged,2023-01-24 06:38:39,Resolved,5,Low
6275,28212,Signal Not Available,2023-10-13 21:05:23,In Progress,,Low
6276,23268,Call Drop,2023-04-11 22:37:57,Resolved,12,Critical
6277,8448,Recharge Failure,2024-12-01 05:42:58,Escalated,,High
6278,13198,Customer Service,2023-08-31 20:45:05,Open,,Medium
6279,20091,Call Drop,2025-06-16 09:58:17,Resolved,7,Medium
6280,1373,Data Not Working,2023-05-12 05:43:28,Open,,High
6281,8635,Call Drop,2026-03-11 21:07:30,Closed,2,Medium
6282,25752,Network Issue,2025-03-26 00:34:18,Resolved,14,Medium
6283,18411,Billing Dispute,2024-03-15 04:43:09,Escalated,,Critical
6284,12996,Customer Service,2025-07-28 16:57:02,Open,,High
6285,48999,Signal Not Available,2023-03-26 02:43:40,Closed,0,High
6286,27516,Billing Dispute,2026-03-13 03:50:57,In Progress,,Low
6287,27193,Call Drop,2025-02-24 04:33:13,Resolved,14,High
6288,2601,Slow Internet,2025-05-07 20:51:29,Open,,Low
6289,36343,Refund Request,2024-06-16 08:21:09,In Progress,,Medium
6290,43462,Porting Issue,2025-01-14 03:06:12,Open,,Medium
6291,30871,Wrong Plan Charged,2025-05-23 18:21:30,In Progress,,Critical
6292,45687,Slow Internet,2023-06-06 22:27:01,Escalated,,Medium
6293,35336,Wrong Plan Charged,2025-05-07 15:05:25,In Progress,,Critical
6294,44637,SIM Activation,2024-04-08 12:01:33,Resolved,4,Low
6295,41456,Recharge Failure,2026-03-27 07:32:36,Closed,0,High
6296,37645,Porting Issue,2025-07-05 09:20:07,In Progress,,Low
6297,44060,Porting Issue,2024-02-02 22:55:09,Resolved,13,Low
6298,42978,Billing Dispute,2023-02-14 02:29:45,Open,,High
6299,7647,Customer Service,2023-02-17 00:39:10,Open,,Critical
6300,12824,Billing Dispute,2023-06-08 11:38:44,Resolved,5,Medium
6301,44914,Call Drop,2023-01-14 03:44:43,Resolved,15,High
6302,35100,Customer Service,2024-10-09 11:17:27,In Progress,,High
6303,24783,Wrong Plan Charged,2025-02-10 05:28:17,Escalated,,High
6304,11585,Billing Dispute,2023-07-11 12:17:07,In Progress,,Medium
6305,39529,SIM Activation,2025-04-08 12:37:22,Resolved,7,High
6306,44227,Slow Internet,2023-08-31 07:25:35,In Progress,,Low
6307,33896,Slow Internet,2025-08-05 02:06:40,Closed,8,Critical
6308,41588,SIM Activation,2025-10-15 17:01:58,Open,,Medium
6309,13538,Customer Service,2025-03-05 23:51:37,Resolved,3,Critical
6310,11434,Recharge Failure,2023-03-04 18:04:01,Resolved,10,Medium
6311,19578,Refund Request,2025-06-22 22:40:20,In Progress,,Critical
6312,24944,Call Drop,2023-12-13 08:41:12,Escalated,,Medium
6313,2855,Call Drop,2025-07-31 21:07:36,Escalated,,Medium
6314,39544,SIM Activation,2026-05-21 04:52:02,Closed,15,High
6315,4732,Slow Internet,2023-01-29 05:10:49,Closed,13,Medium
6316,46958,Data Not Working,2023-08-07 10:15:06,Closed,15,High
6317,12594,Network Issue,2025-09-01 23:09:44,Escalated,,Critical
6318,3851,Signal Not Available,2024-07-07 15:23:36,Escalated,,Medium
6319,45332,Wrong Plan Charged,2023-06-23 11:20:50,Closed,14,Critical
6320,15270,Slow Internet,2024-06-29 11:48:37,Resolved,7,High
6321,13522,SIM Activation,2023-04-05 00:37:44,In Progress,,High
6322,22416,Call Drop,2024-09-01 18:54:00,Open,,Medium
6323,26438,Porting Issue,2024-01-06 19:59:18,In Progress,,Medium
6324,49127,SIM Activation,2023-06-29 18:30:23,Escalated,,High
6325,7919,Data Not Working,2023-06-21 11:59:02,Open,,High
6326,3943,Refund Request,2026-05-08 13:44:55,Closed,15,Low
6327,44258,Customer Service,2023-05-13 13:35:22,Closed,14,High
6328,31936,SIM Activation,2026-07-02 18:26:39,Escalated,,Critical
6329,17063,Signal Not Available,2026-07-15 07:17:53,In Progress,,Medium
6330,27548,Slow Internet,2024-07-04 04:06:11,Escalated,,Critical
6331,38182,Customer Service,2026-06-05 09:09:30,In Progress,,High
6332,25047,SIM Activation,2025-01-26 12:35:42,Closed,11,Low
6333,45747,Network Issue,2024-10-06 12:28:08,Closed,2,High
6334,47924,Wrong Plan Charged,2026-04-23 18:52:45,In Progress,,Low
6335,11954,Billing Dispute,2024-08-14 00:58:28,Closed,14,Critical
6336,38798,Call Drop,2026-05-24 18:28:53,In Progress,,High
6337,49813,Signal Not Available,2026-07-06 19:46:30,Resolved,0,Low
6338,16219,Billing Dispute,2026-07-28 20:39:07,Resolved,5,Critical
6339,48469,Signal Not Available,2024-08-14 15:26:13,Escalated,,Critical
6340,34648,Signal Not Available,2025-11-14 07:12:55,Closed,0,Low
6341,724,Call Drop,2023-11-10 04:54:44,In Progress,,Medium
6342,21537,Network Issue,2023-06-06 09:43:49,Escalated,,High
6343,40443,Signal Not Available,2024-05-26 19:01:05,Escalated,,Medium
6344,29969,Signal Not Available,2024-12-16 15:40:11,In Progress,,Low
6345,8332,Wrong Plan Charged,2023-12-22 21:56:21,Closed,9,Medium
6346,14733,SIM Activation,2025-09-12 01:32:23,Closed,9,High
6347,14066,Call Drop,2024-08-07 06:14:27,Escalated,,Medium
6348,17580,Customer Service,2026-05-01 09:57:03,Open,,High
6349,30551,Signal Not Available,2023-06-25 15:30:33,Escalated,,Medium
6350,24183,Customer Service,2025-03-29 22:52:31,Escalated,,High
6351,12561,Billing Dispute,2025-05-19 08:29:06,Open,,Medium
6352,36093,Porting Issue,2023-05-18 19:00:49,Closed,5,Critical
6353,47493,Recharge Failure,2024-08-27 15:39:11,Open,,Medium
6354,13657,Signal Not Available,2023-02-05 18:20:08,Escalated,,High
6355,4459,Recharge Failure,2024-01-09 10:57:31,Resolved,6,Medium
6356,8919,Slow Internet,2025-05-15 09:17:17,Open,,Medium
6357,22737,Customer Service,2025-12-23 12:15:39,Closed,1,Medium
6358,6370,Slow Internet,2024-08-28 04:12:31,Open,,Medium
6359,35909,Customer Service,2024-09-05 05:20:27,Open,,Critical
6360,3270,Call Drop,2026-01-02 05:34:32,Open,,High
6361,22721,Data Not Working,2025-01-06 17:45:02,Open,,Medium
6362,37811,Customer Service,2023-10-27 01:06:31,Escalated,,Critical
6363,44726,Porting Issue,2025-03-13 13:16:15,Closed,14,High
6364,5591,Signal Not Available,2024-08-20 04:43:59,Closed,13,Low
6365,31672,Data Not Working,2024-02-24 17:25:08,Resolved,14,Low
6366,22371,Call Drop,2025-07-15 19:41:21,Resolved,8,Low
6367,27625,Refund Request,2026-02-09 06:54:15,Resolved,0,Medium
6368,27957,Call Drop,2026-04-10 01:46:50,Resolved,4,Low
6369,31288,SIM Activation,2023-07-18 05:58:37,Closed,5,Critical
6370,22552,Slow Internet,2023-07-17 18:10:09,Closed,7,Low
6371,7124,Call Drop,2026-05-10 21:18:20,In Progress,,Critical
6372,48130,Recharge Failure,2023-03-15 00:52:37,Closed,2,Low
6373,47623,Network Issue,2023-02-17 01:36:15,Resolved,13,Low
6374,14720,Call Drop,2023-10-10 01:21:29,In Progress,,Critical
6375,2351,SIM Activation,2024-01-23 12:55:04,Open,,Low
6376,25650,Call Drop,2025-10-22 18:19:23,In Progress,,Critical
6377,36219,Signal Not Available,2024-05-22 20:29:28,Resolved,13,Low
6378,23114,Wrong Plan Charged,2025-02-11 11:41:04,Resolved,3,Medium
6379,46904,Wrong Plan Charged,2025-07-06 17:29:35,Closed,9,Critical
6380,34158,Slow Internet,2023-06-20 23:06:07,Closed,2,Medium
6381,46373,Refund Request,2023-01-31 09:52:45,Escalated,,Low
6382,34437,Network Issue,2025-10-22 00:35:43,Closed,7,Medium
6383,47763,SIM Activation,2023-01-09 09:19:30,Escalated,,Low
6384,19770,Wrong Plan Charged,2023-08-16 06:32:27,Open,,Critical
6385,15912,Customer Service,2025-02-27 13:00:52,Closed,6,Medium
6386,30960,Recharge Failure,2026-07-07 19:46:45,Resolved,4,Low
6387,11941,Data Not Working,2024-12-18 12:22:49,Escalated,,High
6388,37334,Signal Not Available,2025-03-02 19:05:09,Escalated,,High
6389,22550,Customer Service,2024-06-02 08:27:44,Resolved,1,Low
6390,40615,Recharge Failure,2025-03-09 14:34:18,Resolved,5,Low
6391,12455,Billing Dispute,2025-12-10 16:39:37,Resolved,15,Critical
6392,49645,Billing Dispute,2023-09-28 02:15:43,Resolved,10,Critical
6393,16035,Customer Service,2023-07-13 15:34:04,Escalated,,Critical
6394,44584,Slow Internet,2024-03-26 03:17:53,Resolved,11,Critical
6395,31315,Data Not Working,2024-04-14 02:14:41,Closed,13,Medium
6396,13904,Network Issue,2023-06-30 06:42:34,Open,,High
6397,45895,Wrong Plan Charged,2023-12-16 07:35:35,In Progress,,Critical
6398,11196,Wrong Plan Charged,2023-03-31 14:50:42,Resolved,10,Low
6399,15125,Billing Dispute,2026-04-11 20:49:12,Open,,Critical
6400,41346,Slow Internet,2024-09-30 16:56:52,Open,,Critical
6401,13004,Billing Dispute,2023-10-26 17:37:48,Escalated,,Medium
6402,11070,Billing Dispute,2025-07-05 22:13:40,Open,,High
6403,10302,Data Not Working,2025-05-10 17:38:29,Escalated,,Critical
6404,4349,Billing Dispute,2024-01-12 18:49:52,Open,,Critical
6405,48330,Data Not Working,2024-11-14 14:27:37,Escalated,,High
6406,18796,Wrong Plan Charged,2023-02-16 08:43:48,Escalated,,Medium
6407,30502,Signal Not Available,2023-11-13 02:09:08,In Progress,,Low
6408,32167,Signal Not Available,2025-07-27 18:13:54,Escalated,,Low
6409,33709,Wrong Plan Charged,2025-02-14 14:24:05,Escalated,,High
6410,25473,Data Not Working,2024-04-12 11:35:18,Escalated,,Low
6411,29122,Data Not Working,2026-01-16 09:45:38,Resolved,10,Medium
6412,17680,Call Drop,2025-03-16 13:18:48,Resolved,15,High
6413,11001,Refund Request,2025-01-17 16:23:57,Resolved,0,High
6414,46584,SIM Activation,2023-08-27 22:51:56,Closed,5,Medium
6415,4042,Signal Not Available,2025-11-29 06:19:32,Escalated,,Low
6416,36783,Refund Request,2024-01-24 16:12:02,Open,,Medium
6417,41712,Billing Dispute,2026-07-22 19:09:31,In Progress,,Low
6418,3390,SIM Activation,2025-03-29 04:08:57,Escalated,,Medium
6419,21377,Wrong Plan Charged,2023-12-14 03:24:03,In Progress,,Low
6420,30701,Wrong Plan Charged,2025-11-21 14:41:36,Open,,Critical
6421,33719,Signal Not Available,2023-08-26 12:06:06,Escalated,,Medium
6422,21704,Data Not Working,2023-02-13 16:09:36,Resolved,1,Low
6423,6660,Slow Internet,2023-03-02 02:23:44,Escalated,,Critical
6424,11459,Call Drop,2025-08-16 01:17:50,Resolved,9,Critical
6425,27530,Refund Request,2023-02-18 22:14:04,Escalated,,Medium
6426,23942,Wrong Plan Charged,2023-03-25 08:01:16,Closed,6,Critical
6427,37178,Wrong Plan Charged,2023-06-26 09:27:52,In Progress,,Critical
6428,37731,Signal Not Available,2024-12-12 22:50:37,Escalated,,Low
6429,12416,Porting Issue,2024-11-22 10:04:48,Resolved,11,Low
6430,41639,Porting Issue,2025-11-16 11:06:56,In Progress,,Medium
6431,604,Wrong Plan Charged,2025-12-15 06:36:34,Resolved,4,Critical
6432,23946,Network Issue,2023-08-24 21:34:44,In Progress,,High
6433,19809,Slow Internet,2025-02-06 05:55:36,Resolved,2,Low
6434,19072,Customer Service,2025-12-14 03:15:25,Open,,Critical
6435,5214,Network Issue,2023-04-28 09:29:32,Open,,Medium
6436,24414,Customer Service,2023-02-07 02:41:27,Open,,Medium
6437,17026,Call Drop,2026-01-02 20:56:03,In Progress,,Critical
6438,49377,Signal Not Available,2024-05-09 04:29:45,Resolved,8,Low
6439,16529,Signal Not Available,2023-07-23 02:10:21,Open,,High
6440,33719,Customer Service,2024-06-05 21:09:53,Escalated,,Critical
6441,16624,Call Drop,2025-08-08 15:39:36,Closed,13,High
6442,20844,Data Not Working,2023-10-08 12:03:24,In Progress,,Critical
6443,29578,Billing Dispute,2024-06-01 09:29:00,Closed,4,Medium
6444,32814,Signal Not Available,2026-07-15 19:10:28,Closed,2,Low
6445,6141,Signal Not Available,2025-01-03 12:58:46,Closed,6,Critical
6446,39310,Data Not Working,2025-04-30 10:44:29,Closed,3,High
6447,11282,SIM Activation,2024-05-19 17:37:56,Resolved,10,Medium
6448,21924,Slow Internet,2026-03-27 12:16:16,Open,,Medium
6449,22896,Network Issue,2023-02-27 14:20:09,Resolved,6,Medium
6450,25392,Refund Request,2025-02-11 01:01:55,Open,,Low
6451,7241,Signal Not Available,2024-01-11 03:48:05,Escalated,,Low
6452,18582,Billing Dispute,2024-10-20 10:52:14,Escalated,,Medium
6453,28154,Porting Issue,2026-01-13 23:23:11,Escalated,,Low
6454,23180,Data Not Working,2023-11-04 13:32:44,Open,,Critical
6455,33584,Signal Not Available,2025-12-22 17:37:18,In Progress,,High
6456,401,Network Issue,2025-08-07 15:43:04,Open,,High
6457,24552,Data Not Working,2023-02-25 18:54:23,Closed,3,High
6458,39823,Slow Internet,2024-07-25 03:25:54,Escalated,,High
6459,42165,Data Not Working,2024-02-28 09:55:08,In Progress,,Critical
6460,49359,Billing Dispute,2024-08-21 02:59:46,Resolved,4,Medium
6461,1686,Network Issue,2023-04-04 10:40:09,Open,,Critical
6462,17272,Data Not Working,2025-11-28 20:46:47,Closed,11,Critical
6463,44338,Signal Not Available,2026-07-26 21:59:32,Closed,11,Low
6464,20894,Customer Service,2023-05-13 20:52:24,Resolved,9,Medium
6465,19618,Porting Issue,2026-06-07 13:59:30,Escalated,,Low
6466,38089,SIM Activation,2024-12-24 14:40:44,In Progress,,High
6467,39779,Signal Not Available,2024-07-26 14:51:30,In Progress,,Low
6468,31040,Slow Internet,2025-09-19 10:25:34,Open,,Low
6469,34235,Refund Request,2023-06-07 03:26:35,Escalated,,Medium
6470,7469,Call Drop,2024-11-08 00:55:07,Escalated,,Medium
6471,32078,Call Drop,2025-07-04 12:28:43,Open,,Low
6472,1559,Network Issue,2024-10-30 19:11:24,In Progress,,Critical
6473,17210,Slow Internet,2023-11-20 06:47:22,Closed,3,Low
6474,26719,Billing Dispute,2023-03-13 12:51:48,Closed,12,Medium
6475,21957,Wrong Plan Charged,2024-07-10 00:00:09,Open,,Medium
6476,16748,Recharge Failure,2025-12-29 05:44:25,Escalated,,High
6477,4930,Data Not Working,2024-02-09 10:28:57,Open,,High
6478,11536,Network Issue,2023-11-24 23:29:54,Closed,3,Medium
6479,12828,Porting Issue,2025-04-27 01:00:21,Escalated,,Low
6480,11382,SIM Activation,2023-05-10 09:26:10,Closed,4,Critical
6481,22310,Wrong Plan Charged,2025-01-09 07:32:16,In Progress,,Medium
6482,45734,Refund Request,2024-04-04 14:49:09,Open,,Low
6483,47850,Wrong Plan Charged,2023-01-15 00:41:58,In Progress,,Low
6484,1310,Customer Service,2025-01-11 18:50:11,In Progress,,Low
6485,35764,Recharge Failure,2026-06-14 19:58:27,Open,,Critical
6486,42465,Customer Service,2025-02-10 13:02:30,Open,,Critical
6487,31279,Slow Internet,2023-07-10 00:03:37,Closed,6,Critical
6488,9268,Slow Internet,2025-09-29 20:31:10,Escalated,,Critical
6489,16322,Data Not Working,2023-01-12 14:40:28,In Progress,,Medium
6490,33229,SIM Activation,2023-03-03 01:55:06,Open,,Medium
6491,41926,Network Issue,2026-07-04 17:45:07,Closed,10,High
6492,48201,Billing Dispute,2025-10-17 22:03:34,In Progress,,High
6493,36981,Call Drop,2023-07-04 14:02:15,Closed,14,Low
6494,10286,Slow Internet,2024-05-28 21:30:00,Escalated,,Critical
6495,11211,Recharge Failure,2023-06-13 10:33:16,Open,,Critical
6496,40310,Wrong Plan Charged,2024-07-01 20:26:23,Open,,Critical
6497,45273,Refund Request,2024-03-04 02:29:09,Open,,Low
6498,25256,Signal Not Available,2025-08-09 07:52:08,Resolved,9,High
6499,35897,Slow Internet,2025-01-05 06:30:20,Resolved,15,High
6500,31601,Wrong Plan Charged,2024-03-13 05:56:59,Resolved,5,High
6501,37736,Wrong Plan Charged,2023-07-09 01:37:56,Resolved,15,Critical
6502,39552,Call Drop,2023-03-26 17:41:36,Closed,13,Medium
6503,38112,Refund Request,2026-07-01 07:56:04,Open,,Low
6504,37754,Wrong Plan Charged,2024-03-06 01:53:41,Open,,Low
6505,33010,Porting Issue,2025-08-25 23:47:13,In Progress,,Low
6506,34601,Wrong Plan Charged,2026-03-09 02:32:01,Closed,13,High
6507,43581,Billing Dispute,2024-12-12 18:06:05,Open,,Medium
6508,49031,SIM Activation,2023-12-25 04:02:00,Resolved,1,Medium
6509,16453,Billing Dispute,2023-04-28 10:48:42,Open,,High
6510,32193,Network Issue,2026-01-15 16:40:21,Resolved,8,Critical
6511,36591,Signal Not Available,2023-06-12 22:18:41,Escalated,,Low
6512,49299,Slow Internet,2023-04-24 16:07:06,Open,,Low
6513,5012,Data Not Working,2023-10-30 20:38:29,Escalated,,High
6514,15584,Signal Not Available,2024-06-04 07:40:34,Escalated,,Medium
6515,25806,Customer Service,2025-01-09 13:23:28,Escalated,,Medium
6516,34517,Signal Not Available,2024-10-26 08:18:57,Open,,Low
6517,9411,SIM Activation,2023-01-13 04:03:33,Resolved,10,Critical
6518,15317,Billing Dispute,2026-07-19 09:19:17,Resolved,2,Medium
6519,29958,Network Issue,2024-07-26 12:34:05,Escalated,,Low
6520,477,Porting Issue,2024-11-24 08:52:55,Escalated,,Medium
6521,33962,Network Issue,2024-10-14 03:29:03,Closed,12,High
6522,10254,Wrong Plan Charged,2023-08-02 21:46:16,In Progress,,High
6523,26526,Slow Internet,2023-04-10 13:54:31,Escalated,,High
6524,26718,Network Issue,2024-03-08 01:21:26,In Progress,,Low
6525,10590,Wrong Plan Charged,2024-06-11 00:07:12,Open,,High
6526,48745,Signal Not Available,2025-05-04 19:08:29,Escalated,,Critical
6527,5504,Network Issue,2024-08-20 23:33:25,Closed,9,Medium
6528,35195,Porting Issue,2024-09-26 18:58:43,Closed,11,High
6529,592,SIM Activation,2023-08-24 06:55:48,Escalated,,Low
6530,29438,Data Not Working,2023-12-30 12:50:34,Escalated,,Low
6531,33593,Data Not Working,2023-01-24 23:11:09,Resolved,6,Low
6532,2523,Wrong Plan Charged,2024-08-24 14:50:31,Open,,Critical
6533,34148,Network Issue,2024-07-11 01:37:08,Escalated,,Critical
6534,2709,Porting Issue,2026-07-02 09:26:56,Closed,11,Medium
6535,8630,Slow Internet,2026-02-28 06:46:25,In Progress,,Medium
6536,28388,Billing Dispute,2023-01-27 16:50:34,Resolved,13,Critical
6537,29800,Refund Request,2025-01-15 22:35:19,Closed,6,Critical
6538,42663,Refund Request,2025-10-22 20:19:16,In Progress,,High
6539,33615,Refund Request,2025-03-25 15:44:24,Closed,4,Low
6540,25427,Data Not Working,2024-12-04 15:32:01,In Progress,,High
6541,38544,Wrong Plan Charged,2025-04-13 03:38:58,In Progress,,High
6542,20219,Refund Request,2025-05-10 23:11:32,In Progress,,High
6543,23466,Refund Request,2025-08-19 05:15:46,In Progress,,Medium
6544,1459,Customer Service,2023-09-25 10:24:58,In Progress,,Low
6545,49270,Slow Internet,2023-10-03 19:51:34,Resolved,14,Critical
6546,38455,Recharge Failure,2025-11-23 03:17:58,Resolved,6,Critical
6547,35119,Signal Not Available,2023-07-26 20:29:03,Open,,Low
6548,45073,Signal Not Available,2024-01-17 22:40:20,Escalated,,High
6549,4291,Data Not Working,2024-09-27 18:26:57,Escalated,,Medium
6550,6610,Wrong Plan Charged,2025-08-09 18:29:29,Open,,High
6551,12085,Billing Dispute,2026-02-07 18:00:50,Resolved,2,Critical
6552,37167,SIM Activation,2024-08-11 09:29:48,Resolved,14,High
6553,41280,Recharge Failure,2023-01-12 11:55:01,Closed,10,Medium
6554,45119,Recharge Failure,2024-04-03 00:30:51,Open,,Critical
6555,20905,Signal Not Available,2024-05-28 08:48:20,Closed,11,Medium
6556,42049,Network Issue,2026-07-08 20:57:58,Escalated,,High
6557,26951,Recharge Failure,2025-04-02 18:40:45,Closed,13,Critical
6558,41266,Slow Internet,2024-05-07 10:54:14,Closed,6,Medium
6559,38305,SIM Activation,2023-06-05 08:11:46,Open,,Medium
6560,6247,Slow Internet,2023-07-11 11:41:41,Open,,Low
6561,23383,Slow Internet,2025-04-20 17:21:18,Closed,5,High
6562,17799,Porting Issue,2026-05-08 04:44:09,Escalated,,High
6563,47182,Wrong Plan Charged,2025-01-29 13:01:58,Open,,Medium
6564,47047,Recharge Failure,2023-09-28 05:35:54,In Progress,,High
6565,16766,Signal Not Available,2025-11-19 05:46:01,Resolved,2,Critical
6566,47951,Customer Service,2024-04-08 21:49:33,In Progress,,High
6567,4721,Porting Issue,2023-02-08 15:31:13,Open,,High
6568,5776,Data Not Working,2024-04-05 20:05:01,Resolved,10,Critical
6569,38056,Network Issue,2024-05-16 15:15:44,Resolved,0,Low
6570,15258,Billing Dispute,2026-03-07 18:49:43,Escalated,,Critical
6571,24741,Slow Internet,2026-07-04 07:24:52,Resolved,14,Medium
6572,24306,Network Issue,2025-02-06 11:04:13,In Progress,,Low
6573,21065,Signal Not Available,2025-09-26 13:14:56,Closed,10,Medium
6574,36338,Signal Not Available,2023-08-02 09:51:11,Open,,High
6575,20415,Customer Service,2026-04-12 04:13:08,Open,,Medium
6576,9866,Signal Not Available,2023-08-17 03:02:54,Closed,1,Low
6577,32616,Billing Dispute,2024-09-16 16:39:21,Open,,Critical
6578,32735,Recharge Failure,2023-04-23 16:10:21,Closed,14,High
6579,16959,Billing Dispute,2024-08-30 03:49:00,Open,,Critical
6580,31182,Wrong Plan Charged,2023-09-11 15:17:23,Open,,Critical
6581,11956,Call Drop,2024-05-14 22:21:29,Escalated,,High
6582,44467,Wrong Plan Charged,2024-07-17 23:17:12,Closed,3,Medium
6583,23368,Billing Dispute,2023-05-24 05:40:05,In Progress,,Critical
6584,25373,Network Issue,2023-03-05 21:56:55,In Progress,,Low
6585,17147,SIM Activation,2023-06-14 14:10:21,Closed,7,Medium
6586,38277,SIM Activation,2023-11-09 12:23:22,In Progress,,Low
6587,2363,Customer Service,2026-02-24 10:10:00,In Progress,,Low
6588,12022,Wrong Plan Charged,2024-02-08 02:50:57,Open,,High
6589,3212,Customer Service,2026-06-05 05:41:34,Escalated,,High
6590,25618,Refund Request,2025-09-01 02:22:15,Open,,Medium
6591,19016,Signal Not Available,2024-01-08 14:47:21,Resolved,6,High
6592,24786,Signal Not Available,2023-09-24 09:14:34,Escalated,,Low
6593,13881,Slow Internet,2023-10-21 12:26:59,Escalated,,High
6594,8092,Call Drop,2025-02-11 22:39:24,Escalated,,High
6595,35662,Recharge Failure,2026-04-11 20:14:52,Open,,Medium
6596,48008,Customer Service,2023-04-04 03:05:54,Closed,12,Critical
6597,39422,Customer Service,2023-07-19 09:42:13,In Progress,,Low
6598,26174,Wrong Plan Charged,2025-07-14 10:10:26,In Progress,,High
6599,38125,Call Drop,2024-04-22 08:07:53,Open,,Low
6600,26570,Refund Request,2023-04-10 03:35:28,Resolved,9,Critical
6601,41201,Network Issue,2023-11-17 13:19:45,Open,,High
6602,41508,Porting Issue,2024-06-21 15:57:30,Closed,1,Low
6603,6329,Refund Request,2025-04-06 00:40:12,Closed,9,Critical
6604,15819,Billing Dispute,2025-01-15 06:58:04,In Progress,,Low
6605,1864,Porting Issue,2025-07-26 12:26:36,Open,,High
6606,21365,Porting Issue,2025-08-29 07:23:19,Escalated,,Low
6607,38716,Slow Internet,2024-02-12 08:38:44,Escalated,,Medium
6608,25521,Wrong Plan Charged,2026-03-18 22:22:03,Resolved,15,High
6609,31065,Refund Request,2023-12-22 19:19:00,Escalated,,High
6610,5436,Billing Dispute,2023-05-21 03:55:23,Open,,Low
6611,41798,Customer Service,2026-07-08 07:03:50,Escalated,,Medium
6612,2607,SIM Activation,2025-10-19 09:09:55,Closed,7,High
6613,46068,Billing Dispute,2023-06-30 12:00:17,Open,,Low
6614,22306,Data Not Working,2024-10-03 02:50:41,In Progress,,High
6615,27223,Wrong Plan Charged,2024-08-12 09:07:50,Resolved,0,Low
6616,41049,Customer Service,2023-06-26 18:19:33,Open,,Low
6617,32629,Signal Not Available,2023-10-11 14:46:02,Resolved,12,Critical
6618,6671,Call Drop,2025-04-01 05:17:17,In Progress,,Low
6619,41342,Signal Not Available,2025-11-08 11:57:35,Closed,3,High
6620,38739,Porting Issue,2026-07-13 00:41:37,Closed,0,Critical
6621,31607,Porting Issue,2024-04-03 03:35:49,Resolved,8,Low
6622,6348,Signal Not Available,2025-01-09 06:02:10,In Progress,,High
6623,28032,Data Not Working,2023-04-30 01:36:02,Open,,Low
6624,39503,Slow Internet,2024-03-06 03:27:21,Closed,3,Critical
6625,36686,Signal Not Available,2024-09-15 16:53:02,In Progress,,Critical
6626,42452,Network Issue,2025-06-19 07:26:23,In Progress,,High
6627,44789,Call Drop,2024-10-08 13:56:21,Resolved,4,Critical
6628,25455,Recharge Failure,2026-04-25 00:36:27,Closed,7,High
6629,49839,Wrong Plan Charged,2025-09-09 09:46:13,Resolved,15,Low
6630,7150,Data Not Working,2023-04-10 01:28:42,In Progress,,High
6631,49792,Recharge Failure,2026-05-24 18:03:07,In Progress,,Medium
6632,12148,Slow Internet,2024-10-16 02:39:26,Closed,8,Critical
6633,12058,Recharge Failure,2024-06-18 10:21:05,Closed,9,Critical
6634,39793,Porting Issue,2024-01-12 16:24:35,Resolved,12,Critical
6635,28918,Customer Service,2023-10-11 23:10:32,In Progress,,Medium
6636,45631,Signal Not Available,2025-03-24 08:36:00,In Progress,,Low
6637,4041,Billing Dispute,2024-05-06 23:38:57,In Progress,,High
6638,14661,Slow Internet,2024-08-04 01:31:53,Escalated,,Low
6639,22948,Billing Dispute,2024-12-17 21:30:30,Open,,Low
6640,15590,Call Drop,2026-02-05 22:55:49,Open,,Low
6641,27208,Slow Internet,2024-11-20 11:23:52,Closed,13,Medium
6642,26082,Signal Not Available,2024-04-06 03:12:05,In Progress,,Low
6643,28771,Billing Dispute,2023-02-10 17:37:12,Escalated,,High
6644,25387,Data Not Working,2024-03-24 09:28:01,Closed,8,High
6645,8342,Wrong Plan Charged,2025-11-09 13:00:04,In Progress,,High
6646,37001,SIM Activation,2025-04-30 10:12:08,Closed,9,High
6647,46068,Wrong Plan Charged,2026-06-09 17:55:26,Open,,Critical
6648,33685,Porting Issue,2025-10-07 19:07:08,Closed,6,Critical
6649,18404,Customer Service,2025-08-06 02:09:53,Open,,Medium
6650,29429,Data Not Working,2024-04-18 15:22:27,Closed,13,Medium
6651,16149,Wrong Plan Charged,2025-10-22 05:25:16,Resolved,5,Low
6652,26495,SIM Activation,2025-08-05 04:40:12,In Progress,,High
6653,27199,Signal Not Available,2023-02-23 05:32:47,Escalated,,Low
6654,15099,Network Issue,2026-06-12 03:54:35,Closed,9,Critical
6655,34209,Refund Request,2024-09-30 11:08:16,Closed,1,Medium
6656,14518,SIM Activation,2026-07-14 13:47:07,In Progress,,Critical
6657,47458,Call Drop,2024-02-01 18:56:02,In Progress,,High
6658,38968,Wrong Plan Charged,2024-09-30 17:24:29,Escalated,,High
6659,19432,Network Issue,2025-07-25 12:09:30,In Progress,,High
6660,8282,Data Not Working,2024-10-01 06:31:04,In Progress,,Medium
6661,3913,Wrong Plan Charged,2023-03-17 06:14:27,Resolved,4,Medium
6662,10348,Network Issue,2025-04-28 00:10:17,Closed,5,Low
6663,9736,SIM Activation,2025-12-03 06:16:30,Open,,Medium
6664,20398,Slow Internet,2023-03-05 04:39:35,Resolved,11,Medium
6665,47757,Signal Not Available,2024-07-31 06:00:11,In Progress,,Critical
6666,41850,Network Issue,2026-07-19 00:27:41,Open,,Low
6667,46438,Porting Issue,2024-07-10 21:33:58,Open,,Low
6668,44659,Billing Dispute,2024-08-13 12:32:53,Resolved,10,Low
6669,25318,Refund Request,2024-11-11 07:31:01,In Progress,,Medium
6670,7525,Call Drop,2025-04-01 09:25:38,Escalated,,Medium
6671,17007,Recharge Failure,2025-08-14 11:26:16,Resolved,4,Medium
6672,10558,Porting Issue,2026-02-12 15:16:10,Escalated,,Medium
6673,12589,Recharge Failure,2024-01-28 05:41:52,In Progress,,Critical
6674,14104,Customer Service,2023-11-11 07:35:50,Open,,High
6675,17836,Signal Not Available,2024-05-11 05:09:01,Escalated,,High
6676,40479,Network Issue,2026-02-15 08:00:31,Escalated,,Critical
6677,18780,Data Not Working,2023-09-09 10:06:49,In Progress,,Critical
6678,19878,Porting Issue,2026-01-01 10:00:35,In Progress,,Medium
6679,24136,Refund Request,2023-02-14 13:02:58,Escalated,,Medium
6680,48013,Signal Not Available,2025-07-17 03:07:28,Open,,Critical
6681,31769,Billing Dispute,2023-03-25 13:57:28,Resolved,1,Critical
6682,4308,Porting Issue,2026-04-23 05:42:53,In Progress,,Medium
6683,43114,Recharge Failure,2023-06-16 13:11:22,Resolved,10,Low
6684,9117,Recharge Failure,2025-03-06 20:26:50,In Progress,,Medium
6685,21926,Billing Dispute,2023-08-14 07:00:28,Escalated,,Critical
6686,13095,Recharge Failure,2025-10-06 01:06:28,Escalated,,Low
6687,5719,Recharge Failure,2024-05-10 09:03:55,Resolved,11,High
6688,21910,Refund Request,2025-06-21 18:52:05,Closed,13,Medium
6689,17540,Signal Not Available,2024-02-05 07:54:17,Closed,13,Medium
6690,11450,SIM Activation,2023-11-26 00:21:12,Escalated,,High
6691,7126,Recharge Failure,2025-12-01 17:46:59,Resolved,10,High
6692,793,Billing Dispute,2023-02-21 09:49:05,Resolved,0,High
6693,37414,Recharge Failure,2023-07-08 04:47:10,Closed,14,Medium
6694,134,Network Issue,2025-12-19 17:02:50,Escalated,,High
6695,39924,Call Drop,2025-01-05 00:22:27,Closed,6,Medium
6696,41082,Data Not Working,2023-08-23 00:05:19,Escalated,,High
6697,23882,Refund Request,2026-04-04 10:26:03,Escalated,,High
6698,38817,Call Drop,2024-11-19 12:09:26,In Progress,,Critical
6699,43922,Wrong Plan Charged,2023-04-10 17:27:10,Resolved,11,Low
6700,289,Data Not Working,2025-04-22 15:21:55,Resolved,1,Critical
6701,13365,Data Not Working,2026-01-14 00:41:19,Open,,Low
6702,9807,Slow Internet,2023-04-11 07:30:28,Closed,6,Low
6703,42432,Signal Not Available,2024-12-18 17:41:53,Resolved,8,High
6704,11903,Porting Issue,2026-03-03 05:14:16,Resolved,7,Low
6705,17935,Refund Request,2024-05-12 08:26:16,Resolved,9,High
6706,36551,Data Not Working,2023-02-12 17:39:42,Closed,7,Low
6707,28535,Call Drop,2025-12-19 00:36:15,Open,,Medium
6708,14517,Customer Service,2025-08-17 15:36:02,Resolved,11,Critical
6709,16843,Data Not Working,2025-09-11 14:13:59,Resolved,5,Medium
6710,17947,Wrong Plan Charged,2026-06-11 13:38:44,Open,,Critical
6711,17086,Porting Issue,2025-06-13 02:53:40,Open,,Low
6712,4352,SIM Activation,2024-11-15 23:28:06,In Progress,,Medium
6713,43786,Porting Issue,2023-06-05 06:30:23,Escalated,,Low
6714,41019,Network Issue,2025-02-11 05:41:33,Closed,9,Critical
6715,40278,Porting Issue,2025-03-07 14:31:08,Resolved,12,High
6716,2809,Wrong Plan Charged,2025-11-20 23:45:46,Closed,5,Critical
6717,8159,Porting Issue,2024-06-25 01:59:05,In Progress,,High
6718,45448,Slow Internet,2024-11-26 22:45:48,Resolved,5,High
6719,17887,Wrong Plan Charged,2025-12-19 12:40:29,Open,,Low
6720,653,SIM Activation,2024-04-01 14:47:55,Open,,High
6721,25132,Wrong Plan Charged,2025-05-23 01:59:50,Open,,High
6722,28146,Signal Not Available,2023-03-07 10:32:27,Escalated,,High
6723,18220,SIM Activation,2024-04-24 03:11:45,Resolved,10,Medium
6724,41194,Wrong Plan Charged,2025-12-08 17:56:22,Closed,15,Critical
6725,16522,Porting Issue,2025-09-01 11:21:08,Resolved,2,Medium
6726,25237,Customer Service,2026-05-28 15:26:23,Escalated,,Critical
6727,43721,Signal Not Available,2024-04-19 14:16:35,In Progress,,Medium
6728,11399,Recharge Failure,2024-03-20 19:02:32,In Progress,,Medium
6729,18897,Recharge Failure,2024-04-13 00:47:11,In Progress,,Medium
6730,45173,Porting Issue,2025-01-18 15:53:47,In Progress,,Critical
6731,20876,Billing Dispute,2023-06-15 09:18:30,Open,,Critical
6732,20991,Slow Internet,2024-12-30 16:25:56,Closed,0,Critical
6733,9105,Porting Issue,2024-01-28 03:23:55,In Progress,,Critical
6734,38484,Slow Internet,2025-12-28 22:19:08,Resolved,9,Critical
6735,10054,Customer Service,2024-12-09 11:48:36,Resolved,15,Medium
6736,48981,Slow Internet,2026-01-15 14:38:32,Resolved,13,Critical
6737,15414,Refund Request,2025-08-14 23:12:43,Closed,13,Critical
6738,41681,Data Not Working,2025-01-03 21:20:58,Escalated,,Low
6739,24370,Network Issue,2025-03-31 00:35:07,In Progress,,Critical
6740,20718,Network Issue,2023-09-22 11:20:32,In Progress,,High
6741,16570,Network Issue,2025-06-21 05:53:39,Open,,High
6742,46021,SIM Activation,2025-09-25 12:30:52,Closed,11,Medium
6743,43520,Slow Internet,2023-02-23 19:27:47,Escalated,,Low
6744,10558,SIM Activation,2025-10-19 20:48:01,Open,,Critical
6745,30051,Slow Internet,2023-06-02 15:23:27,Resolved,9,Medium
6746,18441,Customer Service,2025-10-11 04:19:10,Resolved,10,High
6747,45727,Wrong Plan Charged,2024-12-21 04:14:53,Resolved,2,High
6748,13054,Wrong Plan Charged,2023-06-25 18:18:42,In Progress,,High
6749,13976,Customer Service,2023-08-24 01:01:55,Open,,Low
6750,13382,SIM Activation,2024-12-25 16:24:29,Open,,High
6751,43560,Recharge Failure,2023-01-11 12:58:09,In Progress,,Medium
6752,2893,Data Not Working,2023-01-06 04:20:13,Resolved,13,Critical
6753,10055,Wrong Plan Charged,2023-06-10 05:13:46,Escalated,,Critical
6754,36740,Refund Request,2024-06-30 20:39:27,Closed,15,High
6755,4452,Data Not Working,2023-12-10 07:01:44,Escalated,,Critical
6756,10899,Network Issue,2025-06-14 03:49:19,In Progress,,Low
6757,12008,Customer Service,2025-10-07 02:35:06,In Progress,,Critical
6758,5062,Billing Dispute,2024-06-24 09:10:53,Escalated,,Low
6759,43263,Customer Service,2023-07-04 07:37:31,Resolved,13,Low
6760,48711,Porting Issue,2026-05-17 15:20:51,Resolved,1,Medium
6761,49766,SIM Activation,2023-06-05 21:24:09,Resolved,1,Medium
6762,41697,Billing Dispute,2023-03-10 21:58:10,In Progress,,High
6763,5928,Porting Issue,2023-11-17 02:46:56,Open,,Medium
6764,3927,Refund Request,2025-03-03 00:02:00,Escalated,,Low
6765,42915,Network Issue,2023-03-03 21:54:15,Closed,3,Critical
6766,36412,Wrong Plan Charged,2023-05-17 11:13:25,Escalated,,Medium
6767,3053,Recharge Failure,2024-07-07 02:43:59,Escalated,,Medium
6768,27917,Network Issue,2023-07-19 08:00:37,Closed,12,High
6769,24206,Porting Issue,2025-12-21 20:31:30,Escalated,,Medium
6770,30008,Data Not Working,2023-04-04 14:21:16,Escalated,,Low
6771,23894,Billing Dispute,2023-02-22 03:02:52,Resolved,11,Critical
6772,10573,SIM Activation,2024-03-25 03:46:56,Resolved,10,Critical
6773,7681,Slow Internet,2025-09-06 19:10:17,In Progress,,Critical
6774,12198,Data Not Working,2025-12-10 09:49:52,Escalated,,Medium
6775,1475,Signal Not Available,2026-02-19 03:51:45,Resolved,10,Critical
6776,45440,Customer Service,2025-10-07 01:09:25,In Progress,,Critical
6777,23988,Refund Request,2025-05-10 18:00:06,Escalated,,Critical
6778,485,Recharge Failure,2024-04-27 05:17:34,Open,,Critical
6779,31979,Recharge Failure,2025-04-27 15:02:12,Closed,1,Low
6780,10467,Porting Issue,2026-07-14 02:02:54,Resolved,2,Medium
6781,37321,Call Drop,2023-08-30 16:30:53,Closed,1,Medium
6782,3033,Customer Service,2023-06-19 18:50:11,Resolved,9,High
6783,35103,Call Drop,2023-04-13 15:11:59,Escalated,,Medium
6784,29715,Wrong Plan Charged,2025-04-01 03:37:44,Open,,Medium
6785,9127,Customer Service,2024-06-15 23:43:40,Escalated,,Low
6786,16987,Porting Issue,2023-12-20 00:09:05,Closed,12,Low
6787,25020,Refund Request,2023-09-26 00:04:14,Open,,Low
6788,31242,SIM Activation,2024-04-19 06:18:01,In Progress,,Medium
6789,10613,Porting Issue,2024-04-24 13:20:25,Resolved,2,Critical
6790,40793,Call Drop,2025-05-07 10:34:07,Closed,11,High
6791,1595,Porting Issue,2025-07-26 01:21:24,Closed,3,Medium
6792,20791,Refund Request,2025-03-08 23:22:42,Open,,High
6793,17279,Slow Internet,2026-07-23 08:09:21,In Progress,,Low
6794,20633,Data Not Working,2025-09-02 04:05:22,Closed,15,High
6795,28892,Network Issue,2025-04-11 19:09:26,Closed,13,Low
6796,8164,Network Issue,2023-08-05 10:09:04,In Progress,,Low
6797,16692,Wrong Plan Charged,2023-10-04 23:22:56,Open,,Medium
6798,48649,Slow Internet,2023-10-31 14:39:23,In Progress,,Critical
6799,47739,Slow Internet,2023-03-11 22:05:32,Escalated,,Critical
6800,1401,Call Drop,2025-02-22 09:12:38,Resolved,12,Critical
6801,43988,Customer Service,2025-08-19 15:53:04,Resolved,9,Low
6802,999,Data Not Working,2025-12-05 13:04:51,Closed,3,Medium
6803,12265,Billing Dispute,2025-12-04 14:05:38,Open,,Low
6804,31430,Slow Internet,2025-02-17 15:56:32,Open,,Medium
6805,42204,Data Not Working,2025-04-11 16:15:29,In Progress,,Low
6806,32772,Billing Dispute,2023-12-23 11:08:40,In Progress,,High
6807,36680,Wrong Plan Charged,2024-07-12 14:47:40,Open,,Low
6808,37031,Signal Not Available,2026-06-10 17:49:08,Escalated,,Medium
6809,26668,Network Issue,2026-04-23 17:33:01,Closed,15,High
6810,22821,Signal Not Available,2025-04-04 20:22:02,In Progress,,Medium
6811,37882,Wrong Plan Charged,2024-10-17 15:50:26,Escalated,,High
6812,11559,SIM Activation,2023-07-02 17:23:55,Open,,High
6813,24239,Signal Not Available,2023-12-06 07:37:47,Resolved,0,Low
6814,46491,Customer Service,2023-07-18 01:39:56,In Progress,,Medium
6815,33156,Porting Issue,2025-07-23 16:09:34,Closed,15,Critical
6816,20366,Data Not Working,2025-02-01 15:37:08,In Progress,,Medium
6817,35254,Billing Dispute,2024-06-24 08:35:01,Open,,Critical
6818,33321,SIM Activation,2024-10-18 07:24:05,Open,,High
6819,17626,Recharge Failure,2024-03-10 08:20:21,Closed,3,Low
6820,5103,Recharge Failure,2026-01-14 01:58:44,Escalated,,Critical
6821,30943,SIM Activation,2025-07-19 14:16:35,Closed,7,Medium
6822,7815,Customer Service,2023-12-08 10:09:17,Escalated,,High
6823,35440,Wrong Plan Charged,2025-03-14 12:59:33,Resolved,3,Medium
6824,29556,Refund Request,2024-12-13 11:28:58,Resolved,15,Medium
6825,35941,Signal Not Available,2025-07-18 15:47:26,In Progress,,High
6826,41585,Recharge Failure,2023-06-25 05:51:19,Resolved,1,Low
6827,19604,Call Drop,2026-03-24 11:33:10,Escalated,,Low
6828,19923,Signal Not Available,2026-05-03 12:03:22,Resolved,13,Critical
6829,8102,Recharge Failure,2026-02-28 07:04:18,Closed,10,High
6830,38448,Wrong Plan Charged,2023-07-19 18:53:03,In Progress,,Medium
6831,21322,Slow Internet,2025-02-15 08:19:28,In Progress,,Low
6832,48349,Wrong Plan Charged,2025-07-14 05:30:52,In Progress,,Critical
6833,36937,Recharge Failure,2023-01-12 05:43:43,Resolved,12,Low
6834,27332,Recharge Failure,2024-05-25 08:25:31,Open,,High
6835,13749,Network Issue,2024-03-18 08:30:00,Open,,Low
6836,33009,Wrong Plan Charged,2023-07-15 16:38:13,In Progress,,Medium
6837,31327,Slow Internet,2026-03-11 12:31:52,Escalated,,Low
6838,44324,Slow Internet,2025-05-24 21:50:26,Escalated,,Critical
6839,9444,Wrong Plan Charged,2026-07-25 18:09:19,Open,,Critical
6840,17000,Porting Issue,2024-11-12 05:21:10,In Progress,,Critical
6841,30692,Slow Internet,2024-07-24 11:48:36,In Progress,,High
6842,2680,Porting Issue,2024-10-26 02:20:29,Resolved,14,Low
6843,37598,Data Not Working,2025-07-31 08:12:56,Closed,4,Medium
6844,48886,Billing Dispute,2023-11-02 10:01:03,Open,,High
6845,15813,Billing Dispute,2025-12-31 00:59:01,Resolved,5,Critical
6846,43604,Call Drop,2025-10-13 13:25:49,Open,,Low
6847,21928,Call Drop,2025-07-24 16:33:34,In Progress,,Critical
6848,18809,Signal Not Available,2024-08-23 23:25:04,In Progress,,High
6849,37383,Billing Dispute,2026-04-23 14:27:15,Resolved,0,High
6850,13415,Wrong Plan Charged,2023-10-02 15:05:37,In Progress,,Critical
6851,18366,Recharge Failure,2025-05-22 04:04:08,Closed,9,Medium
6852,533,Refund Request,2025-03-18 03:50:42,Resolved,6,Medium
6853,46479,Slow Internet,2023-02-27 05:29:52,Escalated,,Low
6854,11928,Porting Issue,2024-05-16 04:57:24,Closed,11,Critical
6855,45039,Recharge Failure,2024-06-03 18:30:51,Resolved,4,High
6856,33928,Wrong Plan Charged,2024-05-28 16:53:27,Escalated,,High
6857,20976,Recharge Failure,2023-04-07 12:49:44,In Progress,,Critical
6858,41343,Data Not Working,2025-11-27 03:15:42,Escalated,,Low
6859,4736,Customer Service,2025-12-17 00:13:24,Open,,Critical
6860,6484,Call Drop,2023-01-22 12:16:34,Escalated,,Medium
6861,47591,Billing Dispute,2023-06-18 13:01:32,Open,,Critical
6862,44465,Refund Request,2024-10-06 15:20:37,Open,,Low
6863,11948,Recharge Failure,2025-02-10 01:57:03,Closed,4,Medium
6864,30066,Customer Service,2026-05-05 09:18:19,Resolved,15,Low
6865,26088,Signal Not Available,2023-02-22 11:31:01,Escalated,,Low
6866,9696,Slow Internet,2023-01-27 21:38:05,Resolved,7,Medium
6867,5632,Network Issue,2024-11-24 10:07:04,In Progress,,Critical
6868,20832,Porting Issue,2023-08-28 00:44:43,Open,,High
6869,15446,SIM Activation,2025-08-11 10:49:43,Open,,Critical
6870,8834,Network Issue,2026-07-16 15:39:50,In Progress,,Critical
6871,12699,Slow Internet,2026-03-22 12:58:24,In Progress,,Medium
6872,24306,Billing Dispute,2025-07-30 06:02:19,Open,,Critical
6873,35632,Data Not Working,2024-07-01 01:57:08,In Progress,,Low
6874,4525,Slow Internet,2023-12-24 15:33:01,Resolved,2,Low
6875,43195,Data Not Working,2024-02-27 14:22:22,Closed,10,High
6876,33426,Refund Request,2023-07-01 02:47:09,Open,,High
6877,12322,Slow Internet,2024-05-12 09:25:25,Closed,3,Low
6878,15100,Network Issue,2023-01-12 06:40:54,In Progress,,Low
6879,35323,Porting Issue,2023-02-03 04:05:48,Open,,Medium
6880,21442,SIM Activation,2025-04-01 13:28:51,Open,,Medium
6881,16681,Slow Internet,2024-02-27 19:57:17,Escalated,,Medium
6882,12639,Network Issue,2024-12-23 04:04:10,In Progress,,Critical
6883,23861,Porting Issue,2024-01-20 08:36:32,Escalated,,Critical
6884,20989,Network Issue,2024-07-23 07:28:29,Closed,15,High
6885,49481,Customer Service,2025-04-13 18:13:51,Resolved,2,High
6886,7602,SIM Activation,2025-10-11 16:18:33,Open,,Critical
6887,3813,Network Issue,2023-08-20 09:07:05,In Progress,,High
6888,18888,Billing Dispute,2025-03-20 06:03:46,Resolved,10,High
6889,21219,Billing Dispute,2025-09-15 09:31:43,Escalated,,Medium
6890,36686,Network Issue,2023-09-27 06:57:52,Resolved,8,Medium
6891,11742,Network Issue,2025-12-13 06:14:22,Closed,9,High
6892,41416,Data Not Working,2023-12-21 03:21:23,Closed,6,High
6893,29404,Wrong Plan Charged,2026-05-17 00:39:58,In Progress,,Low
6894,11420,SIM Activation,2026-01-20 11:53:41,Closed,4,Medium
6895,1687,Network Issue,2026-07-01 12:41:15,In Progress,,High
6896,27575,Call Drop,2023-01-02 04:32:37,In Progress,,Medium
6897,45764,Recharge Failure,2025-11-19 16:51:33,Open,,High
6898,21267,Refund Request,2026-04-20 18:02:31,In Progress,,Low
6899,27811,Signal Not Available,2023-11-25 01:38:39,In Progress,,Critical
6900,5189,Data Not Working,2025-12-06 05:36:00,In Progress,,Critical
6901,11110,Billing Dispute,2025-06-06 15:00:16,Open,,High
6902,36897,Network Issue,2023-11-21 02:35:47,Resolved,14,Low
6903,4114,Porting Issue,2024-10-22 04:03:01,Closed,15,High
6904,27255,Slow Internet,2025-07-31 01:10:52,Open,,High
6905,30355,Call Drop,2023-05-11 04:28:42,Open,,Critical
6906,4247,Customer Service,2026-07-21 08:01:26,In Progress,,Low
6907,30715,SIM Activation,2025-12-02 11:55:16,In Progress,,Medium
6908,25320,Network Issue,2026-06-23 02:12:49,Closed,4,Critical
6909,40796,Wrong Plan Charged,2024-08-12 04:03:57,Open,,Medium
6910,28922,Call Drop,2025-09-20 10:45:02,Open,,High
6911,36503,SIM Activation,2024-02-10 12:06:25,Resolved,8,High
6912,4079,Porting Issue,2023-03-11 07:43:27,In Progress,,Medium
6913,4386,Billing Dispute,2025-12-06 17:02:21,Resolved,1,Medium
6914,4663,Billing Dispute,2025-02-14 00:29:59,Resolved,2,High
6915,10213,Refund Request,2024-12-03 08:05:58,Open,,High
6916,46552,Customer Service,2026-07-11 06:33:14,In Progress,,High
6917,23842,Data Not Working,2024-08-15 05:15:01,Resolved,6,Medium
6918,18650,Data Not Working,2024-08-01 23:15:05,In Progress,,Medium
6919,46959,Customer Service,2026-05-27 20:11:10,Closed,13,Critical
6920,30420,Refund Request,2025-11-04 20:21:15,In Progress,,High
6921,44921,SIM Activation,2026-02-03 08:45:10,Escalated,,Low
6922,33702,Call Drop,2023-03-06 12:27:45,In Progress,,High
6923,47220,Call Drop,2025-01-27 01:59:25,Escalated,,High
6924,20222,Signal Not Available,2023-01-16 23:43:01,Escalated,,High
6925,42442,Customer Service,2025-11-27 08:01:27,Closed,8,High
6926,47815,Porting Issue,2025-02-01 09:11:41,Closed,10,High
6927,2637,Recharge Failure,2025-12-23 11:24:58,Closed,14,Critical
6928,41619,Refund Request,2023-04-15 21:01:00,Resolved,9,Critical
6929,22362,Network Issue,2023-07-24 00:47:33,Resolved,2,Critical
6930,24800,SIM Activation,2025-05-22 02:28:28,Escalated,,High
6931,16949,Refund Request,2025-08-15 16:24:11,Open,,High
6932,28962,Call Drop,2023-06-15 15:21:25,Open,,Medium
6933,5142,Call Drop,2025-10-27 06:40:31,In Progress,,Medium
6934,748,Call Drop,2024-11-01 20:14:19,In Progress,,High
6935,402,Network Issue,2023-05-25 13:53:53,In Progress,,Low
6936,4445,SIM Activation,2025-02-18 17:32:31,In Progress,,Critical
6937,25719,Recharge Failure,2024-09-16 16:13:43,Escalated,,High
6938,45578,Customer Service,2024-10-29 04:40:44,In Progress,,Medium
6939,42729,Network Issue,2025-10-19 05:12:15,Escalated,,Low
6940,14282,SIM Activation,2023-07-17 23:16:46,In Progress,,Low
6941,5615,Porting Issue,2025-08-29 05:20:23,Escalated,,High
6942,24208,Data Not Working,2024-07-07 09:33:09,Resolved,6,Medium
6943,37825,Billing Dispute,2024-06-02 13:23:45,In Progress,,Low
6944,20021,Data Not Working,2023-08-21 04:12:21,In Progress,,Medium
6945,14482,SIM Activation,2026-07-04 18:55:31,Resolved,3,Medium
6946,10758,Network Issue,2024-11-03 21:26:04,Resolved,2,Medium
6947,25401,Porting Issue,2026-05-24 13:31:54,In Progress,,Medium
6948,43603,Slow Internet,2025-03-10 22:10:51,Escalated,,High
6949,11597,Call Drop,2023-03-13 10:01:13,Closed,6,Medium
6950,19534,Slow Internet,2023-09-28 07:27:28,Open,,High
6951,24395,Signal Not Available,2024-06-27 19:40:09,Closed,0,Critical
6952,43866,Porting Issue,2023-08-31 22:28:26,Resolved,10,Critical
6953,49495,Call Drop,2026-04-17 00:43:42,Closed,6,High
6954,32394,Signal Not Available,2025-08-17 07:44:16,Escalated,,Medium
6955,33776,Billing Dispute,2023-03-29 19:25:07,Closed,0,Medium
6956,23316,Signal Not Available,2025-05-07 13:11:52,Escalated,,High
6957,42058,Recharge Failure,2023-09-21 07:14:26,In Progress,,Low
6958,27609,Refund Request,2026-03-11 13:58:41,In Progress,,Low
6959,17831,Wrong Plan Charged,2023-04-03 02:23:49,Closed,9,High
6960,43868,Network Issue,2025-05-12 20:42:34,Escalated,,High
6961,27211,Wrong Plan Charged,2023-10-27 05:32:23,Resolved,10,High
6962,47126,Porting Issue,2023-12-03 09:15:46,Open,,Critical
6963,13755,Network Issue,2024-07-17 15:31:27,In Progress,,High
6964,26782,Recharge Failure,2026-02-27 08:37:30,Escalated,,Low
6965,29279,Refund Request,2025-12-11 23:40:56,Open,,Critical
6966,17290,Network Issue,2025-10-20 02:32:37,Escalated,,Low
6967,35618,Refund Request,2026-03-23 06:08:02,Escalated,,Critical
6968,14010,Signal Not Available,2024-06-05 03:10:28,Closed,3,Critical
6969,3436,Call Drop,2023-01-06 11:32:45,Closed,7,Low
6970,41423,Slow Internet,2026-04-16 20:59:23,In Progress,,Low
6971,25103,Porting Issue,2025-06-30 14:55:13,Escalated,,Low
6972,18264,Signal Not Available,2025-01-09 14:27:30,In Progress,,Critical
6973,12054,Network Issue,2023-09-09 08:36:43,Closed,3,Medium
6974,25619,Customer Service,2026-01-09 04:50:31,Resolved,14,Low
6975,31943,Slow Internet,2023-12-03 05:19:02,In Progress,,Low
6976,26211,Porting Issue,2026-03-14 04:57:38,Escalated,,Critical
6977,12279,Billing Dispute,2024-06-11 10:57:19,In Progress,,Medium
6978,22343,Call Drop,2025-06-27 12:18:00,Resolved,4,Low
6979,20101,Porting Issue,2025-05-16 12:34:06,In Progress,,Low
6980,6619,Billing Dispute,2025-01-18 06:26:02,Resolved,3,Medium
6981,34165,Signal Not Available,2024-02-17 01:15:30,Escalated,,Medium
6982,20461,Billing Dispute,2026-02-23 14:22:55,Resolved,0,Critical
6983,16623,Refund Request,2026-06-21 13:54:32,Open,,Critical
6984,16740,Slow Internet,2024-08-12 03:50:17,In Progress,,Critical
6985,3208,Network Issue,2024-04-03 09:59:33,In Progress,,Low
6986,48506,Call Drop,2025-09-11 01:52:21,In Progress,,Critical
6987,17711,Refund Request,2023-06-10 17:11:05,Closed,15,Low
6988,19780,Wrong Plan Charged,2025-10-28 05:27:18,Closed,12,Low
6989,20336,Customer Service,2026-01-09 22:47:54,Resolved,14,Critical
6990,9972,Network Issue,2025-08-28 23:39:50,Open,,Medium
6991,26647,Data Not Working,2025-09-29 17:17:20,Closed,4,High
6992,40533,Call Drop,2026-03-15 06:46:57,Resolved,6,High
6993,16120,Refund Request,2024-12-07 06:15:03,Closed,7,Critical
6994,11652,Recharge Failure,2024-06-20 14:34:34,Resolved,2,Critical
6995,10924,Recharge Failure,2024-05-07 02:49:57,Closed,4,Medium
6996,11317,Refund Request,2023-07-29 22:20:50,Resolved,0,Low
6997,9665,Wrong Plan Charged,2025-04-12 17:14:14,Open,,High
6998,5624,Call Drop,2024-12-21 19:36:26,Escalated,,High
6999,11500,Billing Dispute,2025-11-04 07:21:21,Escalated,,Medium
7000,41702,Porting Issue,2023-10-22 16:13:36,Closed,0,High
7001,12967,Porting Issue,2026-01-13 21:30:45,Resolved,7,Critical
7002,43137,Billing Dispute,2025-05-10 07:45:38,Resolved,10,Low
7003,15314,Wrong Plan Charged,2023-08-30 11:56:00,Open,,Low
7004,17192,Call Drop,2024-07-28 02:54:02,Resolved,0,Critical
7005,16447,Refund Request,2025-01-18 11:31:23,Escalated,,Critical
7006,8218,Billing Dispute,2025-05-07 12:33:50,Resolved,5,Low
7007,48144,Porting Issue,2026-02-14 03:55:32,Resolved,4,High
7008,459,Slow Internet,2023-02-28 11:12:34,Open,,High
7009,18131,Network Issue,2025-11-04 22:10:44,Escalated,,Critical
7010,48571,Signal Not Available,2024-09-28 21:04:21,In Progress,,Low
7011,1872,Porting Issue,2024-08-10 11:01:17,In Progress,,Critical
7012,46175,Refund Request,2023-02-20 10:49:51,Resolved,4,Low
7013,20453,SIM Activation,2025-06-20 04:09:37,Open,,Medium
7014,19021,Network Issue,2026-07-19 16:56:49,In Progress,,High
7015,42846,Data Not Working,2023-08-02 15:56:11,Resolved,10,High
7016,25220,Customer Service,2024-11-09 23:51:52,Resolved,13,Critical
7017,22376,Refund Request,2023-10-12 22:35:53,In Progress,,Critical
7018,14723,Recharge Failure,2023-10-01 10:32:36,Open,,Critical
7019,3419,Data Not Working,2025-02-09 00:23:50,In Progress,,Medium
7020,7108,Wrong Plan Charged,2025-09-18 22:50:19,Open,,Critical
7021,4448,Network Issue,2025-10-21 10:20:16,Resolved,11,Medium
7022,11982,Billing Dispute,2025-07-24 14:06:43,Open,,Low
7023,19735,Network Issue,2025-06-05 01:04:18,Open,,High
7024,46425,Slow Internet,2024-03-15 04:11:34,Escalated,,Medium
7025,9041,Call Drop,2023-03-30 18:33:29,Escalated,,High
7026,32972,Slow Internet,2023-11-12 08:25:02,In Progress,,Critical
7027,18156,Recharge Failure,2025-08-18 20:24:39,Escalated,,Medium
7028,19750,Data Not Working,2024-11-24 17:25:05,Closed,15,High
7029,45573,Billing Dispute,2026-06-29 08:43:06,Resolved,14,Critical
7030,34830,Wrong Plan Charged,2024-04-12 19:49:44,In Progress,,Low
7031,35804,Data Not Working,2023-04-19 13:16:40,Escalated,,Low
7032,39230,Billing Dispute,2026-03-18 13:46:31,In Progress,,Low
7033,36291,Signal Not Available,2025-11-11 15:45:20,Closed,13,Critical
7034,48638,Network Issue,2024-06-21 17:51:24,Escalated,,Medium
7035,45657,Recharge Failure,2023-01-24 03:21:30,Resolved,5,Medium
7036,730,Porting Issue,2023-04-14 16:46:28,Resolved,2,Low
7037,49768,Network Issue,2025-01-28 06:37:45,In Progress,,Low
7038,42536,Network Issue,2025-12-15 00:20:23,Closed,11,Medium
7039,2110,Call Drop,2025-02-19 16:31:58,Escalated,,Critical
7040,36223,Call Drop,2025-03-18 18:54:35,Resolved,0,Critical
7041,9755,SIM Activation,2024-05-21 05:47:34,Closed,0,Low
7042,16983,Network Issue,2024-06-17 04:13:37,Escalated,,High
7043,13634,Slow Internet,2023-06-22 10:01:41,Resolved,4,High
7044,46926,Signal Not Available,2023-12-05 04:46:54,Escalated,,Low
7045,12121,Billing Dispute,2023-04-25 20:01:06,Closed,8,Low
7046,47625,Recharge Failure,2023-01-12 03:41:54,Open,,Low
7047,46365,Wrong Plan Charged,2026-06-07 17:26:27,In Progress,,High
7048,421,Recharge Failure,2024-05-29 02:52:45,Resolved,15,High
7049,26102,Call Drop,2024-06-13 06:34:06,Escalated,,Medium
7050,1004,Customer Service,2026-01-16 09:54:13,Resolved,9,Medium
7051,22650,SIM Activation,2025-07-14 18:31:40,Open,,Critical
7052,38847,SIM Activation,2024-10-25 16:15:38,Escalated,,Critical
7053,22392,Billing Dispute,2025-06-11 07:44:34,Resolved,8,Critical
7054,37224,Billing Dispute,2025-05-27 12:31:52,Resolved,5,High
7055,40911,Data Not Working,2025-04-06 08:11:16,Resolved,4,High
7056,43216,Network Issue,2024-03-06 17:33:30,Open,,Low
7057,37380,Refund Request,2026-07-18 01:03:30,Escalated,,Low
7058,37204,Porting Issue,2024-12-20 23:30:55,In Progress,,High
7059,15384,SIM Activation,2023-02-05 08:32:26,In Progress,,Low
7060,23066,Recharge Failure,2025-08-02 20:44:02,Closed,12,Medium
7061,31298,SIM Activation,2024-05-20 06:18:31,In Progress,,High
7062,17109,SIM Activation,2026-06-01 11:35:01,Closed,1,Low
7063,16720,Call Drop,2025-05-08 08:29:49,In Progress,,Medium
7064,1267,Slow Internet,2024-05-16 10:40:07,Closed,0,Low
7065,42107,Refund Request,2025-10-24 02:40:58,Open,,Critical
7066,39429,Refund Request,2025-08-30 06:48:00,Escalated,,Critical
7067,29742,Call Drop,2023-12-21 23:11:52,Resolved,4,Medium
7068,7047,Signal Not Available,2024-06-08 13:22:24,Escalated,,Low
7069,30371,Refund Request,2025-08-12 18:18:14,Open,,Critical
7070,8917,Customer Service,2023-11-10 10:42:08,Open,,Medium
7071,45531,Network Issue,2024-07-12 18:39:57,Open,,Medium
7072,35180,Billing Dispute,2023-10-11 22:52:31,Escalated,,Medium
7073,7057,Billing Dispute,2024-07-04 09:30:40,Resolved,5,Critical
7074,28259,Billing Dispute,2026-02-10 00:44:51,Resolved,10,Low
7075,47962,Call Drop,2023-08-06 13:28:19,Resolved,12,Low
7076,17621,Slow Internet,2026-04-18 15:48:27,Escalated,,Medium
7077,5597,Network Issue,2024-07-23 15:13:51,Closed,4,Critical
7078,20051,Slow Internet,2024-06-06 00:22:44,Escalated,,High
7079,27422,Signal Not Available,2023-11-24 10:01:40,Open,,Critical
7080,32999,Customer Service,2023-05-15 12:48:35,Closed,6,Medium
7081,38491,Refund Request,2026-05-18 14:09:53,Escalated,,Critical
7082,11026,Slow Internet,2023-05-07 18:26:13,Escalated,,Low
7083,44402,Refund Request,2025-09-16 17:15:22,Open,,Medium
7084,5308,Signal Not Available,2025-07-17 22:05:29,In Progress,,Medium
7085,10164,Recharge Failure,2023-05-26 04:47:37,Closed,2,Critical
7086,26641,Porting Issue,2024-10-09 13:17:31,Escalated,,High
7087,31536,Customer Service,2026-05-01 10:55:35,In Progress,,High
7088,23051,Slow Internet,2023-01-16 17:15:30,Escalated,,Critical
7089,35690,Recharge Failure,2024-03-24 04:18:01,Open,,Low
7090,46367,Slow Internet,2024-02-21 19:41:31,In Progress,,Critical
7091,45750,Call Drop,2025-10-22 17:58:58,Open,,Medium
7092,40490,Call Drop,2024-01-10 00:44:58,Escalated,,Critical
7093,46882,Refund Request,2025-07-16 13:36:27,Escalated,,Low
7094,22348,Porting Issue,2025-08-29 11:30:39,Resolved,2,Medium
7095,5709,Wrong Plan Charged,2025-03-20 14:37:04,Resolved,3,Critical
7096,39883,Recharge Failure,2024-09-11 22:59:25,In Progress,,Critical
7097,48787,Signal Not Available,2025-03-31 14:55:30,Closed,15,Medium
7098,4227,Recharge Failure,2025-01-10 18:09:28,Open,,Low
7099,20989,Slow Internet,2023-12-27 20:22:32,In Progress,,Medium
7100,17217,SIM Activation,2026-06-30 10:11:00,Open,,Critical
7101,25555,Slow Internet,2025-12-17 12:53:19,Resolved,9,Critical
7102,22956,Data Not Working,2023-10-12 00:31:02,Closed,12,Low
7103,44613,SIM Activation,2026-07-27 08:56:55,Escalated,,High
7104,29350,Recharge Failure,2023-05-09 21:54:09,Open,,High
7105,13712,Recharge Failure,2024-11-10 23:16:35,Open,,Low
7106,41042,Slow Internet,2024-02-08 11:03:01,Closed,4,High
7107,40984,Signal Not Available,2025-03-22 13:32:40,Open,,Low
7108,33309,Call Drop,2025-07-17 15:18:22,Resolved,2,Medium
7109,18980,Customer Service,2023-09-04 21:20:15,Open,,Low
7110,8891,Call Drop,2025-04-23 01:09:17,Resolved,0,Critical
7111,46502,Billing Dispute,2024-10-26 21:55:25,Escalated,,Low
7112,35526,Signal Not Available,2025-06-13 14:16:52,Resolved,6,Critical
7113,21754,Recharge Failure,2026-01-22 04:36:29,Resolved,1,Critical
7114,40484,Data Not Working,2025-12-13 11:19:20,Escalated,,High
7115,17281,Customer Service,2024-06-18 11:47:33,Closed,5,Critical
7116,14556,Billing Dispute,2026-04-04 14:25:17,Closed,10,Critical
7117,16669,Call Drop,2023-06-21 13:49:00,Open,,Low
7118,38270,Recharge Failure,2023-02-16 16:09:30,Open,,Medium
7119,20022,Data Not Working,2023-07-28 08:35:54,Escalated,,High
7120,44192,Slow Internet,2025-08-22 16:23:44,Open,,Medium
7121,11165,Porting Issue,2025-03-01 08:34:43,Open,,Critical
7122,28952,Call Drop,2025-08-24 19:55:29,Open,,Low
7123,36663,Call Drop,2025-05-21 03:47:59,Open,,Critical
7124,12851,Porting Issue,2024-05-04 15:56:05,In Progress,,High
7125,11315,Refund Request,2023-08-21 18:37:14,Closed,2,Critical
7126,36845,Signal Not Available,2025-10-21 01:37:05,Escalated,,Critical
7127,14461,Billing Dispute,2024-02-28 02:42:59,Open,,Medium
7128,48063,Porting Issue,2025-12-06 14:45:39,In Progress,,Medium
7129,43503,Billing Dispute,2025-06-01 06:13:20,Open,,High
7130,2541,Signal Not Available,2024-10-27 01:06:27,Open,,Critical
7131,28064,Customer Service,2023-12-17 23:56:07,In Progress,,High
7132,41656,Signal Not Available,2025-06-30 20:59:08,In Progress,,Medium
7133,14694,Call Drop,2025-07-11 12:57:03,Open,,Medium
7134,47968,Porting Issue,2025-07-17 09:01:59,Open,,Low
7135,49330,SIM Activation,2023-04-26 19:06:07,Open,,Low
7136,4338,Recharge Failure,2026-03-20 04:59:17,In Progress,,Medium
7137,18133,Slow Internet,2025-03-17 17:23:29,Escalated,,High
7138,46753,Slow Internet,2025-10-27 17:28:09,Resolved,8,Critical
7139,28017,Recharge Failure,2026-02-06 21:33:23,Resolved,0,Medium
7140,23996,Recharge Failure,2025-11-19 08:44:09,In Progress,,Low
7141,48129,Slow Internet,2026-05-04 06:20:02,Closed,8,Low
7142,423,Call Drop,2025-11-07 15:46:54,Closed,8,Critical
7143,10891,Customer Service,2025-04-13 08:05:48,In Progress,,Medium
7144,34168,Slow Internet,2025-01-12 00:45:29,Resolved,8,High
7145,43638,Call Drop,2024-07-14 07:32:12,Escalated,,High
7146,3495,Wrong Plan Charged,2024-02-07 13:52:22,In Progress,,Low
7147,38082,Billing Dispute,2023-03-03 12:43:37,In Progress,,Low
7148,20110,Customer Service,2023-06-15 04:26:45,Open,,Low
7149,12777,Call Drop,2024-03-07 23:20:19,Closed,8,High
7150,40471,Wrong Plan Charged,2024-12-21 21:12:38,Escalated,,Low
7151,2916,Refund Request,2023-04-06 01:52:15,Closed,12,High
7152,10257,Porting Issue,2025-09-26 08:02:02,Open,,High
7153,46106,Recharge Failure,2024-12-21 19:53:23,In Progress,,Low
7154,23850,Network Issue,2023-08-14 03:02:21,Open,,Medium
7155,32714,Customer Service,2025-03-18 03:01:52,Open,,High
7156,13164,Signal Not Available,2025-11-24 04:15:50,Closed,4,Critical
7157,43283,Call Drop,2024-08-14 06:36:43,Resolved,12,Medium
7158,25521,SIM Activation,2023-09-28 09:20:59,Resolved,3,Medium
7159,36369,Call Drop,2025-01-21 00:43:43,Resolved,8,Low
7160,20758,Recharge Failure,2024-02-16 06:45:46,Open,,High
7161,11818,Recharge Failure,2023-06-28 23:40:39,Escalated,,High
7162,13092,Network Issue,2023-05-30 13:14:57,In Progress,,Low
7163,38456,Network Issue,2023-02-20 17:07:34,Resolved,10,Medium
7164,16682,Network Issue,2023-02-24 11:42:18,In Progress,,Critical
7165,29020,Billing Dispute,2023-07-25 09:14:27,Resolved,6,Critical
7166,49165,Slow Internet,2024-09-23 10:49:06,Resolved,11,Critical
7167,10895,Network Issue,2023-05-19 14:15:50,Open,,Low
7168,7284,Network Issue,2025-02-23 19:11:15,Closed,7,Low
7169,5169,Call Drop,2024-07-11 03:57:12,Open,,Critical
7170,26010,Call Drop,2025-01-26 14:51:41,In Progress,,Low
7171,14616,Recharge Failure,2023-01-07 09:24:04,In Progress,,Low
7172,19207,Customer Service,2024-09-16 12:39:51,Escalated,,Low
7173,34608,Porting Issue,2025-01-10 21:41:04,In Progress,,High
7174,7507,Porting Issue,2024-08-09 06:40:44,Escalated,,Low
7175,46078,Recharge Failure,2025-08-07 04:23:09,Open,,Medium
7176,31736,SIM Activation,2024-11-29 11:11:34,Resolved,12,High
7177,44355,Network Issue,2025-08-22 08:04:47,Closed,13,High
7178,26254,Refund Request,2026-07-27 07:57:45,Open,,High
7179,16423,Porting Issue,2026-07-15 11:00:56,Closed,2,High
7180,39900,Porting Issue,2023-05-12 17:20:32,Resolved,10,Low
7181,18423,Call Drop,2026-05-19 12:12:47,Open,,Critical
7182,30413,Recharge Failure,2023-11-01 06:35:51,Open,,High
7183,15668,Porting Issue,2024-08-08 18:57:40,Escalated,,Medium
7184,1633,Recharge Failure,2023-04-06 07:33:25,In Progress,,Low
7185,28205,Signal Not Available,2025-02-04 20:32:09,Closed,15,Critical
7186,35418,Data Not Working,2025-01-13 18:40:03,Closed,6,Critical
7187,13811,Recharge Failure,2024-04-12 04:40:57,Open,,Medium
7188,42153,SIM Activation,2024-08-18 13:17:24,Open,,Critical
7189,48549,Recharge Failure,2025-07-08 16:54:42,Closed,13,Critical
7190,44866,Data Not Working,2024-11-30 01:16:11,Escalated,,Low
7191,12870,Recharge Failure,2023-08-30 02:11:54,In Progress,,Medium
7192,4581,Slow Internet,2025-11-08 02:30:17,Escalated,,High
7193,14922,Porting Issue,2025-10-13 23:51:49,Open,,High
7194,15145,Refund Request,2023-05-25 23:40:08,Open,,Medium
7195,4872,Refund Request,2026-06-14 18:14:25,In Progress,,High
7196,40421,Data Not Working,2024-08-02 05:08:32,Closed,9,Critical
7197,11694,Billing Dispute,2024-06-02 08:55:38,In Progress,,Low
7198,13214,Signal Not Available,2024-08-05 13:26:46,In Progress,,Critical
7199,4886,Signal Not Available,2024-04-07 17:54:28,Resolved,15,Medium
7200,30457,Refund Request,2025-04-21 04:02:17,In Progress,,Medium
7201,514,Call Drop,2025-06-05 05:52:42,Open,,Medium
7202,45407,Recharge Failure,2025-04-07 16:39:42,Closed,0,Low
7203,1271,Signal Not Available,2024-02-02 18:46:41,Escalated,,Low
7204,24735,Signal Not Available,2025-05-19 09:24:09,Open,,High
7205,11819,Call Drop,2025-09-04 05:27:22,Escalated,,High
7206,47699,Data Not Working,2023-01-21 21:59:12,Open,,High
7207,23533,Call Drop,2025-03-23 11:18:30,Resolved,15,Critical
7208,23693,Slow Internet,2026-03-10 11:27:21,Escalated,,High
7209,946,Network Issue,2023-02-05 12:14:14,Escalated,,Medium
7210,20060,Customer Service,2026-06-16 17:05:43,Open,,High
7211,3663,Data Not Working,2024-08-14 16:20:32,Escalated,,Medium
7212,21799,Data Not Working,2026-04-06 17:34:17,In Progress,,High
7213,34284,Data Not Working,2025-10-03 01:04:40,Escalated,,High
7214,34177,Call Drop,2023-11-04 07:00:03,In Progress,,Critical
7215,34674,Wrong Plan Charged,2026-05-05 02:58:54,Open,,Critical
7216,8782,Call Drop,2023-05-04 13:34:48,Closed,0,Low
7217,139,SIM Activation,2023-10-30 07:46:40,Open,,Critical
7218,38613,Refund Request,2025-09-27 05:43:44,In Progress,,Critical
7219,2677,Call Drop,2023-08-06 16:06:27,In Progress,,Low
7220,10601,SIM Activation,2026-04-07 13:43:22,Escalated,,Low
7221,46318,Call Drop,2025-06-25 13:57:09,Open,,Medium
7222,15683,Data Not Working,2024-09-14 23:22:40,In Progress,,Critical
7223,517,Wrong Plan Charged,2026-07-11 20:21:09,In Progress,,Medium
7224,21253,Refund Request,2026-05-13 08:33:20,Closed,13,Critical
7225,17673,Signal Not Available,2023-03-26 04:59:20,Resolved,12,Critical
7226,15551,Network Issue,2023-07-08 00:00:17,Closed,10,Medium
7227,36532,Data Not Working,2023-08-06 05:53:03,In Progress,,Critical
7228,9870,Signal Not Available,2023-11-22 05:07:03,Open,,High
7229,17711,Customer Service,2025-11-30 08:37:54,Closed,5,Medium
7230,23406,Wrong Plan Charged,2023-01-24 02:39:18,Resolved,7,Low
7231,49038,Recharge Failure,2024-09-17 01:02:48,In Progress,,Critical
7232,30228,Slow Internet,2025-12-13 11:44:19,Resolved,9,Medium
7233,45468,Recharge Failure,2024-04-06 14:40:52,In Progress,,Low
7234,33622,Porting Issue,2025-04-02 23:07:35,Resolved,6,Critical
7235,39853,Data Not Working,2023-02-09 21:12:40,Closed,11,Low
7236,32084,Signal Not Available,2024-04-16 11:14:57,Open,,Low
7237,14660,Slow Internet,2024-11-18 22:13:28,Escalated,,Low
7238,37657,Signal Not Available,2024-01-16 08:46:31,Escalated,,High
7239,15107,Call Drop,2025-06-21 16:30:32,In Progress,,Critical
7240,29459,Call Drop,2023-08-02 03:50:10,In Progress,,Critical
7241,46905,Data Not Working,2025-01-27 21:18:40,Open,,High
7242,42008,Data Not Working,2026-05-10 11:28:25,Resolved,6,Critical
7243,46759,Wrong Plan Charged,2024-05-13 06:16:52,Open,,High
7244,24310,Recharge Failure,2025-01-07 19:12:33,Closed,12,Critical
7245,29886,Call Drop,2025-01-29 11:16:27,Closed,6,High
7246,14570,Slow Internet,2023-01-25 23:15:19,Open,,Low
7247,19853,Data Not Working,2023-09-04 21:08:21,Resolved,13,Medium
7248,10236,Wrong Plan Charged,2023-09-28 06:50:02,Open,,Critical
7249,24757,Signal Not Available,2024-08-15 05:13:02,Closed,2,Medium
7250,652,Customer Service,2026-04-03 07:56:37,Escalated,,High
7251,37767,Porting Issue,2023-09-15 22:28:22,In Progress,,Medium
7252,26249,Recharge Failure,2024-04-07 15:59:51,Escalated,,Critical
7253,9648,Network Issue,2025-11-08 08:23:37,Closed,10,Critical
7254,48380,SIM Activation,2026-05-29 22:02:25,Resolved,7,High
7255,37211,Call Drop,2023-06-15 08:02:53,Closed,1,High
7256,6810,Porting Issue,2025-04-09 14:30:25,In Progress,,Low
7257,28810,Data Not Working,2025-09-07 13:38:43,In Progress,,Low
7258,6441,SIM Activation,2023-06-26 10:41:57,In Progress,,Critical
7259,23935,Recharge Failure,2026-05-28 06:27:57,Escalated,,Critical
7260,2476,Recharge Failure,2023-02-13 18:58:03,Open,,Low
7261,12499,SIM Activation,2025-03-19 12:49:37,Escalated,,Critical
7262,3059,Data Not Working,2025-11-18 20:22:48,Closed,8,Medium
7263,3001,Billing Dispute,2023-09-26 20:42:27,Open,,Critical
7264,25902,Call Drop,2024-01-19 02:10:27,In Progress,,Medium
7265,3181,SIM Activation,2024-02-08 02:19:27,Closed,13,High
7266,23283,Network Issue,2026-05-25 01:42:30,Resolved,0,High
7267,37566,Billing Dispute,2023-09-12 06:39:51,Escalated,,Low
7268,2694,Signal Not Available,2025-06-27 16:30:39,In Progress,,Critical
7269,38505,Signal Not Available,2023-11-21 01:39:18,Resolved,5,Low
7270,37053,Signal Not Available,2025-10-02 05:50:59,Closed,3,Low
7271,47338,Customer Service,2023-01-26 07:13:28,In Progress,,Critical
7272,40615,Customer Service,2023-04-06 09:37:15,Escalated,,Medium
7273,28958,Porting Issue,2026-05-15 00:59:06,Open,,Critical
7274,44736,Recharge Failure,2023-06-05 04:41:01,Resolved,13,High
7275,48370,Network Issue,2024-12-18 06:31:17,Open,,Critical
7276,19417,Signal Not Available,2024-03-07 16:41:35,In Progress,,Critical
7277,44875,Wrong Plan Charged,2025-05-11 11:14:00,Resolved,5,Critical
7278,33986,Wrong Plan Charged,2024-01-20 21:33:05,Open,,Critical
7279,13188,Call Drop,2025-06-09 10:52:22,Open,,High
7280,40759,SIM Activation,2024-11-02 05:25:51,Resolved,0,High
7281,13209,Network Issue,2023-07-12 13:18:47,Closed,2,Low
7282,30532,Porting Issue,2026-06-26 01:06:32,Resolved,10,Medium
7283,16979,Porting Issue,2023-02-02 14:34:10,In Progress,,Low
7284,46686,Data Not Working,2023-01-16 22:30:07,Escalated,,Low
7285,14520,Customer Service,2026-04-03 06:05:43,Resolved,15,Low
7286,44562,Network Issue,2024-10-04 01:01:34,Escalated,,Medium
7287,16526,Porting Issue,2024-10-17 19:35:53,Open,,Critical
7288,34119,Porting Issue,2024-03-22 04:39:00,Resolved,4,High
7289,11677,Call Drop,2023-01-18 22:56:08,Escalated,,Low
7290,34979,Recharge Failure,2026-03-25 12:38:22,In Progress,,Critical
7291,15210,Customer Service,2024-04-30 10:33:24,Open,,Low
7292,18759,Refund Request,2026-07-20 12:57:35,Resolved,4,Medium
7293,19266,SIM Activation,2024-02-18 19:36:08,Open,,Critical
7294,46526,Wrong Plan Charged,2024-06-19 12:33:57,Closed,5,Medium
7295,19994,Customer Service,2025-10-10 00:35:52,Closed,7,High
7296,23144,Billing Dispute,2025-07-01 22:33:59,Escalated,,High
7297,41941,Network Issue,2025-08-30 08:56:58,In Progress,,High
7298,28730,Signal Not Available,2025-02-06 11:06:32,Open,,Medium
7299,20406,Porting Issue,2025-10-09 14:05:37,Resolved,0,Medium
7300,1034,Data Not Working,2023-02-14 20:45:10,Resolved,4,Low
7301,33856,SIM Activation,2025-12-28 13:25:29,Closed,6,Low
7302,40994,Network Issue,2025-04-21 09:30:34,Resolved,11,Low
7303,3631,Wrong Plan Charged,2024-06-18 21:51:09,Closed,1,Critical
7304,30360,Signal Not Available,2025-08-10 17:29:18,Escalated,,Medium
7305,9462,Wrong Plan Charged,2023-04-01 06:45:43,Resolved,6,Critical
7306,14599,Data Not Working,2024-05-14 03:02:25,Closed,9,Low
7307,21727,Recharge Failure,2026-05-10 10:03:43,In Progress,,Critical
7308,30362,Signal Not Available,2025-11-12 16:11:41,Closed,2,Medium
7309,12147,Wrong Plan Charged,2024-05-24 04:56:52,Closed,7,Critical
7310,44063,Recharge Failure,2024-04-15 23:41:15,Escalated,,Low
7311,13880,Network Issue,2023-05-15 14:02:06,In Progress,,Critical
7312,44858,Data Not Working,2025-04-04 04:14:32,In Progress,,High
7313,37553,Data Not Working,2025-06-24 22:41:10,Escalated,,Critical
7314,12838,Billing Dispute,2025-03-23 22:57:28,Resolved,10,Medium
7315,26401,Recharge Failure,2023-10-21 22:50:16,In Progress,,Low
7316,25536,Call Drop,2024-08-27 16:48:11,Resolved,9,Medium
7317,35675,Network Issue,2023-07-29 23:07:21,In Progress,,Critical
7318,18911,Porting Issue,2024-02-27 10:49:08,Resolved,8,Critical
7319,36513,Signal Not Available,2026-05-19 16:40:29,Closed,2,Medium
7320,35958,Billing Dispute,2023-11-29 21:13:44,Open,,High
7321,2374,Call Drop,2023-02-28 19:09:07,Resolved,7,High
7322,48897,Recharge Failure,2025-11-03 17:06:25,Closed,5,High
7323,14673,Slow Internet,2025-03-29 09:07:09,Resolved,8,High
7324,6034,Slow Internet,2023-02-23 09:48:12,In Progress,,Medium
7325,15475,Network Issue,2025-01-01 01:13:26,Resolved,15,Critical
7326,20979,Wrong Plan Charged,2025-05-06 18:29:20,Resolved,5,Critical
7327,47494,Porting Issue,2023-11-28 11:42:44,Resolved,14,Low
7328,20193,Refund Request,2025-11-15 14:37:05,Escalated,,Low
7329,7080,Slow Internet,2025-10-19 03:07:42,In Progress,,Medium
7330,14841,Billing Dispute,2023-07-19 08:54:18,Escalated,,Medium
7331,8627,Slow Internet,2025-09-28 06:10:30,Resolved,14,Low
7332,9181,Billing Dispute,2024-05-04 06:00:18,Open,,Critical
7333,6091,Call Drop,2026-02-01 13:10:08,In Progress,,High
7334,484,Refund Request,2024-04-07 19:23:53,In Progress,,Critical
7335,8075,Billing Dispute,2024-12-23 03:09:13,Open,,High
7336,32087,Recharge Failure,2026-02-18 05:30:29,Closed,10,Low
7337,28617,Billing Dispute,2025-04-06 09:13:53,Closed,15,Critical
7338,26847,Billing Dispute,2025-12-05 18:38:27,In Progress,,Critical
7339,22338,Signal Not Available,2026-01-26 21:46:24,Closed,9,Low
7340,45022,Customer Service,2025-04-09 22:29:01,Escalated,,High
7341,20154,Signal Not Available,2023-04-11 03:49:23,Resolved,4,Low
7342,33406,Refund Request,2026-04-14 13:41:08,Closed,10,Low
7343,38617,Wrong Plan Charged,2025-06-18 22:48:39,In Progress,,Medium
7344,38148,Slow Internet,2023-06-22 03:30:53,Escalated,,Critical
7345,17872,Porting Issue,2025-03-18 19:33:40,Open,,Low
7346,32562,Wrong Plan Charged,2023-10-01 15:17:41,Resolved,12,Critical
7347,23388,Signal Not Available,2023-10-28 12:36:32,Closed,4,Low
7348,46150,Customer Service,2025-02-24 21:06:32,Escalated,,Medium
7349,10125,Slow Internet,2025-12-22 20:25:14,In Progress,,High
7350,5318,Recharge Failure,2025-10-28 23:22:53,In Progress,,Medium
7351,17194,Data Not Working,2024-03-18 10:12:33,Closed,1,High
7352,10622,Slow Internet,2023-04-07 11:58:51,Closed,1,Critical
7353,30498,Billing Dispute,2025-12-23 16:48:37,Escalated,,Low
7354,42410,Billing Dispute,2024-06-26 21:36:17,Open,,Low
7355,40853,Call Drop,2024-01-10 13:33:27,Escalated,,High
7356,24313,Billing Dispute,2023-01-26 01:10:42,Resolved,11,Critical
7357,19198,Porting Issue,2025-03-04 14:33:44,In Progress,,High
7358,28063,Recharge Failure,2025-05-13 18:50:59,In Progress,,Medium
7359,41817,SIM Activation,2025-02-10 06:40:21,Closed,3,Critical
7360,7784,Signal Not Available,2023-12-16 08:21:33,Escalated,,Low
7361,46702,Customer Service,2025-04-22 21:17:25,Open,,High
7362,7661,Data Not Working,2024-11-14 14:57:51,Closed,6,Critical
7363,18392,Billing Dispute,2023-10-14 14:50:32,Resolved,1,High
7364,23226,Wrong Plan Charged,2025-02-24 23:10:07,In Progress,,High
7365,31087,Refund Request,2025-10-08 12:14:04,Resolved,12,Low
7366,37140,Call Drop,2025-04-20 15:35:41,In Progress,,High
7367,13270,Wrong Plan Charged,2025-09-27 03:55:38,Open,,Low
7368,47975,SIM Activation,2025-04-06 01:34:51,Closed,5,Critical
7369,28650,Refund Request,2024-01-22 23:02:28,Escalated,,Critical
7370,42342,Slow Internet,2025-01-16 11:33:33,Closed,7,Critical
7371,46119,Signal Not Available,2024-10-24 10:18:43,Open,,Critical
7372,30147,Porting Issue,2025-08-06 09:09:26,Open,,Critical
7373,47910,Recharge Failure,2026-06-25 19:21:25,Resolved,0,Low
7374,31945,SIM Activation,2025-09-04 01:45:05,Open,,Medium
7375,3469,SIM Activation,2023-06-16 03:35:32,Open,,Medium
7376,45799,Porting Issue,2026-05-22 20:26:25,In Progress,,Critical
7377,22160,Billing Dispute,2023-01-10 20:12:19,Open,,Low
7378,5011,Data Not Working,2023-06-02 11:46:51,In Progress,,High
7379,10700,Wrong Plan Charged,2023-07-05 21:52:45,Closed,5,High
7380,36998,Refund Request,2026-01-01 18:18:49,In Progress,,High
7381,4402,Network Issue,2024-01-04 13:31:56,In Progress,,High
7382,19146,Call Drop,2026-01-10 07:31:27,Resolved,3,Low
7383,16544,Data Not Working,2025-03-10 13:06:38,Closed,15,Critical
7384,19166,Call Drop,2025-08-18 16:37:18,In Progress,,Medium
7385,19623,Porting Issue,2025-10-02 19:08:17,Resolved,8,Critical
7386,17136,Customer Service,2025-05-06 19:11:35,Resolved,1,Medium
7387,12791,Wrong Plan Charged,2023-08-01 13:20:03,Open,,Medium
7388,36046,Network Issue,2026-02-16 03:12:41,Resolved,7,High
7389,35006,Refund Request,2025-01-08 21:54:27,Open,,Critical
7390,45752,Porting Issue,2024-02-07 20:47:55,Resolved,1,Medium
7391,34390,Customer Service,2023-08-13 05:06:04,Escalated,,Critical
7392,30746,Data Not Working,2023-06-16 09:13:16,Escalated,,Medium
7393,14802,Data Not Working,2024-08-22 18:46:43,Closed,6,Medium
7394,21484,Porting Issue,2026-04-04 18:54:50,In Progress,,High
7395,16739,Recharge Failure,2024-05-14 02:23:37,Escalated,,Low
7396,33364,Call Drop,2026-07-22 19:47:05,Open,,Low
7397,27546,Refund Request,2025-07-07 21:02:05,Resolved,7,High
7398,43388,Recharge Failure,2025-11-18 17:06:26,Escalated,,Low
7399,29374,Refund Request,2023-10-09 14:06:23,In Progress,,Critical
7400,49703,SIM Activation,2025-07-29 18:23:21,Closed,2,High
7401,43736,Data Not Working,2025-11-19 18:41:19,In Progress,,Low
7402,35635,Refund Request,2023-01-08 21:12:11,Escalated,,Critical
7403,38057,Signal Not Available,2023-01-25 17:56:57,Closed,7,Low
7404,4615,Data Not Working,2023-03-31 06:41:22,Escalated,,Medium
7405,24106,Wrong Plan Charged,2023-02-18 01:04:30,In Progress,,Low
7406,47017,Data Not Working,2024-03-16 16:27:06,In Progress,,Critical
7407,17752,Customer Service,2025-07-06 16:48:09,Escalated,,Critical
7408,11104,SIM Activation,2025-05-22 11:31:00,Closed,10,Low
7409,39696,Wrong Plan Charged,2023-06-06 22:46:47,Closed,4,Critical
7410,18502,Data Not Working,2025-09-21 16:09:45,Open,,Medium
7411,36043,Recharge Failure,2023-11-09 01:09:13,In Progress,,Critical
7412,45289,Data Not Working,2023-07-28 04:09:43,Resolved,3,High
7413,47973,Wrong Plan Charged,2024-10-06 12:55:38,Resolved,7,High
7414,5250,Refund Request,2026-04-19 11:18:58,Open,,Low
7415,46308,Porting Issue,2026-06-20 23:25:59,Open,,Medium
7416,9724,Refund Request,2025-06-11 21:45:01,In Progress,,Low
7417,44793,Network Issue,2025-02-05 20:04:33,Closed,8,Low
7418,3492,Refund Request,2026-02-25 15:21:08,Escalated,,Critical
7419,32610,Recharge Failure,2025-08-02 10:55:50,Closed,11,Medium
7420,49848,Porting Issue,2026-01-20 16:31:50,Resolved,5,Low
7421,13148,Billing Dispute,2023-06-24 10:50:48,In Progress,,Medium
7422,26040,Slow Internet,2025-08-28 14:49:00,Open,,Low
7423,64,Wrong Plan Charged,2023-06-27 14:53:03,In Progress,,High
7424,45059,Customer Service,2025-10-09 00:25:26,Resolved,15,High
7425,20955,SIM Activation,2024-05-08 09:00:11,Resolved,4,Low
7426,38642,Refund Request,2025-05-18 06:21:28,Escalated,,Low
7427,29357,Wrong Plan Charged,2024-04-28 10:04:58,Resolved,13,Critical
7428,12945,Billing Dispute,2024-11-16 00:35:11,Resolved,12,Critical
7429,1360,SIM Activation,2024-04-12 04:38:42,Escalated,,High
7430,43329,Data Not Working,2024-09-26 04:37:27,Closed,7,Low
7431,15312,Slow Internet,2025-07-09 02:58:03,Resolved,12,Critical
7432,45649,Recharge Failure,2026-06-01 18:58:02,In Progress,,Low
7433,31602,Porting Issue,2025-05-31 16:00:19,Open,,Medium
7434,29114,Porting Issue,2025-07-08 22:46:51,Resolved,4,High
7435,12321,Wrong Plan Charged,2024-09-06 16:31:40,Closed,2,Critical
7436,40016,Recharge Failure,2025-12-26 09:02:43,Closed,13,Low
7437,12462,SIM Activation,2024-07-20 23:34:51,Resolved,10,Medium
7438,49645,Call Drop,2025-11-06 04:12:54,Open,,Critical
7439,39361,Billing Dispute,2023-11-12 02:54:54,Resolved,15,Low
7440,26430,Billing Dispute,2023-08-26 19:54:33,In Progress,,High
7441,7357,Network Issue,2023-11-11 09:44:06,Escalated,,High
7442,48267,Signal Not Available,2024-08-21 16:37:32,Open,,Critical
7443,30570,Data Not Working,2024-04-27 22:11:03,Open,,Critical
7444,48549,Signal Not Available,2023-01-11 07:10:31,Closed,8,Critical
7445,27845,Customer Service,2023-05-19 15:14:00,In Progress,,Critical
7446,40548,Customer Service,2023-11-17 11:53:17,Resolved,8,Critical
7447,21708,Call Drop,2026-03-18 00:42:55,In Progress,,Medium
7448,9160,Porting Issue,2025-01-02 10:13:29,Open,,High
7449,30572,Billing Dispute,2023-12-11 10:24:42,Escalated,,Critical
7450,25267,Refund Request,2026-02-20 16:04:36,Closed,14,Low
7451,35517,Wrong Plan Charged,2023-01-16 16:55:35,Closed,0,Low
7452,43203,Network Issue,2023-06-10 22:22:16,Closed,12,High
7453,25928,Customer Service,2023-08-10 21:24:35,In Progress,,Critical
7454,48132,Refund Request,2025-11-22 22:00:03,Closed,3,High
7455,35898,Customer Service,2024-08-25 03:31:22,Escalated,,Critical
7456,8760,Slow Internet,2025-07-02 07:40:20,Closed,4,Critical
7457,49328,Network Issue,2024-10-13 20:28:30,Escalated,,Low
7458,40196,Data Not Working,2025-11-11 16:05:19,Closed,8,Critical
7459,38795,Call Drop,2023-12-09 19:29:38,Open,,Medium
7460,39381,SIM Activation,2023-09-19 02:47:37,Escalated,,Medium
7461,33901,Call Drop,2025-02-01 06:53:49,Resolved,9,High
7462,19327,Slow Internet,2025-12-14 17:55:13,Closed,6,Low
7463,17483,Signal Not Available,2023-10-22 21:49:37,In Progress,,Medium
7464,36390,Network Issue,2025-05-24 15:09:59,Open,,High
7465,768,Porting Issue,2024-09-07 08:10:59,Resolved,15,Medium
7466,25427,Signal Not Available,2024-08-26 03:59:22,In Progress,,High
7467,3933,Refund Request,2024-11-15 01:53:29,Closed,11,Critical
7468,42999,SIM Activation,2025-05-09 12:39:00,Resolved,12,Low
7469,41092,Recharge Failure,2024-11-26 08:55:04,Open,,High
7470,8567,Signal Not Available,2023-01-25 08:14:13,In Progress,,Critical
7471,31903,Call Drop,2023-06-24 11:53:34,Escalated,,Critical
7472,46523,SIM Activation,2026-05-24 18:17:20,Closed,9,Low
7473,19958,Call Drop,2023-04-30 06:32:18,Resolved,0,High
7474,34432,Customer Service,2023-06-26 13:02:24,Open,,Low
7475,34156,Billing Dispute,2026-07-19 01:43:28,Resolved,14,High
7476,18592,SIM Activation,2026-05-22 12:31:12,Open,,High
7477,162,Network Issue,2025-04-25 00:25:34,Closed,9,Medium
7478,12960,Data Not Working,2023-10-20 16:50:30,Resolved,15,Critical
7479,5649,Wrong Plan Charged,2024-08-06 14:44:46,Closed,15,Low
7480,15796,Wrong Plan Charged,2024-09-01 03:06:49,Resolved,2,Low
7481,35213,Recharge Failure,2026-02-20 06:10:37,Escalated,,High
7482,39481,Slow Internet,2023-03-22 14:01:11,Closed,4,Medium
7483,31684,Signal Not Available,2026-05-14 10:56:07,In Progress,,Low
7484,2809,Network Issue,2023-11-25 19:13:01,Escalated,,High
7485,16019,Billing Dispute,2025-05-20 23:26:29,Resolved,10,Low
7486,6076,Recharge Failure,2024-04-29 10:39:28,Resolved,10,Low
7487,46342,Customer Service,2025-12-13 17:05:59,Escalated,,Critical
7488,40882,Refund Request,2024-05-06 06:48:55,In Progress,,Low
7489,40470,Customer Service,2025-12-27 06:43:47,In Progress,,Critical
7490,46186,Recharge Failure,2025-10-31 07:14:43,In Progress,,Medium
7491,34072,Slow Internet,2023-12-03 23:55:35,Closed,6,Critical
7492,20473,Call Drop,2023-11-01 19:33:45,Resolved,12,Medium
7493,35849,SIM Activation,2023-01-12 20:57:57,Resolved,5,Critical
7494,23584,Network Issue,2023-07-11 07:21:47,In Progress,,Critical
7495,37753,Signal Not Available,2024-06-30 01:01:35,Resolved,7,Critical
7496,11328,Customer Service,2025-10-06 11:11:53,Resolved,3,High
7497,39431,Porting Issue,2025-05-13 03:58:30,Open,,Medium
7498,20212,Refund Request,2026-06-30 02:23:46,Resolved,10,Low
7499,46884,Data Not Working,2024-04-25 17:31:07,Closed,13,Low
7500,28364,Customer Service,2026-07-25 08:19:30,Open,,Low
7501,46306,Customer Service,2023-05-29 13:13:25,In Progress,,Critical
7502,5506,Customer Service,2023-01-20 11:42:44,Escalated,,Critical
7503,24652,Data Not Working,2024-06-15 08:29:33,Closed,1,Critical
7504,1126,Call Drop,2025-10-13 03:27:07,Resolved,7,Medium
7505,26007,Refund Request,2024-04-11 10:14:24,Closed,12,Medium
7506,24911,Refund Request,2025-05-08 20:35:27,Resolved,7,Medium
7507,3921,Recharge Failure,2024-07-14 15:57:39,Resolved,8,Low
7508,11791,Slow Internet,2025-06-17 05:48:31,Escalated,,High
7509,37289,Refund Request,2026-07-05 19:20:31,In Progress,,Medium
7510,35515,Porting Issue,2025-04-03 03:53:31,In Progress,,Low
7511,10491,Billing Dispute,2026-06-07 15:52:19,Open,,Critical
7512,25555,Refund Request,2024-10-26 04:47:02,In Progress,,Critical
7513,26541,Network Issue,2024-06-17 20:29:47,Open,,High
7514,48746,Refund Request,2026-04-22 04:51:20,Open,,Low
7515,7389,Porting Issue,2023-04-25 07:55:41,Open,,High
7516,27602,Porting Issue,2024-11-16 17:46:23,Closed,7,Critical
7517,29090,Billing Dispute,2023-04-07 08:49:46,Open,,Critical
7518,40703,Data Not Working,2025-03-21 12:33:56,Open,,Medium
7519,5651,SIM Activation,2024-01-25 19:11:04,Closed,14,Medium
7520,11006,Recharge Failure,2023-08-16 21:11:10,Escalated,,Medium
7521,15803,SIM Activation,2025-03-24 20:42:41,Resolved,8,High
7522,29474,Refund Request,2025-04-10 17:24:54,Closed,3,High
7523,9270,Network Issue,2023-04-30 20:14:35,Resolved,0,High
7524,31375,Data Not Working,2023-01-01 00:30:30,In Progress,,High
7525,23737,Wrong Plan Charged,2023-12-09 08:45:34,Resolved,3,High
7526,17115,Recharge Failure,2025-05-23 05:50:47,In Progress,,Low
7527,19878,Wrong Plan Charged,2023-06-14 15:44:55,Escalated,,Low
7528,29502,Data Not Working,2025-07-11 05:41:12,Resolved,14,Medium
7529,30832,Call Drop,2023-09-01 13:39:48,Resolved,4,Medium
7530,2418,Recharge Failure,2024-07-25 17:09:45,Escalated,,Critical
7531,48565,Call Drop,2024-02-01 20:05:58,Closed,4,Low
7532,28310,Network Issue,2026-05-07 16:24:08,Open,,High
7533,32039,Call Drop,2023-05-02 08:12:09,Resolved,6,Low
7534,37264,SIM Activation,2023-02-02 17:11:31,Escalated,,Low
7535,12251,SIM Activation,2023-10-09 07:21:06,Resolved,7,Low
7536,2863,Wrong Plan Charged,2025-11-30 20:28:03,In Progress,,Critical
7537,20560,Slow Internet,2026-06-24 20:21:06,Resolved,12,Critical
7538,22006,Signal Not Available,2024-02-25 08:39:08,Open,,High
7539,9122,Data Not Working,2025-03-10 10:14:32,Escalated,,Low
7540,34731,Signal Not Available,2024-09-20 21:29:59,Open,,Critical
7541,28780,Slow Internet,2023-11-17 11:56:01,Escalated,,Medium
7542,18319,Recharge Failure,2023-05-24 01:07:02,Open,,Medium
7543,19676,Network Issue,2024-05-11 03:31:53,Open,,Critical
7544,34244,Slow Internet,2025-06-17 00:31:37,Escalated,,Low
7545,40924,Signal Not Available,2026-06-25 22:41:24,Resolved,7,Critical
7546,30624,Refund Request,2024-03-15 08:21:17,In Progress,,Medium
7547,19588,Refund Request,2023-08-07 06:21:38,Resolved,5,Medium
7548,25659,Refund Request,2023-07-26 19:21:57,Resolved,15,Critical
7549,45592,Slow Internet,2023-06-22 21:50:17,Resolved,13,Low
7550,27424,SIM Activation,2024-05-22 13:54:16,Escalated,,Low
7551,38240,Recharge Failure,2026-05-24 14:00:07,In Progress,,High
7552,41056,Customer Service,2025-12-12 03:44:54,Open,,Low
7553,23004,Recharge Failure,2025-11-05 00:11:23,In Progress,,Low
7554,30924,Refund Request,2023-09-17 18:53:12,In Progress,,Low
7555,37101,SIM Activation,2025-08-14 18:10:32,Escalated,,Critical
7556,23436,Signal Not Available,2024-11-29 00:07:45,Open,,Medium
7557,45261,Porting Issue,2023-05-24 13:59:31,Closed,4,Critical
7558,5368,Signal Not Available,2026-02-02 09:56:26,In Progress,,Medium
7559,7956,Customer Service,2023-06-02 03:55:48,Resolved,15,Medium
7560,1094,Slow Internet,2024-09-22 09:17:26,Escalated,,Medium
7561,1360,Call Drop,2025-01-23 21:56:14,Closed,15,High
7562,49966,Slow Internet,2024-08-15 17:30:30,Resolved,8,Medium
7563,3312,Network Issue,2024-10-28 11:34:51,Open,,Critical
7564,10773,Network Issue,2025-02-16 10:02:32,Closed,4,High
7565,13203,Recharge Failure,2025-07-10 10:09:06,Resolved,7,Low
7566,5790,Billing Dispute,2025-05-02 02:07:22,Open,,Critical
7567,8231,Refund Request,2024-12-12 04:08:48,Resolved,13,High
7568,231,Network Issue,2024-07-17 22:09:02,Escalated,,Low
7569,6326,Refund Request,2025-02-12 18:08:40,Resolved,10,High
7570,42964,Network Issue,2024-12-08 16:21:30,In Progress,,Medium
7571,31838,Wrong Plan Charged,2023-05-03 18:46:26,Escalated,,Low
7572,9412,Signal Not Available,2026-02-02 22:42:53,Resolved,15,Medium
7573,43530,Wrong Plan Charged,2023-11-29 16:00:58,Closed,6,High
7574,39125,Recharge Failure,2026-03-04 18:27:50,Closed,5,Medium
7575,12394,Porting Issue,2026-01-14 08:20:19,Closed,0,Low
7576,2952,Call Drop,2024-10-03 09:50:51,In Progress,,Medium
7577,14442,Customer Service,2024-11-05 01:54:53,Resolved,11,Low
7578,22833,Porting Issue,2024-07-06 15:25:51,Closed,3,Critical
7579,39145,Customer Service,2024-07-16 21:31:55,Closed,15,Critical
7580,44777,Porting Issue,2024-08-07 19:47:40,Closed,9,Low
7581,33908,Recharge Failure,2025-04-29 15:48:43,Open,,Medium
7582,5724,Customer Service,2023-04-26 22:53:46,In Progress,,Medium
7583,33067,Network Issue,2024-06-15 20:18:40,Open,,Low
7584,40761,Call Drop,2024-01-05 19:00:31,In Progress,,High
7585,39306,Recharge Failure,2024-11-03 11:02:02,Open,,High
7586,30046,Billing Dispute,2026-01-30 14:34:20,Escalated,,Low
7587,18032,Refund Request,2023-08-02 10:30:15,Escalated,,Medium
7588,35067,Wrong Plan Charged,2024-12-25 06:42:59,In Progress,,Medium
7589,699,Wrong Plan Charged,2024-10-26 00:25:24,In Progress,,Low
7590,20690,Wrong Plan Charged,2023-03-26 18:38:19,Resolved,14,Low
7591,36876,Billing Dispute,2023-12-20 17:59:56,Open,,Low
7592,34275,Customer Service,2026-07-17 14:12:31,Open,,Critical
7593,21443,Porting Issue,2024-06-14 22:24:16,Escalated,,Low
7594,33483,Refund Request,2023-06-15 02:37:27,Closed,15,High
7595,48619,Recharge Failure,2026-04-17 03:03:47,Escalated,,Medium
7596,9101,Recharge Failure,2026-05-13 07:10:09,Resolved,3,Medium
7597,30326,Recharge Failure,2023-02-28 08:27:47,Escalated,,Low
7598,31102,Wrong Plan Charged,2025-01-17 08:28:10,Closed,6,Medium
7599,23896,Billing Dispute,2025-08-26 12:39:34,Closed,11,High
7600,36955,Porting Issue,2025-01-27 10:02:36,Closed,14,Low
7601,9941,Wrong Plan Charged,2024-04-17 17:57:59,In Progress,,High
7602,42455,Billing Dispute,2023-05-07 20:42:06,In Progress,,Medium
7603,25868,Wrong Plan Charged,2023-06-03 16:31:20,Escalated,,Medium
7604,16707,Wrong Plan Charged,2024-09-10 05:34:14,Escalated,,Critical
7605,17145,Porting Issue,2026-06-07 16:26:51,Escalated,,Medium
7606,47778,Recharge Failure,2026-07-12 14:16:21,Resolved,15,High
7607,15961,Wrong Plan Charged,2023-10-08 06:05:44,Escalated,,High
7608,2463,Slow Internet,2024-12-01 22:20:47,Resolved,0,High
7609,4491,Porting Issue,2026-05-12 13:04:05,Resolved,7,High
7610,28687,Data Not Working,2024-03-11 11:59:16,In Progress,,Critical
7611,25518,Data Not Working,2024-12-01 04:04:36,Escalated,,Medium
7612,3987,SIM Activation,2024-05-27 10:12:30,Escalated,,Low
7613,21294,Customer Service,2023-05-16 17:48:01,In Progress,,Low
7614,39972,Recharge Failure,2025-11-01 11:25:13,Escalated,,Critical
7615,42993,Call Drop,2024-12-03 12:43:05,Open,,Critical
7616,8948,Wrong Plan Charged,2023-09-06 01:07:22,Resolved,13,Low
7617,42739,Signal Not Available,2024-11-18 03:20:12,In Progress,,Low
7618,21634,Recharge Failure,2025-01-16 01:01:29,In Progress,,Medium
7619,14756,Customer Service,2023-01-18 22:14:31,Open,,Medium
7620,13547,Network Issue,2024-08-02 01:10:41,Closed,6,High
7621,27455,Billing Dispute,2023-04-19 10:34:18,Closed,3,Medium
7622,24167,Call Drop,2025-01-24 03:04:10,Open,,Low
7623,34190,Data Not Working,2025-05-13 17:33:38,In Progress,,Medium
7624,26192,Recharge Failure,2025-05-25 10:02:07,Resolved,4,Low
7625,4790,Wrong Plan Charged,2023-12-07 04:06:16,Resolved,7,Critical
7626,36333,Refund Request,2024-04-11 07:03:16,Escalated,,Low
7627,49232,SIM Activation,2023-02-13 19:40:22,Resolved,10,Critical
7628,46101,Network Issue,2023-08-27 06:34:04,Escalated,,Critical
7629,46738,Slow Internet,2025-12-09 02:16:29,Resolved,15,High
7630,468,Billing Dispute,2025-11-08 10:11:20,Resolved,2,High
7631,5635,Signal Not Available,2025-12-28 05:29:00,Resolved,10,Critical
7632,15029,Slow Internet,2025-07-01 16:09:51,In Progress,,Medium
7633,19769,Slow Internet,2024-04-30 20:12:30,Closed,10,Low
7634,35238,Billing Dispute,2024-04-30 06:33:11,Escalated,,Critical
7635,36155,Wrong Plan Charged,2023-06-26 05:17:21,In Progress,,Low
7636,6525,Wrong Plan Charged,2024-05-26 08:31:39,Escalated,,Low
7637,46688,Signal Not Available,2023-03-08 15:02:41,Open,,Low
7638,9809,Customer Service,2023-10-13 08:16:09,Closed,3,Medium
7639,47761,Data Not Working,2024-08-16 12:01:13,Closed,11,High
7640,14503,Signal Not Available,2026-06-03 17:18:03,Open,,Medium
7641,41305,Wrong Plan Charged,2026-06-21 13:25:26,Escalated,,Critical
7642,20671,Porting Issue,2023-08-17 04:13:46,In Progress,,High
7643,19137,Refund Request,2023-02-05 10:32:54,Closed,6,Critical
7644,21518,Porting Issue,2025-04-11 08:49:11,Resolved,15,Low
7645,38399,Billing Dispute,2025-12-31 11:48:32,Closed,0,Low
7646,43609,SIM Activation,2025-07-08 01:40:07,In Progress,,High
7647,10901,Data Not Working,2023-01-18 07:49:18,Open,,High
7648,32087,Wrong Plan Charged,2023-08-27 16:41:00,Escalated,,High
7649,19746,Network Issue,2026-06-20 15:24:25,Escalated,,Medium
7650,212,SIM Activation,2025-10-05 13:14:55,Closed,15,High
7651,40126,Data Not Working,2023-09-18 07:32:15,Closed,13,Low
7652,32344,Porting Issue,2023-10-22 02:14:46,In Progress,,Critical
7653,24289,Wrong Plan Charged,2023-12-29 12:58:19,In Progress,,Critical
7654,26413,Signal Not Available,2026-01-11 05:54:14,In Progress,,Medium
7655,9083,Refund Request,2023-03-27 20:05:38,Resolved,3,Critical
7656,16382,Customer Service,2023-08-03 12:36:59,In Progress,,Medium
7657,47789,Refund Request,2025-12-09 18:46:55,In Progress,,Low
7658,21370,Wrong Plan Charged,2026-07-16 23:53:41,Resolved,6,Critical
7659,10430,Call Drop,2024-02-17 05:46:56,Closed,7,Critical
7660,15017,SIM Activation,2026-03-29 08:30:15,In Progress,,Medium
7661,37043,Wrong Plan Charged,2023-12-17 01:18:40,Escalated,,High
7662,41601,Porting Issue,2026-07-19 19:32:17,Escalated,,Medium
7663,12279,Data Not Working,2024-07-11 21:13:59,Resolved,12,Critical
7664,9900,Refund Request,2023-03-17 07:45:59,In Progress,,Critical
7665,2620,Call Drop,2024-12-06 01:45:02,Escalated,,Medium
7666,42238,Billing Dispute,2023-02-28 00:12:27,Open,,Low
7667,7507,SIM Activation,2026-07-17 23:27:20,Escalated,,Medium
7668,44035,Signal Not Available,2025-05-31 12:34:56,Closed,10,Critical
7669,579,Refund Request,2023-07-02 08:09:34,In Progress,,High
7670,45699,Refund Request,2025-09-09 21:33:55,Open,,Medium
7671,5709,Call Drop,2023-06-08 08:39:01,Open,,High
7672,25755,Porting Issue,2024-07-20 02:37:14,Resolved,13,High
7673,34111,Wrong Plan Charged,2024-10-27 18:08:30,Escalated,,Critical
7674,31637,SIM Activation,2023-12-22 13:05:54,Closed,14,Low
7675,37090,Recharge Failure,2025-07-03 11:22:29,In Progress,,Medium
7676,25445,SIM Activation,2024-11-24 18:55:08,Escalated,,Medium
7677,20839,Porting Issue,2025-02-11 12:51:10,Closed,8,High
7678,30680,Call Drop,2024-05-23 01:56:28,Closed,8,Critical
7679,31845,SIM Activation,2023-11-02 03:42:48,Resolved,2,Medium
7680,9640,Call Drop,2026-05-14 06:25:14,Closed,12,Critical
7681,2170,Slow Internet,2023-06-27 10:03:43,In Progress,,Critical
7682,2211,Signal Not Available,2024-11-06 16:32:25,Open,,Critical
7683,37911,Customer Service,2023-12-31 19:53:13,Escalated,,Medium
7684,26862,Call Drop,2023-09-09 19:50:31,Open,,Medium
7685,36065,Network Issue,2024-01-23 03:12:50,Closed,10,Critical
7686,15780,Porting Issue,2025-10-04 00:44:44,Open,,Medium
7687,19040,Data Not Working,2023-08-22 09:24:15,Escalated,,Low
7688,16713,SIM Activation,2025-11-04 09:01:26,Closed,13,Critical
7689,30703,Slow Internet,2024-06-13 06:32:45,Open,,Critical
7690,36093,Recharge Failure,2025-12-08 19:10:01,Open,,High
7691,20758,Customer Service,2023-09-01 18:31:47,Open,,Low
7692,29222,Recharge Failure,2024-11-24 16:32:38,Open,,High
7693,35657,Refund Request,2023-01-13 13:49:27,Closed,10,High
7694,36351,Customer Service,2025-05-29 16:38:05,Resolved,7,High
7695,11756,Slow Internet,2025-09-29 03:43:25,Resolved,1,Low
7696,35089,Signal Not Available,2025-07-15 12:05:08,Escalated,,Low
7697,44010,Data Not Working,2023-02-18 15:40:05,Closed,4,Critical
7698,28458,Data Not Working,2024-02-11 03:10:46,Resolved,3,Medium
7699,44482,Customer Service,2024-03-06 14:12:16,Resolved,13,Critical
7700,9996,Signal Not Available,2023-05-05 08:23:57,In Progress,,Medium
7701,32262,Wrong Plan Charged,2023-12-13 14:00:02,Open,,Low
7702,656,Recharge Failure,2026-01-21 10:10:51,Closed,5,Medium
7703,42600,Porting Issue,2024-04-29 11:57:21,Closed,15,Medium
7704,7519,Slow Internet,2023-07-23 19:09:06,In Progress,,Low
7705,4920,Recharge Failure,2024-05-17 14:52:17,Closed,9,Medium
7706,48895,Signal Not Available,2023-09-11 08:44:56,Resolved,15,High
7707,47601,Refund Request,2024-01-03 20:57:53,Open,,Critical
7708,1947,Wrong Plan Charged,2023-04-19 20:10:25,Open,,Critical
7709,3398,Porting Issue,2026-05-07 01:13:22,Resolved,2,Medium
7710,38276,Network Issue,2025-01-19 23:18:04,Escalated,,Critical
7711,30615,Refund Request,2024-01-13 22:15:30,Closed,6,Medium
7712,31755,SIM Activation,2024-01-02 12:02:42,Resolved,13,Medium
7713,45336,Slow Internet,2024-11-30 22:01:47,Escalated,,High
7714,34122,Porting Issue,2023-07-15 14:30:32,Resolved,11,Critical
7715,10633,Slow Internet,2023-11-21 15:26:31,Open,,Low
7716,46819,Recharge Failure,2024-09-28 06:50:50,Escalated,,Critical
7717,1328,Signal Not Available,2026-05-16 02:42:25,In Progress,,High
7718,15899,Data Not Working,2026-06-09 13:23:10,Open,,Low
7719,47689,Refund Request,2023-10-29 17:14:15,Closed,6,Low
7720,4714,Refund Request,2025-03-15 15:50:14,Escalated,,Medium
7721,16880,Slow Internet,2023-06-03 19:22:15,Open,,Medium
7722,16152,Customer Service,2025-09-05 00:13:18,Closed,7,Low
7723,46390,Customer Service,2025-01-22 13:33:32,Escalated,,High
7724,8351,Network Issue,2024-05-21 14:37:10,In Progress,,Critical
7725,17543,Slow Internet,2024-11-08 11:25:46,Open,,Critical
7726,2188,Network Issue,2026-06-06 09:17:04,Resolved,13,Medium
7727,34595,Call Drop,2023-01-25 06:46:28,Escalated,,High
7728,39238,Recharge Failure,2025-06-04 02:21:14,Open,,High
7729,25508,Signal Not Available,2025-01-10 21:53:24,In Progress,,Critical
7730,42412,Billing Dispute,2026-05-01 08:43:04,Closed,14,High
7731,35263,SIM Activation,2025-02-19 05:42:43,Escalated,,Low
7732,20917,Porting Issue,2024-11-12 14:20:07,Closed,7,High
7733,47346,Porting Issue,2025-01-05 03:29:06,Closed,11,High
7734,42875,Slow Internet,2025-10-18 20:08:24,Closed,13,Critical
7735,2892,Wrong Plan Charged,2025-10-22 06:59:53,Open,,High
7736,33510,SIM Activation,2024-11-22 18:20:20,Escalated,,High
7737,10137,SIM Activation,2023-02-28 15:19:54,Resolved,4,Medium
7738,29174,Porting Issue,2025-10-12 21:07:12,Closed,4,Critical
7739,5143,Network Issue,2024-06-10 02:00:48,In Progress,,Critical
7740,25320,SIM Activation,2023-02-25 17:31:01,In Progress,,Medium
7741,16853,Billing Dispute,2024-08-15 18:10:17,Escalated,,High
7742,22257,Wrong Plan Charged,2025-07-29 00:10:04,Resolved,7,Low
7743,35982,Refund Request,2024-02-14 15:29:19,In Progress,,Low
7744,39386,Refund Request,2023-05-09 06:50:35,Resolved,10,Medium
7745,25800,Signal Not Available,2025-12-20 20:19:06,Open,,Low
7746,5518,Customer Service,2025-03-31 03:13:18,Open,,Low
7747,40216,Porting Issue,2024-10-23 02:37:19,Closed,9,High
7748,11618,Recharge Failure,2023-12-14 12:26:23,Open,,High
7749,32462,Customer Service,2026-07-07 11:02:55,Closed,10,High
7750,38046,Customer Service,2024-09-28 20:52:08,In Progress,,Low
7751,11893,Customer Service,2024-12-17 19:13:28,Open,,Low
7752,44096,Porting Issue,2023-05-10 18:25:51,Open,,Low
7753,32067,Call Drop,2025-11-20 21:49:21,Closed,7,High
7754,46769,Call Drop,2023-08-03 17:30:50,Escalated,,Low
7755,30413,Customer Service,2026-06-09 03:28:06,Resolved,13,High
7756,29051,Billing Dispute,2025-04-08 11:24:18,In Progress,,Critical
7757,48904,SIM Activation,2024-06-06 23:26:53,In Progress,,Low
7758,37584,Signal Not Available,2024-07-13 18:43:42,Open,,Medium
7759,7600,Customer Service,2023-12-25 00:59:10,Open,,Critical
7760,44335,Billing Dispute,2024-05-22 01:29:34,Resolved,8,High
7761,30295,Slow Internet,2025-02-19 17:28:57,In Progress,,Medium
7762,43166,Billing Dispute,2025-10-04 11:14:21,In Progress,,Medium
7763,27206,Slow Internet,2025-05-30 20:09:17,Open,,Low
7764,14600,Call Drop,2023-12-27 15:37:08,In Progress,,High
7765,7427,Signal Not Available,2026-06-15 02:43:17,Closed,4,Medium
7766,37106,Network Issue,2026-04-09 08:50:46,Resolved,6,Critical
7767,36445,Porting Issue,2025-01-27 10:45:06,Escalated,,High
7768,28005,Signal Not Available,2024-09-22 14:29:00,Closed,6,Low
7769,22207,Call Drop,2025-11-24 17:58:23,Escalated,,High
7770,26842,Customer Service,2023-10-07 08:26:09,Resolved,10,Critical
7771,40679,Customer Service,2023-12-26 08:32:02,Resolved,7,Low
7772,37088,Network Issue,2025-07-16 04:12:14,Open,,Medium
7773,27979,Customer Service,2026-05-05 07:41:47,Resolved,7,Medium
7774,4264,SIM Activation,2023-12-17 04:23:13,Resolved,12,Medium
7775,29348,Customer Service,2023-12-29 15:33:29,Open,,Critical
7776,49913,Billing Dispute,2024-12-12 17:50:35,Closed,12,Low
7777,28058,Slow Internet,2023-03-08 01:00:33,Resolved,12,High
7778,19102,Billing Dispute,2024-06-29 19:11:35,Closed,13,High
7779,30345,Customer Service,2023-09-28 21:57:48,Resolved,12,High
7780,37819,Slow Internet,2025-09-16 16:31:00,Closed,10,Critical
7781,21510,Refund Request,2024-10-15 07:44:31,Resolved,11,Medium
7782,42374,Recharge Failure,2025-08-19 14:35:57,Escalated,,Low
7783,27629,Call Drop,2025-01-10 10:13:34,Closed,15,Critical
7784,16854,Data Not Working,2025-05-18 00:06:44,Resolved,13,High
7785,49896,Porting Issue,2023-05-29 03:34:22,In Progress,,High
7786,25708,Slow Internet,2025-12-11 18:11:25,In Progress,,Low
7787,12732,Signal Not Available,2026-05-07 11:06:01,Escalated,,Critical
7788,1817,Customer Service,2024-05-22 15:06:48,Closed,14,Medium
7789,30745,Customer Service,2023-03-03 17:00:22,Closed,6,High
7790,44822,Porting Issue,2024-12-08 19:43:05,In Progress,,Medium
7791,21885,SIM Activation,2025-01-08 19:16:56,Escalated,,High
7792,15358,Billing Dispute,2024-08-03 19:10:49,Resolved,9,Low
7793,1061,Porting Issue,2024-11-21 21:59:08,In Progress,,High
7794,4701,Call Drop,2024-09-06 11:43:10,Open,,Medium
7795,11989,Porting Issue,2025-12-24 23:59:47,Closed,11,Medium
7796,25365,Porting Issue,2025-01-12 15:54:40,Closed,8,Low
7797,31101,Call Drop,2024-01-13 06:25:50,Open,,High
7798,37434,Call Drop,2024-04-21 21:47:41,Resolved,8,High
7799,11673,SIM Activation,2023-03-26 03:30:14,Escalated,,Medium
7800,3332,Customer Service,2025-06-14 06:06:26,In Progress,,Low
7801,31617,Wrong Plan Charged,2024-09-07 11:31:21,In Progress,,Critical
7802,8409,Porting Issue,2024-05-04 12:54:27,Resolved,4,Medium
7803,758,Slow Internet,2023-02-23 19:09:49,Open,,High
7804,46341,Network Issue,2023-01-09 22:10:41,In Progress,,High
7805,44033,Porting Issue,2023-06-20 10:31:34,Resolved,4,High
7806,17341,Signal Not Available,2025-01-17 09:16:27,Escalated,,Low
7807,34778,Signal Not Available,2025-02-02 01:54:13,Escalated,,Critical
7808,44131,Slow Internet,2024-05-25 16:32:23,Open,,Medium
7809,17151,Billing Dispute,2025-11-21 21:20:42,Open,,Critical
7810,12362,Network Issue,2024-09-06 05:08:37,Resolved,3,High
7811,5287,Customer Service,2024-06-04 08:41:36,Closed,13,Low
7812,33981,Refund Request,2023-05-29 14:36:02,Escalated,,Critical
7813,9072,Porting Issue,2023-11-09 23:35:33,Open,,High
7814,592,Customer Service,2023-10-23 23:12:54,In Progress,,Low
7815,49979,Wrong Plan Charged,2025-04-29 01:26:43,Resolved,1,Low
7816,1562,Porting Issue,2025-12-10 14:20:43,Resolved,3,Low
7817,5959,SIM Activation,2026-07-19 23:20:28,Escalated,,Critical
7818,8654,Network Issue,2025-07-31 23:32:53,Escalated,,Critical
7819,4878,SIM Activation,2026-06-06 13:20:46,Resolved,5,High
7820,40111,Billing Dispute,2025-01-19 17:19:16,Resolved,4,Medium
7821,18189,Billing Dispute,2024-03-23 21:31:24,Closed,7,Medium
7822,20612,Data Not Working,2025-04-03 06:35:54,Resolved,7,Critical
7823,35467,Signal Not Available,2025-05-16 20:20:07,Closed,0,Critical
7824,4572,Porting Issue,2024-12-31 15:47:46,Escalated,,High
7825,19243,Call Drop,2023-12-23 13:31:06,Closed,5,Medium
7826,16479,Billing Dispute,2024-05-01 21:50:43,Resolved,10,Medium
7827,37461,SIM Activation,2024-10-25 13:46:55,Open,,High
7828,23808,Wrong Plan Charged,2023-07-09 15:45:16,Escalated,,Medium
7829,17912,SIM Activation,2025-11-03 22:12:37,Open,,Critical
7830,31454,Porting Issue,2024-09-20 13:39:25,Open,,Critical
7831,3624,Slow Internet,2025-08-19 08:55:57,Resolved,14,Low
7832,10767,Slow Internet,2024-04-23 19:58:36,Escalated,,Critical
7833,6435,SIM Activation,2024-12-20 12:48:28,Open,,Critical
7834,20036,Network Issue,2025-04-09 11:58:37,In Progress,,Low
7835,39438,Network Issue,2024-06-30 01:37:26,Resolved,9,Low
7836,19642,Wrong Plan Charged,2025-03-09 19:52:11,In Progress,,Critical
7837,49972,Network Issue,2023-05-29 04:42:35,Open,,Critical
7838,2416,Wrong Plan Charged,2023-11-18 19:40:54,Escalated,,Medium
7839,3401,Signal Not Available,2024-09-04 02:05:54,Escalated,,Low
7840,11099,SIM Activation,2026-07-09 15:48:42,Resolved,0,Medium
7841,18891,Billing Dispute,2025-07-17 02:45:44,Open,,High
7842,31550,Porting Issue,2023-08-26 16:06:48,Closed,3,Medium
7843,35060,Data Not Working,2024-12-25 11:19:52,In Progress,,High
7844,49467,Porting Issue,2025-04-26 08:49:08,Escalated,,Low
7845,39915,Network Issue,2023-02-08 17:55:16,Resolved,15,High
7846,25608,Billing Dispute,2025-03-02 11:10:32,Closed,15,Critical
7847,26189,Customer Service,2023-12-27 14:11:10,Open,,Medium
7848,18874,Wrong Plan Charged,2024-10-23 00:17:18,In Progress,,High
7849,44002,SIM Activation,2025-08-08 01:28:26,In Progress,,Critical
7850,20786,Porting Issue,2024-08-25 22:24:16,Escalated,,Critical
7851,20165,Network Issue,2026-07-25 23:58:52,In Progress,,Critical
7852,44322,Wrong Plan Charged,2025-08-31 09:24:18,Resolved,15,Low
7853,34473,Data Not Working,2024-01-24 01:23:20,Resolved,7,Critical
7854,29556,Refund Request,2024-06-23 07:33:48,Open,,Medium
7855,4646,Refund Request,2025-11-21 07:04:04,Escalated,,High
7856,32414,Slow Internet,2025-06-01 01:49:29,Closed,8,High
7857,17624,Recharge Failure,2025-10-16 19:52:02,Resolved,7,Critical
7858,7215,Refund Request,2025-01-29 19:38:14,Resolved,9,Medium
7859,29954,Refund Request,2026-05-20 00:49:41,Escalated,,Critical
7860,25153,Network Issue,2026-07-27 00:38:35,Escalated,,Medium
7861,20573,Wrong Plan Charged,2024-03-30 13:40:22,Open,,High
7862,40566,Refund Request,2023-08-21 03:26:30,In Progress,,Critical
7863,37418,Data Not Working,2025-01-24 12:43:38,In Progress,,Low
7864,33804,Network Issue,2025-08-30 23:25:29,Open,,Low
7865,3930,Data Not Working,2023-05-08 18:14:02,Closed,6,High
7866,5580,Call Drop,2025-08-27 01:05:01,Resolved,14,High
7867,34263,SIM Activation,2023-01-13 23:29:05,Resolved,15,Low
7868,33358,Call Drop,2023-10-12 12:53:41,Escalated,,Low
7869,33082,Wrong Plan Charged,2023-07-04 14:43:53,Escalated,,Low
7870,23888,Recharge Failure,2025-09-18 05:44:46,Escalated,,Critical
7871,29369,Wrong Plan Charged,2024-04-22 01:13:35,In Progress,,Low
7872,27710,Recharge Failure,2026-04-24 23:35:52,Escalated,,Critical
7873,19703,Call Drop,2026-03-18 05:42:49,Resolved,10,Critical
7874,17616,Billing Dispute,2023-06-03 18:04:53,Closed,3,Medium
7875,19939,Refund Request,2025-09-18 03:51:12,Resolved,13,Medium
7876,25749,Refund Request,2025-05-11 17:17:47,In Progress,,High
7877,1286,Data Not Working,2025-05-29 13:09:50,Open,,High
7878,7730,Recharge Failure,2023-02-05 14:14:43,Escalated,,Medium
7879,25495,Customer Service,2023-12-12 19:37:12,Closed,9,Critical
7880,39209,Porting Issue,2024-08-13 10:56:00,In Progress,,Low
7881,23002,Billing Dispute,2023-09-11 03:19:13,Open,,High
7882,42239,Signal Not Available,2023-02-16 13:25:05,Closed,12,Critical
7883,46615,Network Issue,2023-01-18 22:11:35,Escalated,,Medium
7884,2391,Customer Service,2024-01-03 14:24:23,Resolved,11,Medium
7885,13905,Slow Internet,2025-01-15 14:13:48,Resolved,11,High
7886,14889,Refund Request,2025-08-24 08:04:00,Open,,High
7887,38260,Recharge Failure,2023-04-14 19:00:14,Open,,Critical
7888,36600,Network Issue,2023-06-07 12:53:40,Resolved,6,Medium
7889,36847,Porting Issue,2024-11-24 06:04:19,In Progress,,Critical
7890,11190,Billing Dispute,2024-09-30 23:12:13,In Progress,,Low
7891,18421,Porting Issue,2024-09-05 08:33:37,Open,,Critical
7892,47881,Recharge Failure,2025-02-26 17:07:09,In Progress,,Medium
7893,34116,Customer Service,2023-09-20 10:52:48,In Progress,,Low
7894,7964,Signal Not Available,2024-02-21 15:43:52,Resolved,10,High
7895,16359,Slow Internet,2023-06-23 00:11:04,Escalated,,Medium
7896,20750,Network Issue,2023-03-18 17:19:36,In Progress,,Critical
7897,20394,Signal Not Available,2023-07-19 23:49:43,Closed,3,Medium
7898,8184,Wrong Plan Charged,2025-12-24 06:25:57,Escalated,,Medium
7899,45809,Customer Service,2026-06-15 12:31:31,Closed,4,High
7900,44114,Slow Internet,2024-07-13 22:11:46,Open,,Medium
7901,41751,Recharge Failure,2023-03-09 23:27:10,Closed,8,Low
7902,23743,Slow Internet,2024-06-16 17:05:04,Resolved,6,High
7903,2431,Network Issue,2025-10-05 14:05:25,Resolved,11,Critical
7904,16170,Signal Not Available,2024-10-20 15:39:03,Closed,14,Low
7905,34015,Network Issue,2023-11-19 01:45:44,In Progress,,High
7906,30156,Slow Internet,2023-08-10 17:24:16,Resolved,12,Medium
7907,9946,Billing Dispute,2025-10-13 01:21:59,Resolved,7,Medium
7908,6316,Slow Internet,2023-02-08 10:22:14,Escalated,,High
7909,37107,Recharge Failure,2025-02-04 23:42:25,In Progress,,Critical
7910,33576,Recharge Failure,2024-05-19 15:37:12,In Progress,,Critical
7911,28944,Signal Not Available,2025-02-21 21:24:35,Open,,High
7912,34921,Recharge Failure,2026-01-28 23:16:11,Escalated,,Low
7913,14967,Customer Service,2024-09-24 19:15:53,In Progress,,Low
7914,405,Billing Dispute,2025-05-21 04:08:08,Open,,Critical
7915,28640,Customer Service,2024-11-23 06:39:02,Escalated,,Critical
7916,24741,Data Not Working,2026-05-03 05:52:44,Resolved,6,Low
7917,43495,Slow Internet,2026-05-15 11:16:58,In Progress,,Medium
7918,36754,Slow Internet,2026-04-18 21:04:11,In Progress,,High
7919,13934,Porting Issue,2025-12-22 10:41:59,Resolved,5,Low
7920,3726,Network Issue,2024-02-27 05:29:08,Escalated,,Critical
7921,43458,Recharge Failure,2026-01-12 01:46:43,Closed,11,Medium
7922,19235,Call Drop,2024-08-17 09:33:50,Resolved,6,Critical
7923,34424,Data Not Working,2023-04-12 14:38:25,Escalated,,Low
7924,5864,Network Issue,2025-01-22 20:42:30,In Progress,,Low
7925,17249,SIM Activation,2026-03-31 16:02:28,Resolved,15,Medium
7926,2134,Call Drop,2026-05-04 07:08:07,In Progress,,High
7927,41571,Slow Internet,2024-09-21 15:11:01,Resolved,13,Medium
7928,1342,Refund Request,2024-04-05 16:55:02,Escalated,,Critical
7929,19714,Call Drop,2026-04-29 01:10:24,In Progress,,Low
7930,639,Network Issue,2025-01-21 07:00:35,Resolved,6,High
7931,23667,Wrong Plan Charged,2026-01-27 08:28:35,In Progress,,High
7932,35845,Network Issue,2023-11-11 02:27:53,Open,,Critical
7933,27871,Wrong Plan Charged,2023-08-06 12:28:51,Resolved,9,Low
7934,17487,Porting Issue,2025-10-20 01:09:12,Escalated,,Critical
7935,42980,Refund Request,2023-10-20 21:28:49,Closed,15,Critical
7936,36941,Network Issue,2024-12-26 22:26:53,Escalated,,Medium
7937,23686,Call Drop,2024-05-13 17:07:58,In Progress,,Critical
7938,49719,Refund Request,2025-02-05 06:46:47,In Progress,,Critical
7939,11769,Refund Request,2024-02-21 19:54:44,Resolved,2,Critical
7940,23500,Wrong Plan Charged,2023-12-24 12:16:26,Escalated,,High
7941,29596,Network Issue,2026-04-22 17:07:56,In Progress,,High
7942,31555,Billing Dispute,2026-06-18 12:07:10,Resolved,13,Low
7943,40041,Network Issue,2023-07-02 03:42:02,Escalated,,High
7944,30581,Network Issue,2023-08-24 10:25:24,Resolved,4,Medium
7945,16913,Slow Internet,2023-03-18 12:41:49,Escalated,,Medium
7946,43575,Signal Not Available,2023-04-22 13:01:47,Escalated,,Critical
7947,47643,Customer Service,2024-03-15 11:39:34,Open,,Medium
7948,23258,Signal Not Available,2024-11-02 07:57:50,Escalated,,Medium
7949,6585,Refund Request,2024-08-17 03:23:47,In Progress,,Critical
7950,32724,Customer Service,2026-01-30 16:29:02,Escalated,,Medium
7951,48402,Recharge Failure,2023-10-17 03:49:10,Resolved,0,Critical
7952,48224,Porting Issue,2026-05-15 12:46:48,Resolved,3,Medium
7953,29319,Data Not Working,2024-05-16 18:28:55,Escalated,,Critical
7954,22806,Data Not Working,2025-05-30 01:42:15,Closed,9,Medium
7955,21242,SIM Activation,2023-03-19 14:27:34,Open,,Low
7956,44257,Porting Issue,2023-12-02 18:26:26,Open,,Medium
7957,1954,Network Issue,2025-07-22 07:49:55,Escalated,,High
7958,49712,Refund Request,2024-02-17 13:07:03,Closed,13,Low
7959,21105,Refund Request,2024-07-08 14:30:38,Resolved,8,Medium
7960,14466,Data Not Working,2024-08-28 18:05:28,Open,,Low
7961,4908,Data Not Working,2024-05-28 17:55:40,Resolved,13,Medium
7962,15843,Recharge Failure,2026-03-25 06:26:21,Escalated,,Critical
7963,33425,Call Drop,2024-07-16 15:35:07,Open,,Medium
7964,20572,Wrong Plan Charged,2025-09-08 10:57:58,In Progress,,Medium
7965,25037,Customer Service,2024-06-03 11:01:42,In Progress,,Low
7966,12290,Billing Dispute,2024-09-07 13:24:43,Closed,7,Low
7967,21836,Network Issue,2025-08-12 21:17:27,Open,,Low
7968,35915,Recharge Failure,2025-10-09 12:01:26,Closed,2,Low
7969,39018,Porting Issue,2025-09-15 02:16:53,Closed,10,Medium
7970,4864,Call Drop,2024-11-03 00:06:38,In Progress,,Medium
7971,22859,Recharge Failure,2023-04-30 21:48:50,Closed,2,Low
7972,754,Data Not Working,2024-11-23 14:27:58,Open,,High
7973,9938,Porting Issue,2023-09-25 05:10:53,Escalated,,High
7974,47967,Signal Not Available,2026-06-07 08:25:32,Escalated,,Medium
7975,49644,Recharge Failure,2026-07-23 06:39:22,In Progress,,Medium
7976,44432,Refund Request,2024-07-07 00:19:50,Resolved,12,Medium
7977,17447,Network Issue,2025-06-19 01:54:47,Resolved,10,Low
7978,48999,Recharge Failure,2023-10-29 02:54:40,In Progress,,High
7979,23425,Porting Issue,2024-01-08 01:04:38,In Progress,,Low
7980,35883,Network Issue,2025-02-09 06:28:19,Open,,High
7981,38003,Porting Issue,2024-09-28 13:10:00,Closed,11,Low
7982,37915,Data Not Working,2023-12-02 08:49:17,In Progress,,High
7983,49830,Signal Not Available,2023-08-11 22:38:47,Resolved,12,Critical
7984,43755,Billing Dispute,2024-06-27 11:36:37,Closed,5,Critical
7985,6508,Billing Dispute,2024-12-13 08:12:26,In Progress,,Critical
7986,39410,Porting Issue,2023-06-21 11:43:21,Open,,High
7987,23454,Signal Not Available,2026-01-15 22:09:22,Escalated,,Critical
7988,37542,Call Drop,2024-05-25 11:59:21,Closed,9,High
7989,14975,Slow Internet,2025-01-05 02:37:19,Open,,High
7990,23226,SIM Activation,2024-11-12 13:00:15,Resolved,13,Medium
7991,36237,Billing Dispute,2024-05-21 23:23:55,Open,,Medium
7992,47945,SIM Activation,2025-02-03 09:17:23,In Progress,,Critical
7993,30781,Customer Service,2024-04-19 13:54:03,Resolved,15,Medium
7994,2728,Refund Request,2026-01-31 09:11:21,Resolved,12,Low
7995,7141,Slow Internet,2023-03-19 11:58:45,Open,,Low
7996,46018,Wrong Plan Charged,2026-03-04 20:17:50,Open,,Critical
7997,13571,Refund Request,2025-02-20 03:24:24,Closed,9,Critical
7998,9832,Customer Service,2023-05-15 19:22:44,Resolved,7,Low
7999,38081,Call Drop,2026-06-10 17:32:48,Closed,13,Low
8000,41826,Refund Request,2024-01-03 23:17:07,Open,,Low
8001,12053,Recharge Failure,2025-02-07 23:55:11,Closed,11,Critical
8002,49043,Data Not Working,2023-05-02 10:15:20,Closed,14,High
8003,28365,Slow Internet,2025-03-02 05:47:58,Resolved,14,High
8004,35170,Porting Issue,2025-12-08 01:43:45,Resolved,8,Medium
8005,41290,SIM Activation,2026-06-02 00:35:00,Resolved,14,Low
8006,38000,Refund Request,2024-07-10 17:32:30,Open,,Critical
8007,4344,Porting Issue,2025-07-06 09:42:47,Resolved,1,Medium
8008,28065,Signal Not Available,2025-04-04 07:12:12,In Progress,,High
8009,5660,Customer Service,2023-11-03 04:09:21,Open,,High
8010,29397,Slow Internet,2026-02-27 21:32:49,Open,,Critical
8011,3864,Billing Dispute,2026-01-23 08:17:17,In Progress,,Medium
8012,19811,Porting Issue,2025-10-31 07:35:39,Resolved,9,High
8013,27089,Network Issue,2026-01-18 12:16:50,Open,,High
8014,43657,Billing Dispute,2024-12-03 07:53:03,In Progress,,Medium
8015,29269,Signal Not Available,2025-02-28 05:38:08,Closed,0,High
8016,10325,Refund Request,2024-04-13 21:05:21,In Progress,,High
8017,29292,Slow Internet,2025-11-19 03:09:37,Escalated,,Medium
8018,41382,Signal Not Available,2025-10-12 18:30:13,Closed,8,High
8019,10867,Network Issue,2025-04-26 15:38:16,Open,,Critical
8020,35424,SIM Activation,2025-12-15 05:06:40,Closed,7,Medium
8021,38527,Recharge Failure,2024-09-08 01:03:00,Closed,2,Medium
8022,16214,Porting Issue,2025-03-25 22:10:57,Escalated,,Critical
8023,16873,Wrong Plan Charged,2025-09-03 16:59:05,Closed,15,Medium
8024,35324,Call Drop,2023-04-23 14:10:11,In Progress,,Low
8025,13958,Porting Issue,2024-05-19 01:46:04,In Progress,,High
8026,46566,Slow Internet,2025-12-02 05:22:01,Closed,13,Low
8027,42268,Wrong Plan Charged,2024-08-23 12:45:17,Escalated,,Medium
8028,34372,Refund Request,2023-09-20 16:43:48,Open,,Medium
8029,45163,Wrong Plan Charged,2026-02-09 15:37:28,Closed,4,Critical
8030,45910,Data Not Working,2023-04-07 17:33:30,Closed,7,Medium
8031,48510,Billing Dispute,2025-02-20 17:49:56,Open,,Low
8032,10393,Slow Internet,2024-11-13 12:05:47,Open,,Low
8033,11767,Slow Internet,2025-11-23 10:01:30,Closed,6,Medium
8034,9953,Recharge Failure,2023-04-25 11:12:09,Closed,10,High
8035,26931,Network Issue,2026-03-09 22:26:47,Open,,Critical
8036,19381,Billing Dispute,2023-04-13 22:28:10,Open,,Low
8037,40553,Wrong Plan Charged,2026-04-03 23:18:21,Closed,5,Medium
8038,48039,Signal Not Available,2023-01-18 23:58:02,Closed,2,Critical
8039,19487,Wrong Plan Charged,2025-02-20 13:49:13,Escalated,,Critical
8040,44476,Customer Service,2023-06-05 05:24:34,Resolved,0,High
8041,43354,SIM Activation,2026-05-12 19:32:31,In Progress,,High
8042,35249,Customer Service,2024-01-13 05:28:57,Open,,Medium
8043,29869,Porting Issue,2025-09-21 09:09:00,Escalated,,Low
8044,362,Porting Issue,2024-03-23 10:15:13,Closed,9,Critical
8045,23597,Billing Dispute,2026-06-04 03:38:07,Open,,Medium
8046,17026,Data Not Working,2024-05-19 18:31:09,In Progress,,High
8047,13797,Porting Issue,2025-12-20 15:42:51,Escalated,,Medium
8048,37558,Slow Internet,2023-04-06 06:18:13,Escalated,,Low
8049,47477,Refund Request,2024-08-07 04:36:25,In Progress,,Low
8050,27660,Porting Issue,2023-08-04 17:45:26,Open,,Low
8051,35279,Wrong Plan Charged,2025-03-09 07:49:50,Open,,Critical
8052,35302,Porting Issue,2024-05-15 15:48:17,Resolved,13,Critical
8053,27523,Wrong Plan Charged,2024-09-23 12:51:04,Escalated,,High
8054,23658,SIM Activation,2024-04-14 20:03:49,Open,,Critical
8055,48234,Data Not Working,2024-02-28 05:06:09,Escalated,,Critical
8056,34101,Refund Request,2025-08-26 01:18:46,In Progress,,Low
8057,3631,Wrong Plan Charged,2024-03-24 05:27:54,Open,,Critical
8058,8035,SIM Activation,2025-11-13 15:40:31,Escalated,,Critical
8059,36575,Call Drop,2024-01-16 00:34:00,In Progress,,Critical
8060,10734,Network Issue,2024-06-04 19:38:34,Resolved,5,Critical
8061,7064,Signal Not Available,2023-12-30 16:42:45,Open,,High
8062,24615,Billing Dispute,2025-09-03 19:33:03,Closed,9,Critical
8063,18969,Porting Issue,2023-02-24 20:22:35,In Progress,,High
8064,7129,SIM Activation,2024-10-22 13:13:15,Closed,8,Medium
8065,2376,Wrong Plan Charged,2026-04-13 08:48:04,Closed,11,High
8066,21622,Refund Request,2024-11-09 20:43:53,Resolved,11,Low
8067,38578,Refund Request,2024-06-12 12:48:35,Open,,Critical
8068,22045,Call Drop,2025-11-04 10:38:38,Resolved,8,High
8069,49754,Porting Issue,2026-02-19 14:29:20,Open,,Medium
8070,49822,Porting Issue,2023-12-13 09:24:13,Open,,High
8071,29938,Signal Not Available,2024-10-17 06:05:38,Closed,0,Low
8072,37731,Slow Internet,2025-03-20 11:16:24,In Progress,,Critical
8073,2781,Wrong Plan Charged,2025-03-07 07:15:40,Escalated,,Low
8074,19340,Slow Internet,2023-07-01 01:07:50,Escalated,,High
8075,3258,Data Not Working,2026-06-19 11:23:23,Resolved,11,Critical
8076,28411,Wrong Plan Charged,2026-06-04 19:46:07,Escalated,,High
8077,46177,Data Not Working,2024-08-31 12:58:28,Resolved,10,High
8078,12903,Network Issue,2025-07-19 09:29:14,Closed,1,Medium
8079,49992,Slow Internet,2025-01-21 00:33:30,Escalated,,Medium
8080,5363,Refund Request,2025-02-02 19:36:54,Open,,Medium
8081,8704,Porting Issue,2024-12-10 17:33:27,Open,,High
8082,21708,Refund Request,2026-02-06 17:32:00,Resolved,9,High
8083,25197,Call Drop,2026-06-30 23:18:05,In Progress,,Medium
8084,33479,Porting Issue,2023-05-09 12:59:22,In Progress,,Medium
8085,13596,Signal Not Available,2026-04-25 00:18:40,Closed,2,Medium
8086,20050,Refund Request,2025-02-08 21:34:28,Escalated,,Low
8087,1030,Customer Service,2024-05-04 00:30:57,In Progress,,Low
8088,291,Porting Issue,2024-09-17 11:34:09,Escalated,,Medium
8089,34483,SIM Activation,2024-01-02 08:11:50,Closed,1,Medium
8090,41097,Wrong Plan Charged,2025-12-23 10:05:11,Resolved,10,Medium
8091,18574,Porting Issue,2025-12-28 11:25:09,In Progress,,High
8092,29232,Signal Not Available,2025-09-26 10:27:54,Open,,Medium
8093,18497,Slow Internet,2024-10-11 19:47:47,Open,,High
8094,17684,Signal Not Available,2023-10-23 09:00:38,Escalated,,Medium
8095,40218,Wrong Plan Charged,2024-11-30 19:03:55,Escalated,,Medium
8096,42352,Recharge Failure,2024-03-22 22:05:29,Closed,2,Medium
8097,25830,Billing Dispute,2026-04-16 01:21:47,Closed,10,Critical
8098,35025,Billing Dispute,2025-12-08 13:40:19,Resolved,12,Low
8099,7023,SIM Activation,2024-09-01 23:54:02,Escalated,,Low
8100,22709,Signal Not Available,2025-09-30 15:57:04,In Progress,,Medium
8101,29010,Refund Request,2024-10-26 02:15:07,Open,,Low
8102,35757,SIM Activation,2026-02-02 05:02:53,Resolved,13,Low
8103,27990,Billing Dispute,2023-12-28 00:45:47,Open,,Low
8104,48657,Refund Request,2025-04-26 04:20:55,Open,,Low
8105,34999,Porting Issue,2023-07-30 14:21:12,Closed,15,Critical
8106,40381,Recharge Failure,2024-03-04 00:35:16,Escalated,,Critical
8107,24843,Network Issue,2025-05-11 08:59:16,Open,,Critical
8108,9065,Slow Internet,2025-01-05 20:18:10,In Progress,,Low
8109,29257,Refund Request,2024-10-02 11:27:49,Resolved,10,Medium
8110,8291,Customer Service,2024-05-29 16:18:45,In Progress,,High
8111,10217,Refund Request,2024-08-08 00:19:56,Closed,9,Medium
8112,30437,Billing Dispute,2025-09-18 00:08:30,Closed,8,Critical
8113,9718,Wrong Plan Charged,2024-12-06 01:36:06,In Progress,,Critical
8114,13336,Customer Service,2025-02-25 11:12:15,Escalated,,Low
8115,32442,Porting Issue,2025-10-16 20:21:47,Escalated,,Medium
8116,12631,Network Issue,2025-11-08 00:49:42,Open,,Low
8117,49775,SIM Activation,2024-09-08 06:44:30,Closed,6,Medium
8118,44051,Refund Request,2024-09-30 11:06:43,Escalated,,Medium
8119,11035,Data Not Working,2023-09-16 04:03:39,In Progress,,Critical
8120,49982,Porting Issue,2025-10-25 19:09:10,In Progress,,High
8121,29241,Signal Not Available,2025-10-03 04:38:32,In Progress,,Critical
8122,36661,Porting Issue,2024-03-30 18:00:18,Resolved,2,High
8123,39639,Refund Request,2023-03-05 00:34:39,Closed,2,Critical
8124,22972,Network Issue,2025-12-30 11:30:11,Closed,1,High
8125,19301,Slow Internet,2023-04-23 01:51:05,In Progress,,Medium
8126,19904,SIM Activation,2026-03-26 08:07:33,In Progress,,Low
8127,9386,Signal Not Available,2023-02-19 03:05:54,Resolved,10,High
8128,33863,Porting Issue,2026-04-25 13:05:54,Escalated,,Low
8129,18455,Billing Dispute,2026-07-15 13:31:04,In Progress,,Low
8130,12311,Wrong Plan Charged,2025-08-08 03:52:32,Resolved,1,Medium
8131,20518,Porting Issue,2023-07-06 16:16:49,In Progress,,Medium
8132,14457,SIM Activation,2025-10-28 03:53:59,Open,,Medium
8133,6390,Signal Not Available,2023-09-01 11:41:24,In Progress,,Medium
8134,47440,Slow Internet,2025-11-06 17:41:05,In Progress,,Medium
8135,17733,Wrong Plan Charged,2024-04-18 09:37:43,Resolved,1,High
8136,3555,Data Not Working,2025-02-01 04:25:13,Open,,Low
8137,9987,Wrong Plan Charged,2023-09-10 04:13:28,Open,,Critical
8138,13220,Wrong Plan Charged,2023-02-19 21:13:57,Open,,Critical
8139,8363,Slow Internet,2025-02-20 19:29:14,Resolved,13,High
8140,21680,SIM Activation,2024-03-19 04:00:21,Closed,7,Medium
8141,48479,Porting Issue,2025-06-18 00:37:27,Closed,7,Critical
8142,49770,Recharge Failure,2026-03-11 05:30:46,Escalated,,Low
8143,46459,Network Issue,2023-06-06 08:26:01,Open,,Low
8144,27081,Signal Not Available,2025-09-26 18:19:41,Open,,Low
8145,36928,Call Drop,2025-06-15 09:33:43,Open,,Medium
8146,893,Wrong Plan Charged,2023-02-09 06:03:01,Open,,Critical
8147,41122,Customer Service,2025-12-01 14:11:36,Resolved,11,High
8148,45507,Wrong Plan Charged,2024-05-22 10:35:05,Resolved,3,Critical
8149,9374,Data Not Working,2024-03-26 05:35:02,Escalated,,High
8150,21634,SIM Activation,2023-05-14 10:46:51,Escalated,,Medium
8151,48312,Slow Internet,2023-09-05 05:23:23,Closed,5,Critical
8152,41374,Network Issue,2026-05-24 13:12:10,In Progress,,Critical
8153,20032,Recharge Failure,2025-05-07 23:43:27,Open,,Critical
8154,34210,Call Drop,2024-03-18 03:10:38,Escalated,,High
8155,443,Refund Request,2025-09-16 05:40:43,Open,,Critical
8156,39792,Signal Not Available,2026-07-05 14:55:05,Escalated,,Low
8157,16373,Porting Issue,2026-05-29 14:55:52,Open,,Medium
8158,41716,Network Issue,2025-07-31 06:24:54,Escalated,,Low
8159,8555,Signal Not Available,2024-02-06 17:14:23,Resolved,5,High
8160,37817,Recharge Failure,2024-12-23 00:49:29,Escalated,,Medium
8161,42665,Network Issue,2023-04-04 14:16:00,In Progress,,High
8162,49875,Billing Dispute,2024-02-11 14:18:44,Closed,1,Low
8163,37279,Signal Not Available,2025-05-28 07:15:48,Escalated,,High
8164,30147,Customer Service,2025-09-01 18:19:09,Open,,Critical
8165,42097,Wrong Plan Charged,2024-07-01 06:32:41,Open,,High
8166,4494,Call Drop,2024-10-20 13:41:36,Resolved,5,High
8167,30863,Slow Internet,2026-03-18 14:14:36,Escalated,,Low
8168,46182,Customer Service,2025-09-05 14:52:33,Escalated,,Medium
8169,14872,Porting Issue,2024-11-22 22:13:26,In Progress,,Medium
8170,20064,Call Drop,2024-06-07 08:38:47,Closed,15,High
8171,2223,Signal Not Available,2024-10-01 13:51:20,Open,,Medium
8172,42515,Wrong Plan Charged,2023-10-22 10:32:58,Resolved,10,Low
8173,7837,SIM Activation,2023-09-18 08:30:16,Open,,High
8174,23384,Wrong Plan Charged,2026-01-20 16:54:35,In Progress,,Critical
8175,28326,Refund Request,2025-10-27 09:47:35,Closed,14,Critical
8176,47803,Refund Request,2024-05-09 06:37:33,Closed,8,High
8177,5594,Slow Internet,2024-01-01 22:32:15,Resolved,13,Medium
8178,24259,Wrong Plan Charged,2023-07-14 18:50:11,Resolved,7,High
8179,15854,Refund Request,2023-04-08 18:31:18,Open,,Critical
8180,14311,Refund Request,2024-06-08 21:05:32,Resolved,6,Medium
8181,33541,Refund Request,2025-04-23 23:24:25,Escalated,,Low
8182,4561,Slow Internet,2024-05-17 12:08:23,Closed,5,Low
8183,2596,Signal Not Available,2023-11-06 07:22:34,Escalated,,Low
8184,17977,Recharge Failure,2023-05-01 13:28:57,Escalated,,Critical
8185,47360,Network Issue,2024-01-17 04:45:05,Escalated,,Medium
8186,38135,Wrong Plan Charged,2026-03-25 20:42:01,Open,,High
8187,47609,Porting Issue,2023-09-26 08:07:30,Resolved,15,High
8188,13904,Signal Not Available,2026-02-23 12:11:47,Closed,5,High
8189,33119,Slow Internet,2024-03-09 17:26:03,Open,,Low
8190,19299,Network Issue,2023-07-25 06:44:21,In Progress,,Critical
8191,13950,Call Drop,2025-02-05 19:21:49,Open,,Critical
8192,20633,Customer Service,2025-04-16 06:36:53,Open,,Medium
8193,15715,Call Drop,2025-08-29 15:50:11,In Progress,,High
8194,2713,SIM Activation,2024-02-01 09:09:32,Escalated,,High
8195,21110,Customer Service,2023-01-22 09:41:55,Resolved,15,Low
8196,9891,Signal Not Available,2024-01-31 12:34:47,Open,,High
8197,17772,Porting Issue,2023-02-18 23:01:44,Escalated,,Critical
8198,11734,Porting Issue,2023-01-30 17:39:17,Open,,High
8199,35068,Wrong Plan Charged,2023-01-15 07:04:23,Resolved,4,Medium
8200,47460,Refund Request,2023-11-13 10:14:51,Closed,14,High
8201,45722,Porting Issue,2024-01-30 10:10:43,In Progress,,Medium
8202,15819,Porting Issue,2023-09-30 16:19:29,In Progress,,High
8203,9094,Customer Service,2024-03-13 14:19:28,Open,,High
8204,33574,Wrong Plan Charged,2026-04-19 00:22:23,Escalated,,High
8205,19731,Refund Request,2025-06-29 21:20:24,Closed,11,Critical
8206,18470,Signal Not Available,2024-08-31 10:58:36,Closed,3,Low
8207,14272,Slow Internet,2025-09-10 12:11:04,Escalated,,Low
8208,25920,Signal Not Available,2024-02-16 06:07:03,Escalated,,Medium
8209,11527,Refund Request,2023-02-02 11:55:52,Open,,Low
8210,25199,Wrong Plan Charged,2023-09-03 20:19:35,Open,,Low
8211,20153,Network Issue,2024-01-02 17:27:14,Resolved,7,Low
8212,903,Customer Service,2026-06-22 22:30:07,Escalated,,Critical
8213,13734,Wrong Plan Charged,2024-07-13 09:21:59,In Progress,,High
8214,25347,Signal Not Available,2024-05-07 20:18:02,In Progress,,Critical
8215,31705,Porting Issue,2024-08-31 09:43:10,Closed,4,Low
8216,15540,Signal Not Available,2023-04-07 15:54:43,Resolved,13,Critical
8217,48387,Refund Request,2024-01-15 08:54:55,Closed,2,Low
8218,25176,Refund Request,2026-02-12 05:46:52,Open,,Critical
8219,25381,Refund Request,2025-02-06 23:52:38,Open,,Low
8220,45639,Call Drop,2024-09-27 02:07:53,Escalated,,Critical
8221,4746,Refund Request,2024-12-23 02:50:48,Escalated,,Critical
8222,46020,Wrong Plan Charged,2026-05-16 01:14:52,Resolved,0,High
8223,48628,Data Not Working,2024-10-03 00:27:45,Open,,Low
8224,34812,Recharge Failure,2024-06-21 10:02:57,Resolved,4,Low
8225,24049,Slow Internet,2023-04-07 20:56:25,Escalated,,Low
8226,32612,Refund Request,2023-03-12 23:00:35,Closed,9,High
8227,40369,Data Not Working,2026-04-28 07:18:13,Escalated,,High
8228,705,SIM Activation,2025-01-01 12:43:12,Open,,High
8229,40970,Slow Internet,2024-12-14 17:11:33,In Progress,,Critical
8230,45734,Signal Not Available,2025-08-01 23:57:50,Resolved,0,Low
8231,8833,Call Drop,2026-01-08 00:48:23,In Progress,,Critical
8232,28130,Wrong Plan Charged,2024-01-04 04:29:01,Open,,Low
8233,47159,Signal Not Available,2026-01-07 20:07:26,Open,,High
8234,33971,Wrong Plan Charged,2024-12-18 17:00:35,In Progress,,Low
8235,46441,Billing Dispute,2025-07-01 23:47:46,Open,,Low
8236,16798,Wrong Plan Charged,2024-08-17 23:50:00,Closed,3,High
8237,40361,Data Not Working,2026-07-06 17:32:43,In Progress,,High
8238,6138,Billing Dispute,2024-08-11 08:21:44,Closed,13,Low
8239,23467,Signal Not Available,2026-06-16 21:47:22,In Progress,,Critical
8240,46870,Customer Service,2025-08-22 16:47:33,Escalated,,Low
8241,518,Network Issue,2024-10-18 16:52:58,Closed,1,Low
8242,26208,Billing Dispute,2026-01-15 15:54:06,Closed,7,High
8243,45329,Recharge Failure,2025-09-05 13:39:23,Closed,5,Critical
8244,26793,SIM Activation,2024-07-27 00:32:25,Escalated,,Low
8245,3393,Recharge Failure,2025-12-22 18:02:54,Resolved,14,Medium
8246,39243,Wrong Plan Charged,2023-12-20 22:24:04,In Progress,,Critical
8247,19779,Wrong Plan Charged,2026-05-11 22:38:49,Resolved,3,High
8248,1417,Call Drop,2024-05-29 14:31:49,Closed,10,High
8249,22231,Signal Not Available,2026-03-29 02:36:36,Open,,High
8250,27653,Billing Dispute,2025-01-10 00:28:26,Resolved,5,High
8251,35371,Signal Not Available,2023-07-04 08:56:33,Closed,4,Critical
8252,16937,Data Not Working,2025-07-04 00:46:09,In Progress,,Low
8253,34840,Data Not Working,2023-04-02 01:13:09,Resolved,9,Critical
8254,48491,Billing Dispute,2024-04-21 10:05:13,Escalated,,High
8255,48709,Data Not Working,2025-04-22 06:36:28,Open,,Medium
8256,16531,Porting Issue,2023-03-20 22:47:18,Escalated,,Low
8257,2887,Recharge Failure,2023-08-04 06:15:10,Resolved,13,High
8258,45265,Signal Not Available,2025-01-06 02:37:51,Escalated,,Low
8259,548,Data Not Working,2026-01-24 08:06:30,Open,,High
8260,17837,Customer Service,2024-07-13 22:13:48,Closed,1,Medium
8261,47525,Slow Internet,2023-03-27 16:13:18,Open,,High
8262,28100,Data Not Working,2026-02-18 16:44:17,Closed,13,Medium
8263,48522,Data Not Working,2023-08-04 07:01:30,Resolved,11,Low
8264,714,Refund Request,2023-11-22 23:45:50,Resolved,4,Medium
8265,36151,Billing Dispute,2023-12-02 07:58:19,Escalated,,Low
8266,2255,Porting Issue,2026-02-16 05:04:28,Escalated,,Low
8267,25495,Wrong Plan Charged,2025-01-24 07:34:45,Open,,Critical
8268,18173,Refund Request,2024-04-25 12:43:31,Escalated,,Low
8269,20749,Refund Request,2023-11-13 01:25:53,Resolved,5,Medium
8270,16318,Wrong Plan Charged,2024-06-30 14:19:13,Escalated,,Low
8271,48326,Network Issue,2024-12-17 08:30:03,Closed,11,Low
8272,48351,Network Issue,2024-03-07 20:29:47,In Progress,,Low
8273,43867,Signal Not Available,2023-09-25 20:36:37,In Progress,,Low
8274,15345,Recharge Failure,2025-07-31 17:11:50,In Progress,,Medium
8275,640,Billing Dispute,2025-08-18 07:52:37,Escalated,,Low
8276,45438,Wrong Plan Charged,2024-04-08 14:34:30,Escalated,,Low
8277,1891,Data Not Working,2024-11-08 09:52:06,Closed,8,High
8278,24732,Porting Issue,2023-01-09 05:35:56,Open,,Critical
8279,41029,Customer Service,2025-10-07 22:34:09,Escalated,,Critical
8280,33732,Recharge Failure,2023-11-26 00:57:21,In Progress,,Critical
8281,22105,Slow Internet,2026-05-21 14:23:35,Resolved,9,High
8282,8381,Customer Service,2023-05-05 07:04:50,Open,,Critical
8283,6566,Porting Issue,2023-10-26 10:37:38,Escalated,,High
8284,32932,Billing Dispute,2023-04-17 13:19:33,Open,,Critical
8285,8742,Signal Not Available,2024-07-24 14:57:54,In Progress,,Low
8286,4192,Data Not Working,2023-12-09 09:44:56,In Progress,,Critical
8287,37399,Data Not Working,2023-04-25 18:14:28,Resolved,11,Medium
8288,20781,Data Not Working,2026-05-01 02:17:13,Resolved,3,High
8289,117,Call Drop,2023-04-04 17:46:19,Closed,13,High
8290,13498,Billing Dispute,2023-01-31 11:58:52,In Progress,,High
8291,19442,Recharge Failure,2025-02-18 12:09:29,Escalated,,High
8292,25803,Data Not Working,2023-04-29 14:38:43,Escalated,,Medium
8293,19261,Customer Service,2026-07-02 02:31:47,Open,,High
8294,20522,Network Issue,2024-04-05 00:42:25,In Progress,,Medium
8295,24454,Signal Not Available,2024-05-02 10:56:24,Closed,11,Medium
8296,41408,Data Not Working,2023-11-23 01:52:14,Resolved,11,Medium
8297,27319,Slow Internet,2025-04-27 04:28:17,Open,,Critical
8298,17231,Wrong Plan Charged,2023-09-27 21:31:01,Open,,Medium
8299,39743,Call Drop,2024-07-28 03:12:20,In Progress,,Low
8300,8314,SIM Activation,2023-02-17 19:43:34,Open,,High
8301,39308,Wrong Plan Charged,2023-03-04 09:17:32,Resolved,12,High
8302,2885,Data Not Working,2024-12-24 01:32:34,Closed,7,Low
8303,28362,Customer Service,2025-09-27 02:59:16,Resolved,11,High
8304,32597,Network Issue,2023-01-02 15:28:21,Open,,Medium
8305,28131,Porting Issue,2025-05-10 07:54:47,In Progress,,Medium
8306,37335,Call Drop,2024-10-16 19:23:33,Resolved,6,Low
8307,26620,SIM Activation,2025-07-12 04:21:57,Open,,Low
8308,10183,Call Drop,2026-04-04 21:53:44,Escalated,,Low
8309,49154,Signal Not Available,2024-09-10 17:40:21,Resolved,12,Low
8310,26659,Wrong Plan Charged,2024-04-07 08:51:03,Resolved,10,Low
8311,20280,Billing Dispute,2023-02-14 18:35:31,In Progress,,Low
8312,15533,Porting Issue,2023-11-25 09:08:20,In Progress,,High
8313,16606,Wrong Plan Charged,2025-08-04 01:19:03,Escalated,,Low
8314,8944,Call Drop,2024-02-04 23:02:38,Open,,High
8315,16782,SIM Activation,2023-07-01 18:50:50,Closed,0,Medium
8316,33901,Porting Issue,2025-09-15 05:18:28,Resolved,3,Critical
8317,12845,Call Drop,2023-12-07 07:35:49,Escalated,,Critical
8318,46535,Data Not Working,2025-01-20 09:45:41,Open,,Medium
8319,11282,Call Drop,2024-07-15 18:09:02,Resolved,0,Low
8320,31663,Call Drop,2025-08-23 01:18:46,Closed,6,Low
8321,48248,Customer Service,2026-05-09 16:43:18,Resolved,4,Critical
8322,17658,Recharge Failure,2023-10-24 17:08:17,Closed,4,Critical
8323,26034,Call Drop,2024-09-29 14:32:14,Escalated,,Low
8324,8585,Signal Not Available,2024-02-22 23:29:19,Escalated,,Low
8325,29346,Signal Not Available,2025-03-31 00:21:22,Resolved,15,Medium
8326,37569,Recharge Failure,2023-10-27 11:23:20,Open,,High
8327,38837,Slow Internet,2025-06-27 15:29:21,Closed,11,Critical
8328,33634,Data Not Working,2026-03-09 22:27:13,In Progress,,High
8329,44706,Wrong Plan Charged,2025-11-03 04:02:23,In Progress,,Medium
8330,9714,Recharge Failure,2024-12-23 22:30:51,Escalated,,High
8331,5919,Wrong Plan Charged,2023-07-29 14:16:09,Escalated,,Medium
8332,27049,Porting Issue,2025-09-05 07:41:56,Escalated,,Critical
8333,19072,Call Drop,2025-08-24 09:27:39,Escalated,,Low
8334,1386,Slow Internet,2026-04-26 03:35:03,In Progress,,Critical
8335,10946,Data Not Working,2024-04-13 19:15:51,Closed,3,Low
8336,20700,Data Not Working,2023-01-23 12:09:17,Escalated,,Medium
8337,38993,Customer Service,2025-12-29 14:37:50,Escalated,,High
8338,23189,Signal Not Available,2024-03-29 18:22:29,In Progress,,High
8339,6626,Refund Request,2026-02-13 19:42:04,Resolved,4,Medium
8340,18207,Signal Not Available,2023-05-24 03:51:51,Escalated,,High
8341,22772,SIM Activation,2024-06-12 23:45:14,Open,,High
8342,33745,Network Issue,2023-06-11 16:57:13,In Progress,,High
8343,35433,Recharge Failure,2024-04-20 17:48:33,Escalated,,Low
8344,41514,Slow Internet,2025-02-09 06:26:58,Escalated,,High
8345,34209,Signal Not Available,2024-01-20 21:57:03,In Progress,,Medium
8346,28433,Data Not Working,2025-11-09 23:11:32,Escalated,,Critical
8347,18442,Call Drop,2025-12-04 23:26:26,Resolved,15,Medium
8348,16940,Network Issue,2023-03-11 00:05:31,In Progress,,High
8349,26919,Billing Dispute,2026-01-05 13:20:13,Resolved,5,High
8350,26649,Call Drop,2023-01-12 05:03:26,In Progress,,Medium
8351,3475,Data Not Working,2025-11-11 06:54:44,Escalated,,Critical
8352,16056,Wrong Plan Charged,2024-10-22 22:38:50,In Progress,,Critical
8353,46219,Call Drop,2026-07-11 20:36:58,Resolved,1,Low
8354,7464,SIM Activation,2024-03-07 22:43:07,Escalated,,Low
8355,40718,Signal Not Available,2024-10-18 10:56:18,In Progress,,Low
8356,14809,Billing Dispute,2023-06-20 15:30:01,Resolved,10,Low
8357,28237,Refund Request,2025-12-29 12:12:24,Closed,7,Critical
8358,5204,Recharge Failure,2025-07-09 08:05:56,Open,,Medium
8359,46777,Wrong Plan Charged,2024-12-06 11:38:40,In Progress,,Critical
8360,7095,Signal Not Available,2025-05-03 15:52:43,Resolved,6,Low
8361,41201,Network Issue,2023-11-25 21:05:40,Resolved,1,Critical
8362,7865,Customer Service,2025-06-03 01:59:10,Closed,6,Medium
8363,48017,Slow Internet,2024-11-08 18:18:49,Open,,High
8364,17705,Network Issue,2023-12-05 13:29:58,Closed,7,Critical
8365,43989,Refund Request,2024-05-12 16:14:13,In Progress,,Medium
8366,5313,Porting Issue,2024-04-09 14:46:29,Open,,High
8367,5053,Network Issue,2024-10-12 15:41:34,Closed,7,High
8368,42759,Customer Service,2024-10-22 10:23:27,Closed,4,Low
8369,37307,Wrong Plan Charged,2026-06-01 08:39:54,Resolved,12,Medium
8370,47847,Call Drop,2025-02-22 10:56:49,Escalated,,Critical
8371,48856,Billing Dispute,2024-11-06 01:43:31,Closed,11,Medium
8372,5628,Signal Not Available,2024-10-17 06:04:51,Closed,10,High
8373,25400,Porting Issue,2024-12-13 05:29:13,Resolved,10,High
8374,29485,Refund Request,2023-02-26 09:11:01,Closed,0,Medium
8375,45767,Porting Issue,2024-10-08 20:23:05,Closed,11,Medium
8376,27569,Call Drop,2024-12-19 18:43:07,Open,,High
8377,46078,Refund Request,2025-08-12 22:54:05,Escalated,,Critical
8378,40931,Call Drop,2024-11-26 12:38:08,Open,,Critical
8379,46626,Porting Issue,2023-01-11 13:55:28,Open,,High
8380,31556,Call Drop,2024-12-02 11:17:07,Escalated,,High
8381,17868,Billing Dispute,2024-08-28 18:18:06,Open,,Critical
8382,24766,Refund Request,2025-10-01 03:31:02,Closed,12,Medium
8383,49511,Porting Issue,2026-03-21 01:00:32,In Progress,,Medium
8384,29956,SIM Activation,2023-01-03 02:38:37,Closed,5,Low
8385,37736,Customer Service,2025-05-02 05:08:40,Closed,4,Low
8386,15034,Refund Request,2024-10-03 16:09:59,In Progress,,High
8387,25523,Data Not Working,2023-09-12 11:26:21,In Progress,,Low
8388,9384,Wrong Plan Charged,2025-03-19 23:45:57,Escalated,,Low
8389,28899,Recharge Failure,2024-10-03 06:13:25,Open,,High
8390,37098,Customer Service,2023-07-05 03:28:23,Resolved,0,High
8391,10833,Porting Issue,2024-11-21 22:26:58,Closed,8,High
8392,20841,Wrong Plan Charged,2025-01-23 10:06:30,Escalated,,Medium
8393,17270,Call Drop,2023-08-19 18:55:23,Resolved,15,Critical
8394,1433,SIM Activation,2026-06-02 02:09:28,Closed,9,Medium
8395,12172,Network Issue,2024-10-22 04:46:41,Resolved,12,Critical
8396,30076,Slow Internet,2023-12-24 14:45:31,Open,,Medium
8397,14376,Call Drop,2025-11-25 06:49:17,Closed,11,Critical
8398,37623,Porting Issue,2026-02-07 20:23:57,Escalated,,High
8399,26445,Slow Internet,2024-02-12 02:47:39,Escalated,,Critical
8400,46851,Wrong Plan Charged,2024-08-31 21:48:47,Open,,Critical
8401,33534,Customer Service,2026-02-24 13:15:39,Resolved,9,Medium
8402,2977,Customer Service,2023-06-14 08:14:36,Open,,Critical
8403,31568,Data Not Working,2025-12-27 04:06:01,Closed,8,Critical
8404,5312,Data Not Working,2023-10-13 00:20:53,Open,,Low
8405,18397,Customer Service,2026-04-10 18:49:17,Escalated,,Medium
8406,13290,Billing Dispute,2025-12-29 23:19:30,Resolved,9,High
8407,6586,Slow Internet,2024-01-04 09:32:27,In Progress,,High
8408,45009,Network Issue,2023-08-31 07:36:11,Resolved,0,Critical
8409,5717,Data Not Working,2023-05-20 08:20:50,Escalated,,Medium
8410,48284,Call Drop,2026-06-07 17:19:08,Closed,12,High
8411,9056,Billing Dispute,2026-03-03 14:26:17,Escalated,,Critical
8412,37722,Wrong Plan Charged,2026-05-29 21:02:58,Open,,Medium
8413,16399,Billing Dispute,2024-04-02 00:51:56,Open,,High
8414,13473,Customer Service,2025-09-11 13:13:29,Resolved,11,Medium
8415,36663,SIM Activation,2023-04-18 07:24:24,Closed,15,Critical
8416,32587,Refund Request,2026-03-03 15:37:26,Escalated,,High
8417,46017,Wrong Plan Charged,2024-02-03 10:47:42,In Progress,,High
8418,14713,SIM Activation,2024-12-16 18:03:48,Escalated,,Critical
8419,40242,Call Drop,2023-03-20 20:53:29,Escalated,,High
8420,21288,Network Issue,2023-09-17 08:35:06,In Progress,,Critical
8421,12295,Network Issue,2023-10-24 16:54:44,Closed,5,High
8422,44855,Call Drop,2024-05-04 10:02:14,Escalated,,Low
8423,16895,SIM Activation,2024-11-13 01:26:14,Resolved,8,Critical
8424,44837,SIM Activation,2024-03-16 05:45:57,Closed,9,Critical
8425,18469,Porting Issue,2024-06-22 23:55:04,Escalated,,Critical
8426,30476,SIM Activation,2023-04-15 14:58:11,Resolved,8,Low
8427,4144,Data Not Working,2025-12-07 14:17:19,Open,,High
8428,35006,Customer Service,2023-08-15 11:51:24,Escalated,,Critical
8429,13061,Refund Request,2024-10-03 05:48:26,Closed,13,Low
8430,15475,Call Drop,2023-03-17 22:49:32,Closed,11,Low
8431,5729,Porting Issue,2024-03-21 10:29:51,Open,,Low
8432,35565,Recharge Failure,2024-05-09 06:05:48,Resolved,1,Low
8433,657,Slow Internet,2023-04-12 08:26:45,In Progress,,Medium
8434,2918,Data Not Working,2025-06-07 17:08:09,In Progress,,Low
8435,16477,Porting Issue,2024-02-06 23:18:11,In Progress,,Medium
8436,31677,Recharge Failure,2026-03-16 22:55:19,Open,,Low
8437,2575,Customer Service,2024-09-17 19:21:24,Escalated,,Medium
8438,3548,Billing Dispute,2026-01-10 21:47:53,Open,,High
8439,15012,Refund Request,2024-06-17 17:36:44,Resolved,5,Low
8440,26708,Porting Issue,2025-02-25 06:04:14,In Progress,,Low
8441,24213,Recharge Failure,2023-07-18 08:35:28,Escalated,,Low
8442,33532,Billing Dispute,2025-03-13 14:52:18,Closed,5,High
8443,35570,SIM Activation,2024-02-15 05:34:34,Resolved,10,Low
8444,14782,Billing Dispute,2023-03-15 17:57:33,Open,,High
8445,17006,Porting Issue,2023-01-18 08:23:59,In Progress,,Low
8446,13677,Billing Dispute,2024-06-15 11:54:33,Escalated,,Medium
8447,48056,Recharge Failure,2026-02-25 11:50:03,Escalated,,Medium
8448,11290,Billing Dispute,2023-05-13 22:24:07,Open,,Medium
8449,37955,Call Drop,2023-09-05 14:08:49,In Progress,,High
8450,9855,Signal Not Available,2024-10-28 15:03:45,Open,,Medium
8451,6514,Data Not Working,2024-07-12 12:38:52,Escalated,,Critical
8452,16368,SIM Activation,2025-08-11 08:01:09,Escalated,,High
8453,13620,Customer Service,2026-05-08 05:23:52,Escalated,,High
8454,3054,Customer Service,2023-07-05 21:04:08,Resolved,2,Medium
8455,24355,Customer Service,2025-04-07 22:58:35,Closed,0,Low
8456,3540,Customer Service,2025-09-07 20:19:10,Resolved,7,Critical
8457,44813,Porting Issue,2024-12-22 07:24:28,Closed,4,Medium
8458,29113,Wrong Plan Charged,2025-01-23 08:53:48,Open,,Medium
8459,844,Refund Request,2025-07-15 19:39:44,In Progress,,Medium
8460,450,Recharge Failure,2025-06-28 23:08:52,Resolved,9,High
8461,27324,Call Drop,2026-05-03 03:01:21,Open,,Medium
8462,27733,SIM Activation,2025-02-21 00:02:54,Escalated,,Medium
8463,41217,Porting Issue,2024-06-23 14:55:20,Open,,Medium
8464,3609,Billing Dispute,2025-08-06 21:44:38,Resolved,7,Low
8465,27900,Slow Internet,2023-05-25 08:33:47,Resolved,3,Critical
8466,12071,Customer Service,2025-11-11 11:13:24,Escalated,,Critical
8467,31554,Recharge Failure,2026-04-29 03:52:56,Open,,High
8468,14464,Data Not Working,2026-01-07 14:45:53,Escalated,,Low
8469,14881,Customer Service,2023-07-15 04:47:05,Escalated,,Low
8470,45364,Porting Issue,2023-01-14 02:48:45,Open,,Critical
8471,24968,Slow Internet,2024-10-11 23:50:53,In Progress,,Medium
8472,5821,Wrong Plan Charged,2026-02-03 11:18:48,Open,,Medium
8473,20969,SIM Activation,2025-12-11 10:13:12,Open,,Medium
8474,39840,Recharge Failure,2024-08-08 07:01:33,Open,,High
8475,41205,Recharge Failure,2024-02-28 21:18:05,Resolved,7,Medium
8476,49925,Signal Not Available,2026-04-16 07:09:13,Resolved,7,Medium
8477,7670,Wrong Plan Charged,2023-03-09 00:22:14,In Progress,,Critical
8478,46713,Refund Request,2024-08-07 14:25:58,Open,,Critical
8479,33882,Customer Service,2026-02-03 18:35:20,Escalated,,Medium
8480,33582,SIM Activation,2025-01-11 05:17:25,Closed,12,Critical
8481,23670,Recharge Failure,2025-11-15 06:26:28,Escalated,,Medium
8482,41319,Billing Dispute,2025-02-25 18:41:16,Closed,9,Low
8483,17669,Customer Service,2023-02-28 17:29:55,Open,,Medium
8484,24321,Signal Not Available,2023-01-27 17:09:11,Resolved,12,High
8485,19252,Signal Not Available,2025-07-08 19:56:26,Resolved,13,Critical
8486,48898,Network Issue,2025-03-05 01:26:27,Resolved,7,Low
8487,7376,Recharge Failure,2023-12-26 20:32:19,Resolved,11,Medium
8488,17625,Call Drop,2023-10-06 17:30:58,Open,,Low
8489,29329,Network Issue,2025-08-30 09:00:09,Resolved,2,High
8490,32124,Wrong Plan Charged,2025-01-31 02:30:06,In Progress,,Low
8491,47859,Network Issue,2023-10-11 17:32:52,Resolved,10,Low
8492,12294,Network Issue,2025-10-03 05:04:55,In Progress,,Medium
8493,29278,SIM Activation,2025-06-30 06:44:41,Closed,2,High
8494,1614,Call Drop,2025-09-09 09:18:24,Closed,12,Medium
8495,26413,Signal Not Available,2023-01-09 11:03:23,Closed,9,High
8496,20748,SIM Activation,2025-08-05 05:36:44,Escalated,,Critical
8497,46149,Billing Dispute,2025-03-06 11:49:14,Closed,9,Low
8498,32746,Slow Internet,2025-05-04 22:13:09,Open,,High
8499,42377,SIM Activation,2024-04-23 00:10:44,Open,,Critical
8500,7806,Customer Service,2023-06-30 10:18:51,Resolved,4,High
8501,37452,Refund Request,2023-03-20 09:04:09,Open,,Low
8502,16263,Recharge Failure,2026-05-28 04:35:24,In Progress,,Medium
8503,36731,Call Drop,2024-03-23 00:23:28,Closed,6,Medium
8504,34739,Call Drop,2026-05-22 08:37:31,Escalated,,Medium
8505,29128,Call Drop,2025-06-16 05:01:45,Open,,High
8506,47487,Porting Issue,2024-04-23 06:01:03,Open,,Critical
8507,41415,Data Not Working,2025-11-01 00:53:19,Resolved,2,Medium
8508,38944,Porting Issue,2024-12-12 22:06:19,Open,,Critical
8509,15153,Customer Service,2025-12-16 18:02:16,Escalated,,Low
8510,28509,Billing Dispute,2023-06-01 11:43:42,Escalated,,High
8511,11784,Data Not Working,2023-06-20 13:31:52,Open,,High
8512,16866,Billing Dispute,2024-01-11 07:34:16,Closed,3,Critical
8513,197,SIM Activation,2024-03-17 18:30:49,In Progress,,Critical
8514,10596,Signal Not Available,2023-12-07 10:20:02,In Progress,,High
8515,47341,SIM Activation,2026-03-01 16:10:17,Closed,10,Critical
8516,26146,SIM Activation,2024-11-30 04:21:02,Escalated,,Medium
8517,18987,Signal Not Available,2025-08-30 11:22:33,In Progress,,Medium
8518,27651,Data Not Working,2026-06-28 18:23:25,Closed,15,High
8519,39932,Customer Service,2023-02-12 19:58:42,Closed,13,High
8520,44534,Billing Dispute,2024-12-01 09:37:11,In Progress,,Medium
8521,33480,Refund Request,2026-05-12 03:57:07,Closed,14,Low
8522,7930,Recharge Failure,2026-02-22 03:18:15,Resolved,12,Medium
8523,35990,Porting Issue,2025-06-23 03:50:49,In Progress,,Low
8524,48878,Recharge Failure,2023-01-05 14:42:01,Closed,14,Low
8525,32128,Customer Service,2024-10-20 23:06:17,In Progress,,Critical
8526,49936,Data Not Working,2023-08-29 02:09:50,Escalated,,Low
8527,26598,Wrong Plan Charged,2024-01-17 18:38:01,Open,,Low
8528,37481,SIM Activation,2025-07-09 00:06:57,Closed,9,Critical
8529,8973,Data Not Working,2023-08-30 05:17:24,In Progress,,Medium
8530,13999,Signal Not Available,2025-08-01 21:56:26,Open,,High
8531,43097,Signal Not Available,2023-02-21 09:42:17,Escalated,,Low
8532,35437,SIM Activation,2026-06-11 16:45:30,Closed,15,Low
8533,5355,Billing Dispute,2023-10-10 08:42:11,Resolved,1,Medium
8534,4065,SIM Activation,2024-10-01 17:04:11,In Progress,,Medium
8535,7464,Customer Service,2023-06-30 13:14:33,Open,,Medium
8536,36149,Slow Internet,2026-06-01 22:46:05,In Progress,,Medium
8537,4076,Signal Not Available,2026-05-23 06:33:15,Resolved,6,High
8538,12496,SIM Activation,2023-01-12 13:27:45,Escalated,,Low
8539,3905,Wrong Plan Charged,2024-01-22 20:48:58,Resolved,15,High
8540,33162,Billing Dispute,2025-07-25 08:41:30,In Progress,,Medium
8541,3042,Data Not Working,2023-06-01 21:29:58,Escalated,,Low
8542,7945,Data Not Working,2025-06-04 23:12:56,Closed,5,High
8543,13346,Billing Dispute,2026-04-17 14:43:35,Closed,1,High
8544,20019,Network Issue,2026-05-28 18:14:35,Resolved,1,Critical
8545,25954,Data Not Working,2026-05-14 10:49:52,Closed,4,Medium
8546,27816,Slow Internet,2024-01-06 23:49:54,In Progress,,High
8547,26727,Data Not Working,2026-03-06 21:13:45,In Progress,,Medium
8548,5365,Network Issue,2026-01-23 16:42:12,Escalated,,Critical
8549,13392,Data Not Working,2025-12-14 23:56:41,In Progress,,Low
8550,45376,Wrong Plan Charged,2023-07-25 09:07:21,Open,,High
8551,46367,Wrong Plan Charged,2024-09-27 06:16:31,Open,,High
8552,17840,Network Issue,2025-08-26 02:47:26,In Progress,,Medium
8553,24130,Data Not Working,2023-03-15 22:07:28,In Progress,,Low
8554,26727,Recharge Failure,2025-03-25 15:31:46,Open,,Low
8555,19200,Customer Service,2025-03-03 17:45:26,Closed,12,Critical
8556,21419,Customer Service,2026-01-21 01:45:48,Closed,6,Low
8557,10806,Billing Dispute,2023-06-16 23:48:43,In Progress,,Low
8558,14404,Refund Request,2025-08-03 21:32:11,Escalated,,High
8559,17846,Slow Internet,2023-08-28 07:58:38,Resolved,10,Medium
8560,5099,Signal Not Available,2026-04-21 23:40:41,Escalated,,Low
8561,38881,Wrong Plan Charged,2023-08-02 18:19:44,Open,,Medium
8562,44113,Refund Request,2026-04-10 16:08:49,Escalated,,High
8563,24420,Wrong Plan Charged,2024-05-30 21:16:34,Closed,14,Critical
8564,46196,Porting Issue,2024-04-14 00:12:01,Open,,Medium
8565,34695,Network Issue,2024-08-27 05:48:36,Escalated,,Critical
8566,23890,Billing Dispute,2025-07-25 07:05:29,Resolved,11,Low
8567,5684,SIM Activation,2023-04-23 00:27:23,Open,,High
8568,30429,Slow Internet,2023-11-10 06:11:05,In Progress,,Critical
8569,47186,Billing Dispute,2024-08-25 14:21:50,Closed,0,Low
8570,38786,Signal Not Available,2023-04-25 20:54:44,Closed,12,Medium
8571,17606,Data Not Working,2025-03-09 10:46:18,Resolved,14,High
8572,49907,Refund Request,2026-03-09 15:37:33,Resolved,9,Critical
8573,30068,Data Not Working,2024-06-28 10:38:46,In Progress,,Critical
8574,25788,Slow Internet,2023-07-24 23:28:51,Closed,8,Low
8575,41798,Porting Issue,2026-06-09 14:32:26,Escalated,,Low
8576,122,SIM Activation,2025-02-17 08:34:56,Resolved,6,Low
8577,9798,Wrong Plan Charged,2023-06-20 05:25:36,Escalated,,Low
8578,31858,SIM Activation,2025-11-11 04:14:04,Resolved,4,Critical
8579,39965,Refund Request,2025-07-14 02:56:56,In Progress,,Medium
8580,17413,SIM Activation,2023-06-09 11:41:32,Open,,Critical
8581,25076,Network Issue,2025-01-19 09:40:39,Open,,Medium
8582,17819,Data Not Working,2024-11-13 07:42:35,Open,,Critical
8583,38277,Signal Not Available,2023-11-12 09:33:03,In Progress,,Low
8584,101,Signal Not Available,2026-06-25 00:14:52,Escalated,,Medium
8585,39242,Customer Service,2025-02-07 19:56:57,Open,,High
8586,1084,Network Issue,2025-05-01 15:51:17,Escalated,,Medium
8587,21302,Network Issue,2026-04-25 01:45:24,Closed,3,Critical
8588,33665,Data Not Working,2023-02-14 14:40:34,Escalated,,High
8589,43226,Slow Internet,2023-04-05 03:45:00,Resolved,3,High
8590,30331,Wrong Plan Charged,2023-03-28 07:16:29,Resolved,7,High
8591,15962,Signal Not Available,2024-05-27 16:41:08,Closed,7,High
8592,18090,Call Drop,2023-12-13 11:06:16,In Progress,,High
8593,21864,Data Not Working,2023-08-21 01:46:26,Escalated,,Low
8594,36635,Network Issue,2023-12-07 03:57:29,Escalated,,Critical
8595,47345,Wrong Plan Charged,2024-02-02 11:34:59,Resolved,10,Medium
8596,3757,Signal Not Available,2024-05-07 09:38:24,In Progress,,Low
8597,26579,Network Issue,2023-10-21 17:42:58,Open,,Critical
8598,13997,Call Drop,2023-01-07 12:26:01,Escalated,,High
8599,36280,Billing Dispute,2024-10-29 10:28:31,In Progress,,Medium
8600,35016,Refund Request,2023-02-05 23:42:06,Escalated,,Medium
8601,28592,Wrong Plan Charged,2025-10-30 03:17:19,Resolved,8,Critical
8602,8895,SIM Activation,2023-12-04 04:05:47,In Progress,,Medium
8603,4270,Slow Internet,2025-07-31 13:13:16,Open,,Critical
8604,24350,Data Not Working,2026-04-26 23:46:49,Open,,Medium
8605,12667,Recharge Failure,2026-04-23 18:02:12,Open,,Medium
8606,31668,Porting Issue,2025-07-20 21:16:22,In Progress,,Low
8607,8649,Recharge Failure,2024-11-10 15:06:29,Closed,14,Low
8608,49840,Signal Not Available,2026-06-16 09:32:39,Escalated,,Low
8609,28424,Slow Internet,2025-07-16 09:09:51,Open,,High
8610,6603,SIM Activation,2025-09-17 23:53:05,Closed,15,Low
8611,4761,SIM Activation,2026-01-16 03:04:03,Open,,High
8612,14126,Wrong Plan Charged,2023-04-02 07:50:50,Closed,5,Medium
8613,49147,SIM Activation,2025-12-11 01:55:37,Open,,Low
8614,41292,Refund Request,2024-05-03 22:16:23,Resolved,2,High
8615,48689,Signal Not Available,2024-08-26 07:47:06,Escalated,,Medium
8616,29472,Refund Request,2025-05-31 12:50:36,In Progress,,High
8617,38442,Wrong Plan Charged,2024-08-14 07:17:51,Closed,3,Medium
8618,28904,Customer Service,2023-02-15 10:47:09,Closed,12,Medium
8619,35827,Slow Internet,2024-12-10 22:44:56,Resolved,3,Low
8620,15836,Call Drop,2023-09-04 22:55:07,Closed,14,High
8621,46077,Porting Issue,2023-08-05 02:01:19,Open,,Critical
8622,43603,Customer Service,2024-09-02 12:33:25,In Progress,,Medium
8623,15176,SIM Activation,2025-08-18 06:36:01,Open,,Low
8624,42173,Signal Not Available,2025-05-03 12:52:45,Closed,8,Medium
8625,33293,Signal Not Available,2026-03-18 12:06:53,Escalated,,Low
8626,39642,Billing Dispute,2025-08-22 01:29:06,Escalated,,Low
8627,33109,SIM Activation,2025-09-17 05:48:05,In Progress,,High
8628,13010,Data Not Working,2025-05-09 16:33:13,Closed,11,High
8629,30753,Customer Service,2025-09-01 07:50:19,Closed,12,High
8630,41656,Network Issue,2024-04-17 08:20:30,Open,,Low
8631,21667,Billing Dispute,2023-02-11 22:47:48,Resolved,9,Critical
8632,16968,Refund Request,2024-08-27 13:41:28,Open,,High
8633,18093,Network Issue,2025-04-19 15:58:49,In Progress,,Critical
8634,48569,Call Drop,2024-07-09 07:01:05,Closed,4,Medium
8635,37083,Wrong Plan Charged,2023-06-06 08:20:36,Open,,High
8636,1614,SIM Activation,2024-05-14 11:23:41,Escalated,,Medium
8637,7659,Call Drop,2025-01-08 07:48:20,Open,,Low
8638,47951,Wrong Plan Charged,2025-12-21 20:13:36,Escalated,,Low
8639,18598,SIM Activation,2026-01-20 19:04:28,Resolved,14,High
8640,15811,Porting Issue,2025-06-02 00:47:32,Closed,4,Low
8641,29169,Porting Issue,2026-06-07 18:35:02,Open,,Low
8642,41125,Customer Service,2024-07-28 08:58:48,Open,,Low
8643,27130,Recharge Failure,2024-05-05 09:41:00,Resolved,3,Critical
8644,20268,Wrong Plan Charged,2026-06-14 06:58:48,Open,,Critical
8645,7279,Slow Internet,2026-02-25 14:08:17,Closed,12,Medium
8646,6891,Customer Service,2025-12-10 16:54:18,Closed,13,Critical
8647,46561,Data Not Working,2024-02-18 16:57:04,Resolved,4,Low
8648,40437,Call Drop,2026-07-17 18:35:38,Resolved,14,Critical
8649,42673,Signal Not Available,2024-02-14 07:05:55,Closed,0,Critical
8650,21520,Billing Dispute,2024-11-07 02:48:42,Escalated,,Critical
8651,45380,Refund Request,2026-07-24 07:30:13,In Progress,,Medium
8652,31742,Recharge Failure,2026-07-24 20:10:44,Escalated,,High
8653,2807,Signal Not Available,2024-03-07 13:56:07,Escalated,,Critical
8654,48070,SIM Activation,2025-09-23 11:19:52,Escalated,,Medium
8655,21144,Refund Request,2024-09-28 00:15:04,Escalated,,Medium
8656,45561,Customer Service,2023-09-24 18:07:22,In Progress,,Low
8657,21064,Network Issue,2025-10-30 06:32:51,Closed,14,Low
8658,20366,Refund Request,2024-11-16 04:44:28,Escalated,,High
8659,13515,Wrong Plan Charged,2023-11-11 06:40:10,In Progress,,Medium
8660,33188,Wrong Plan Charged,2024-12-05 19:54:40,Escalated,,Critical
8661,38071,Billing Dispute,2024-01-19 23:32:55,Open,,High
8662,4197,Data Not Working,2023-03-25 01:51:26,Open,,Critical
8663,29948,Recharge Failure,2024-01-05 22:43:24,In Progress,,Medium
8664,2831,Network Issue,2025-01-22 20:09:30,Closed,2,High
8665,27924,Call Drop,2023-01-30 00:14:19,Open,,Critical
8666,11045,Data Not Working,2026-04-15 21:53:47,In Progress,,Medium
8667,3978,Signal Not Available,2025-02-16 22:30:15,Open,,Medium
8668,9454,Porting Issue,2023-05-09 04:04:42,Open,,Critical
8669,38541,SIM Activation,2023-09-21 13:11:35,Resolved,6,High
8670,45607,Slow Internet,2024-12-23 13:52:22,Closed,7,Low
8671,14123,Porting Issue,2025-08-20 09:29:16,Closed,15,Critical
8672,21081,Billing Dispute,2026-05-25 23:06:55,Closed,8,High
8673,42699,Wrong Plan Charged,2024-08-18 07:05:34,In Progress,,Critical
8674,21921,Customer Service,2023-09-01 06:33:39,Open,,High
8675,40115,SIM Activation,2023-07-19 15:34:37,In Progress,,High
8676,11279,Billing Dispute,2023-10-16 13:41:56,In Progress,,Medium
8677,41135,Network Issue,2023-08-10 04:16:53,Resolved,0,Medium
8678,19443,Refund Request,2025-01-16 17:16:27,In Progress,,Low
8679,34964,Wrong Plan Charged,2025-10-01 04:45:36,Closed,13,High
8680,42174,Call Drop,2023-03-19 06:42:34,Resolved,8,Critical
8681,41973,Refund Request,2025-10-08 22:52:16,Closed,7,Medium
8682,3514,Billing Dispute,2025-03-16 05:15:49,Escalated,,Critical
8683,33984,Data Not Working,2025-06-18 20:53:22,Open,,Critical
8684,40103,Refund Request,2024-11-06 16:34:35,Open,,Critical
8685,8386,Signal Not Available,2026-04-05 16:34:39,Closed,3,Low
8686,26632,Recharge Failure,2025-07-29 13:35:50,Resolved,6,Critical
8687,24386,Signal Not Available,2023-01-12 01:53:07,Escalated,,High
8688,35101,Data Not Working,2023-07-21 00:12:58,Escalated,,Critical
8689,47856,SIM Activation,2025-12-13 08:46:25,In Progress,,Low
8690,33383,SIM Activation,2026-03-04 20:30:21,Escalated,,Medium
8691,28764,Porting Issue,2023-10-27 04:02:48,In Progress,,Critical
8692,29181,Network Issue,2026-02-20 20:24:22,In Progress,,Low
8693,7534,Signal Not Available,2024-02-28 05:14:58,Open,,Medium
8694,14097,Signal Not Available,2025-08-11 14:56:24,Closed,4,Low
8695,18351,Customer Service,2024-04-21 19:54:36,Closed,1,Critical
8696,31661,Porting Issue,2023-06-22 13:58:35,Open,,Low
8697,19358,Call Drop,2024-03-17 18:17:13,Resolved,10,High
8698,2295,Signal Not Available,2025-09-04 14:53:09,Closed,5,Critical
8699,38922,Slow Internet,2023-09-01 20:39:48,Open,,Medium
8700,17687,Refund Request,2026-05-04 07:20:07,Open,,Low
8701,28934,Signal Not Available,2024-12-24 08:08:49,Escalated,,High
8702,38226,Wrong Plan Charged,2025-02-18 18:30:42,Open,,Low
8703,34415,Wrong Plan Charged,2024-10-10 13:51:54,Resolved,0,Critical
8704,46085,Wrong Plan Charged,2025-12-22 01:06:42,Open,,High
8705,30303,Signal Not Available,2023-08-17 06:43:57,Open,,Low
8706,2497,Recharge Failure,2026-01-27 15:23:53,Open,,Critical
8707,21617,Signal Not Available,2023-09-27 22:52:50,Escalated,,Low
8708,16816,SIM Activation,2026-07-06 13:33:35,Closed,1,Medium
8709,28649,Slow Internet,2024-01-30 23:04:15,Open,,Low
8710,41580,Slow Internet,2023-10-10 11:24:37,Open,,Low
8711,22773,Network Issue,2024-10-15 23:58:23,Open,,Low
8712,5737,Data Not Working,2024-11-23 01:18:54,Resolved,3,Low
8713,9462,Data Not Working,2025-05-28 11:08:47,Resolved,1,High
8714,46281,Billing Dispute,2025-06-21 22:34:02,Closed,3,Critical
8715,31017,Wrong Plan Charged,2026-04-22 16:06:44,In Progress,,Medium
8716,35438,Wrong Plan Charged,2023-10-13 17:38:26,Open,,Medium
8717,34011,SIM Activation,2025-12-20 15:25:34,Open,,Critical
8718,16478,Customer Service,2023-04-19 23:07:06,Escalated,,Low
8719,31323,SIM Activation,2023-12-01 14:32:43,Closed,12,Medium
8720,1526,Refund Request,2025-07-13 13:39:18,In Progress,,Low
8721,10535,Wrong Plan Charged,2025-10-01 00:01:22,Resolved,9,Critical
8722,48714,Data Not Working,2026-03-13 19:29:01,Open,,Medium
8723,26517,Slow Internet,2024-08-28 03:59:28,Resolved,0,Medium
8724,14599,Porting Issue,2023-06-25 13:35:53,Escalated,,High
8725,21046,Call Drop,2026-06-22 02:23:28,Escalated,,High
8726,14102,Refund Request,2024-08-25 14:28:41,Resolved,2,Medium
8727,1814,Porting Issue,2023-07-19 04:19:16,Closed,13,High
8728,20640,Porting Issue,2023-01-11 03:42:31,In Progress,,Critical
8729,40991,Call Drop,2026-02-03 03:30:41,Closed,1,Medium
8730,3168,Recharge Failure,2024-06-13 12:15:01,In Progress,,High
8731,1298,SIM Activation,2023-02-17 01:49:27,Closed,1,Low
8732,14723,Refund Request,2025-05-18 05:04:46,Resolved,5,High
8733,34077,Customer Service,2023-09-29 19:21:02,In Progress,,Critical
8734,12965,Slow Internet,2026-03-18 17:54:21,Closed,3,Medium
8735,39847,Signal Not Available,2025-03-26 03:38:16,Escalated,,Critical
8736,28896,Recharge Failure,2024-07-02 02:02:56,Resolved,1,Critical
8737,199,Recharge Failure,2025-02-09 19:49:56,In Progress,,High
8738,25133,Billing Dispute,2025-03-20 06:02:46,Escalated,,Medium
8739,47417,Slow Internet,2026-07-27 18:27:19,Closed,6,Critical
8740,11508,Customer Service,2026-03-21 23:35:36,Open,,High
8741,2944,Data Not Working,2024-12-27 20:19:19,Open,,Low
8742,45730,Refund Request,2026-03-04 23:26:28,Resolved,15,High
8743,15797,Customer Service,2026-04-16 14:46:15,Open,,Critical
8744,29207,Network Issue,2025-04-11 18:46:14,Open,,Critical
8745,19215,Porting Issue,2025-06-09 12:59:29,Open,,Critical
8746,42238,Slow Internet,2023-09-30 18:32:42,Open,,High
8747,26411,SIM Activation,2023-08-30 13:47:37,Open,,Medium
8748,9343,Data Not Working,2026-01-17 13:32:47,In Progress,,Critical
8749,32747,SIM Activation,2023-10-08 04:55:00,Escalated,,High
8750,30706,Network Issue,2025-07-20 10:15:25,Resolved,3,High
8751,35386,Signal Not Available,2025-05-03 01:51:18,Open,,High
8752,24488,Signal Not Available,2023-09-04 20:04:10,Escalated,,Low
8753,26407,Recharge Failure,2026-07-24 00:32:04,Resolved,9,Low
8754,26215,Refund Request,2025-09-17 05:48:45,Resolved,10,Critical
8755,22872,Billing Dispute,2025-05-11 00:12:46,Closed,8,High
8756,29731,Customer Service,2024-07-28 18:14:52,In Progress,,High
8757,16654,Wrong Plan Charged,2023-01-29 17:19:03,Resolved,2,High
8758,16432,Porting Issue,2025-04-16 10:34:07,Resolved,6,Medium
8759,263,Customer Service,2026-05-03 12:14:10,Closed,6,Medium
8760,13153,Slow Internet,2023-05-24 13:19:05,Open,,Low
8761,41224,Data Not Working,2025-11-17 04:16:03,Escalated,,Critical
8762,38059,Network Issue,2024-10-15 21:14:16,Escalated,,Low
8763,339,Wrong Plan Charged,2026-02-23 17:00:57,In Progress,,High
8764,13909,Billing Dispute,2025-08-07 12:30:12,In Progress,,High
8765,23490,Wrong Plan Charged,2026-06-20 07:05:09,Escalated,,Medium
8766,23949,Call Drop,2025-03-24 06:45:23,Resolved,14,Critical
8767,37437,Recharge Failure,2026-04-16 15:54:00,In Progress,,High
8768,11969,Recharge Failure,2024-08-31 14:11:36,Closed,14,Low
8769,1818,Billing Dispute,2024-10-22 15:09:16,Resolved,3,Critical
8770,35826,Porting Issue,2023-04-04 23:16:33,Escalated,,Medium
8771,40694,Wrong Plan Charged,2024-06-30 20:27:49,Open,,High
8772,14065,Signal Not Available,2023-01-31 21:07:52,Open,,High
8773,36915,Recharge Failure,2026-06-29 20:19:02,Resolved,13,Low
8774,19337,Network Issue,2025-02-23 22:44:27,Open,,Medium
8775,15736,Refund Request,2024-09-25 01:56:20,Resolved,11,High
8776,30866,Customer Service,2025-11-11 18:12:37,Escalated,,Medium
8777,23622,Porting Issue,2023-07-23 02:06:35,In Progress,,Critical
8778,7533,Signal Not Available,2024-03-19 02:32:01,In Progress,,Critical
8779,44328,Data Not Working,2024-09-20 19:58:23,Closed,13,High
8780,6761,Recharge Failure,2023-07-03 22:19:53,Closed,13,High
8781,24479,Porting Issue,2026-04-30 02:35:32,Open,,High
8782,1131,Data Not Working,2024-09-24 05:25:22,Open,,Critical
8783,7355,Customer Service,2026-03-11 09:33:57,In Progress,,Medium
8784,17948,Call Drop,2023-07-21 02:37:14,Open,,High
8785,36414,Billing Dispute,2024-04-14 18:54:27,In Progress,,High
8786,6725,Recharge Failure,2023-06-14 16:30:05,Open,,Medium
8787,22121,Network Issue,2026-02-11 08:29:52,Open,,Medium
8788,23335,Network Issue,2024-06-07 06:18:39,In Progress,,High
8789,15200,Signal Not Available,2023-04-15 10:32:29,Open,,Low
8790,10768,Customer Service,2024-06-27 07:54:51,Closed,3,Low
8791,40038,Recharge Failure,2024-01-07 11:43:42,Open,,High
8792,15198,Slow Internet,2023-07-11 22:21:54,Open,,High
8793,42401,Signal Not Available,2024-06-22 05:18:30,In Progress,,Medium
8794,45053,Wrong Plan Charged,2025-06-08 23:13:26,Resolved,3,Medium
8795,2881,Wrong Plan Charged,2026-03-07 10:36:25,Escalated,,Medium
8796,46441,Customer Service,2024-07-31 20:55:15,Closed,7,Critical
8797,42929,Recharge Failure,2025-05-27 14:04:18,Escalated,,Critical
8798,42827,Wrong Plan Charged,2025-03-10 13:27:17,Escalated,,High
8799,5849,Recharge Failure,2026-03-12 20:52:21,Resolved,7,High
8800,28461,Signal Not Available,2025-01-08 05:44:17,Resolved,6,Critical
8801,3481,Porting Issue,2024-01-26 22:59:50,Escalated,,Critical
8802,41164,Network Issue,2024-07-30 01:07:40,Resolved,15,Medium
8803,4724,Refund Request,2024-12-08 22:02:08,Closed,9,Low
8804,46421,Signal Not Available,2024-02-17 10:34:40,Open,,Critical
8805,44449,Wrong Plan Charged,2024-05-14 05:22:10,Escalated,,High
8806,36588,Signal Not Available,2025-01-20 19:50:44,Resolved,2,Low
8807,40867,Signal Not Available,2025-03-22 10:36:39,Resolved,14,Medium
8808,16537,Slow Internet,2026-06-23 13:54:20,Closed,5,Critical
8809,37243,Network Issue,2025-09-09 07:08:02,In Progress,,Medium
8810,14707,Customer Service,2024-09-01 05:19:25,Escalated,,High
8811,39616,Data Not Working,2026-01-22 07:32:49,Closed,12,Critical
8812,9487,Call Drop,2024-10-11 18:54:51,Open,,High
8813,35907,Billing Dispute,2024-01-04 18:11:19,Escalated,,Low
8814,24462,SIM Activation,2024-06-16 19:25:28,Open,,Critical
8815,18834,SIM Activation,2026-05-06 12:58:35,Closed,0,Medium
8816,24749,Network Issue,2023-05-21 13:33:12,Closed,9,Low
8817,20381,Refund Request,2025-08-12 20:02:51,Closed,14,Critical
8818,22638,Data Not Working,2025-11-23 05:03:49,Closed,12,High
8819,37507,Call Drop,2023-10-27 13:10:20,Closed,12,High
8820,37621,Call Drop,2025-06-09 01:00:46,Resolved,7,High
8821,12829,Data Not Working,2024-11-24 23:11:08,Escalated,,High
8822,49218,Recharge Failure,2024-02-02 06:12:44,In Progress,,Medium
8823,47943,Porting Issue,2025-03-23 06:35:40,Escalated,,Medium
8824,43975,Wrong Plan Charged,2023-01-08 00:20:21,Resolved,11,Low
8825,44316,Recharge Failure,2026-01-26 10:07:30,Closed,4,Critical
8826,29660,Billing Dispute,2025-06-16 06:17:31,Escalated,,High
8827,5791,Recharge Failure,2024-07-12 09:53:49,Resolved,0,Low
8828,19842,Call Drop,2023-09-30 17:12:47,Closed,3,Critical
8829,37467,Customer Service,2024-02-12 04:52:53,Resolved,4,Critical
8830,30331,SIM Activation,2025-02-15 19:26:48,Resolved,2,Critical
8831,43021,Signal Not Available,2023-08-28 09:01:31,Closed,2,High
8832,8235,Slow Internet,2026-04-24 13:47:39,Closed,3,Critical
8833,25904,Wrong Plan Charged,2023-05-03 13:56:30,Resolved,0,Low
8834,31969,Billing Dispute,2024-09-04 13:15:07,In Progress,,High
8835,47055,Billing Dispute,2026-05-26 16:33:17,Open,,Medium
8836,20207,Wrong Plan Charged,2025-10-22 05:40:03,Resolved,0,Critical
8837,15651,Slow Internet,2024-08-10 22:09:35,Escalated,,High
8838,6676,Refund Request,2023-02-22 04:16:27,Resolved,2,Critical
8839,18715,Slow Internet,2023-11-25 22:01:53,Open,,Medium
8840,35889,Refund Request,2025-01-22 10:40:30,Closed,8,Medium
8841,41126,Porting Issue,2025-05-15 07:52:36,Resolved,8,Medium
8842,41302,Signal Not Available,2026-04-06 18:19:33,Escalated,,High
8843,1722,Porting Issue,2026-01-01 06:46:31,Resolved,6,Medium
8844,27460,Slow Internet,2024-04-14 12:05:54,Escalated,,Critical
8845,44703,Signal Not Available,2026-06-12 05:49:50,Escalated,,Medium
8846,7750,Slow Internet,2023-08-22 14:13:05,Resolved,13,Critical
8847,17458,Data Not Working,2025-12-23 15:12:53,Open,,High
8848,13289,Customer Service,2026-03-10 10:45:30,Escalated,,High
8849,39521,Wrong Plan Charged,2023-07-10 09:56:57,Resolved,5,Critical
8850,29552,Billing Dispute,2025-04-15 11:50:37,Resolved,7,Low
8851,38823,Call Drop,2023-05-28 20:52:36,Open,,Critical
8852,20076,Signal Not Available,2023-01-09 10:37:39,Open,,Critical
8853,29978,Customer Service,2023-10-30 08:11:51,Closed,9,High
8854,40433,Wrong Plan Charged,2024-01-09 00:20:24,Resolved,12,High
8855,32904,Porting Issue,2026-05-03 01:52:25,In Progress,,Medium
8856,12854,Porting Issue,2024-05-07 01:31:57,Resolved,11,Low
8857,2046,SIM Activation,2025-01-13 15:22:17,Closed,9,High
8858,48629,Wrong Plan Charged,2025-05-25 23:03:13,Closed,3,Critical
8859,44931,Signal Not Available,2025-06-28 07:28:53,Open,,Low
8860,4675,Wrong Plan Charged,2024-08-27 08:01:18,Closed,2,High
8861,6872,Refund Request,2025-04-22 22:31:27,Resolved,6,Medium
8862,44340,Signal Not Available,2024-06-19 10:39:46,Escalated,,Low
8863,7108,Slow Internet,2025-01-24 01:29:54,Resolved,13,High
8864,15683,SIM Activation,2023-08-17 09:24:48,Open,,Low
8865,7287,Data Not Working,2023-04-19 01:44:53,Resolved,6,Critical
8866,10653,Signal Not Available,2024-05-11 12:16:16,In Progress,,Critical
8867,48055,Network Issue,2025-10-24 20:56:59,Resolved,6,Critical
8868,9975,Recharge Failure,2023-12-31 19:56:34,In Progress,,Critical
8869,49729,Slow Internet,2023-01-17 02:08:11,Resolved,5,High
8870,2875,Slow Internet,2024-12-21 07:30:43,Escalated,,Medium
8871,19276,Wrong Plan Charged,2024-11-21 13:04:58,In Progress,,Critical
8872,21563,Refund Request,2025-06-28 14:44:56,Resolved,0,Medium
8873,46429,Signal Not Available,2023-10-23 17:16:09,Closed,8,Medium
8874,46680,Call Drop,2024-06-25 22:28:30,Open,,Low
8875,41560,Wrong Plan Charged,2023-02-21 21:17:55,Escalated,,High
8876,32970,SIM Activation,2023-09-03 23:23:04,Open,,Critical
8877,11698,Refund Request,2023-03-26 04:13:24,In Progress,,Critical
8878,36240,Network Issue,2024-11-26 11:32:56,Closed,1,Critical
8879,4937,Porting Issue,2024-02-17 18:09:03,Escalated,,High
8880,39729,Porting Issue,2024-09-15 18:19:42,Open,,Medium
8881,27845,Porting Issue,2025-01-09 03:55:49,Closed,8,Critical
8882,37888,Slow Internet,2026-05-12 18:17:34,Escalated,,Low
8883,47252,Slow Internet,2025-05-18 10:11:16,Closed,14,Critical
8884,15001,Wrong Plan Charged,2024-01-07 07:01:56,In Progress,,High
8885,36103,Signal Not Available,2025-11-28 21:24:26,In Progress,,Low
8886,49228,Refund Request,2025-05-09 05:16:56,Resolved,13,High
8887,382,Slow Internet,2024-04-22 09:11:24,Escalated,,Critical
8888,38283,Recharge Failure,2024-07-23 04:08:53,Closed,3,Critical
8889,48360,Customer Service,2025-03-02 00:23:11,Escalated,,High
8890,14515,Recharge Failure,2024-05-13 22:09:46,Resolved,4,Medium
8891,48641,Refund Request,2025-04-05 00:16:32,Escalated,,Medium
8892,36064,SIM Activation,2023-02-18 11:55:23,Escalated,,Medium
8893,6110,Customer Service,2024-05-07 03:30:51,Closed,8,Critical
8894,38559,Billing Dispute,2024-10-03 12:26:42,Escalated,,Critical
8895,37486,Data Not Working,2023-01-28 14:10:16,Resolved,14,High
8896,18668,SIM Activation,2023-12-26 21:10:06,Closed,5,Critical
8897,35859,Wrong Plan Charged,2024-11-24 09:14:04,In Progress,,Medium
8898,33333,Network Issue,2024-07-02 22:15:36,Closed,13,Low
8899,28667,Billing Dispute,2024-09-10 15:13:43,Escalated,,Medium
8900,16626,SIM Activation,2023-11-10 20:37:07,In Progress,,Critical
8901,21968,Customer Service,2023-05-22 01:41:48,Closed,13,Medium
8902,29571,Signal Not Available,2025-11-07 17:21:02,Resolved,14,Low
8903,34026,Porting Issue,2023-01-04 11:53:03,Open,,Critical
8904,5263,Data Not Working,2023-06-13 17:04:06,Open,,Critical
8905,43470,Billing Dispute,2023-06-04 13:25:37,Resolved,5,Low
8906,4178,Porting Issue,2026-03-24 06:11:32,Escalated,,High
8907,11167,Customer Service,2026-04-19 09:54:03,Resolved,11,Critical
8908,12179,Customer Service,2024-11-21 03:53:02,Open,,Critical
8909,38656,Porting Issue,2024-02-15 17:06:21,Resolved,3,Medium
8910,8008,Slow Internet,2025-08-24 01:28:19,Open,,Medium
8911,47053,Slow Internet,2023-12-10 02:19:25,Closed,2,Medium
8912,19187,Refund Request,2026-05-03 06:04:14,Open,,Critical
8913,18260,Customer Service,2025-08-07 05:32:28,Closed,3,Low
8914,22279,Refund Request,2024-10-09 07:32:51,Resolved,12,High
8915,17491,Customer Service,2023-05-18 08:01:04,Escalated,,High
8916,18091,Slow Internet,2023-05-28 21:53:45,Closed,1,Critical
8917,12501,Customer Service,2025-03-17 14:20:56,Resolved,3,Medium
8918,16695,Call Drop,2026-07-24 23:25:14,Open,,Low
8919,30169,SIM Activation,2024-07-26 22:20:16,Escalated,,Low
8920,29484,SIM Activation,2025-08-09 00:07:13,Closed,6,Medium
8921,25613,Network Issue,2024-03-15 01:04:14,In Progress,,Low
8922,11176,Billing Dispute,2026-07-18 01:11:23,Open,,Medium
8923,25925,Call Drop,2026-04-02 20:36:12,Open,,Medium
8924,36213,Recharge Failure,2023-08-20 02:11:20,Open,,Critical
8925,32624,Data Not Working,2025-02-28 16:52:27,In Progress,,Medium
8926,20721,Network Issue,2025-11-03 16:38:42,In Progress,,Medium
8927,24842,Wrong Plan Charged,2023-07-08 14:34:17,Closed,7,Critical
8928,13810,Wrong Plan Charged,2025-07-05 21:58:58,Escalated,,Medium
8929,1152,Refund Request,2025-05-10 09:04:23,Resolved,1,Critical
8930,30543,Billing Dispute,2023-01-18 19:33:47,Closed,14,High
8931,14694,Call Drop,2025-05-30 00:55:55,In Progress,,Medium
8932,2072,Billing Dispute,2023-04-12 09:39:08,Closed,6,Medium
8933,8048,Billing Dispute,2023-09-25 09:54:19,Open,,High
8934,16168,Network Issue,2026-03-17 01:50:02,Escalated,,Critical
8935,39205,SIM Activation,2023-12-23 12:55:50,Closed,11,High
8936,28818,Slow Internet,2023-05-19 04:33:45,Closed,0,Critical
8937,20330,Network Issue,2023-11-29 17:11:00,Escalated,,Low
8938,3314,SIM Activation,2025-11-09 09:07:06,In Progress,,High
8939,20459,Porting Issue,2024-01-14 09:03:20,Escalated,,Medium
8940,1247,Slow Internet,2025-11-08 18:48:01,Closed,12,Low
8941,49690,Porting Issue,2026-06-17 03:55:29,Open,,Medium
8942,20415,Recharge Failure,2025-11-18 12:13:22,Resolved,6,High
8943,34618,Refund Request,2023-12-28 21:38:47,Escalated,,High
8944,47443,Slow Internet,2023-10-08 15:56:57,Escalated,,High
8945,49663,SIM Activation,2023-10-31 06:47:40,Escalated,,Medium
8946,28441,Billing Dispute,2025-04-08 23:46:23,Resolved,2,Low
8947,2262,SIM Activation,2024-02-22 23:24:11,In Progress,,High
8948,38440,Customer Service,2026-07-04 13:35:36,Open,,Medium
8949,7005,SIM Activation,2025-01-07 20:29:22,Escalated,,Medium
8950,33038,Refund Request,2023-06-09 09:59:32,Resolved,11,Medium
8951,11556,Customer Service,2026-05-08 05:02:07,Closed,11,Low
8952,5382,Refund Request,2026-01-28 00:30:12,Resolved,12,Critical
8953,44076,Billing Dispute,2024-10-01 05:47:03,Resolved,4,High
8954,30975,Refund Request,2023-11-27 11:22:28,Open,,Low
8955,15006,Network Issue,2025-05-19 05:10:08,Closed,1,Critical
8956,32254,Signal Not Available,2025-09-06 12:03:45,Closed,11,Medium
8957,41496,Signal Not Available,2024-06-09 16:54:51,Open,,High
8958,34458,Slow Internet,2025-03-23 06:58:55,Escalated,,Critical
8959,16340,Slow Internet,2025-02-01 03:02:46,Escalated,,Low
8960,47777,Network Issue,2023-03-04 18:32:39,Resolved,13,High
8961,24556,Signal Not Available,2024-11-20 03:41:07,Resolved,10,High
8962,23257,SIM Activation,2024-11-23 07:01:25,In Progress,,Medium
8963,26139,Data Not Working,2023-03-09 04:49:52,Resolved,6,Low
8964,38324,Data Not Working,2024-12-26 12:51:17,Escalated,,Medium
8965,31486,Billing Dispute,2024-09-20 00:59:07,In Progress,,Critical
8966,37289,Data Not Working,2025-10-31 05:02:03,In Progress,,High
8967,42611,Refund Request,2025-03-25 21:33:42,In Progress,,Critical
8968,4885,Porting Issue,2025-06-30 11:06:12,Open,,High
8969,17362,Call Drop,2025-01-04 04:51:08,Closed,13,Low
8970,29095,Wrong Plan Charged,2026-07-05 04:22:23,Escalated,,Medium
8971,15114,Billing Dispute,2026-03-09 22:22:46,Escalated,,Low
8972,48207,Network Issue,2025-05-26 22:14:53,Resolved,3,Low
8973,1693,Wrong Plan Charged,2025-12-05 17:55:49,Open,,Medium
8974,1729,Call Drop,2024-04-23 10:44:28,Resolved,2,Low
8975,14215,SIM Activation,2024-06-14 00:16:15,Closed,3,Medium
8976,32321,Slow Internet,2024-12-30 10:38:10,Open,,Low
8977,15949,Porting Issue,2023-04-03 17:31:36,Closed,11,Critical
8978,29933,SIM Activation,2024-11-20 21:55:02,Open,,High
8979,19260,Customer Service,2025-12-17 12:57:00,Resolved,12,High
8980,48183,Porting Issue,2023-11-28 04:37:32,Resolved,14,Low
8981,22873,Wrong Plan Charged,2025-03-01 06:13:37,Closed,8,Critical
8982,46524,Refund Request,2024-01-18 05:44:54,Open,,Low
8983,28702,Call Drop,2024-01-26 02:07:49,Closed,2,High
8984,28690,Porting Issue,2023-06-24 04:06:54,Closed,12,Low
8985,33723,Signal Not Available,2023-08-30 01:47:00,Resolved,10,Critical
8986,43085,Signal Not Available,2025-07-27 09:15:43,Escalated,,Critical
8987,28092,Network Issue,2023-07-22 03:58:33,Escalated,,Critical
8988,9221,Wrong Plan Charged,2026-02-24 08:32:31,Closed,6,High
8989,34192,Network Issue,2025-11-24 18:44:41,Closed,11,Low
8990,39667,Network Issue,2023-08-02 12:04:45,In Progress,,Critical
8991,21739,Slow Internet,2023-02-10 10:25:53,Resolved,9,High
8992,20923,Call Drop,2024-01-28 19:06:48,Resolved,3,Critical
8993,14079,Billing Dispute,2023-10-02 07:01:35,In Progress,,Medium
8994,24087,Customer Service,2023-05-02 04:25:27,In Progress,,High
8995,42699,Wrong Plan Charged,2026-02-17 00:35:56,Closed,4,High
8996,42597,Slow Internet,2026-02-25 20:10:56,Resolved,3,High
8997,17097,Billing Dispute,2023-06-12 11:14:29,Closed,8,Low
8998,10867,Billing Dispute,2024-05-12 07:27:24,In Progress,,Critical
8999,18363,Customer Service,2023-01-01 22:47:13,Resolved,0,High
9000,23534,Data Not Working,2023-07-11 20:43:24,In Progress,,Medium
9001,43198,Signal Not Available,2024-10-15 07:49:47,Closed,12,Critical
9002,11932,Wrong Plan Charged,2024-02-22 16:12:45,In Progress,,Medium
9003,18265,SIM Activation,2024-12-08 14:57:40,Resolved,12,Critical
9004,48333,Recharge Failure,2025-06-17 01:17:59,Escalated,,Low
9005,44595,Signal Not Available,2024-02-17 03:18:55,In Progress,,High
9006,26940,Porting Issue,2024-08-31 09:05:17,Closed,4,Medium
9007,47552,Customer Service,2024-03-01 19:55:27,Resolved,12,Low
9008,44364,Network Issue,2025-08-14 02:52:03,Closed,14,Medium
9009,5387,Wrong Plan Charged,2024-06-19 15:08:28,Closed,3,Medium
9010,24638,Billing Dispute,2026-06-18 22:57:40,Escalated,,Medium
9011,17411,Wrong Plan Charged,2024-09-05 15:45:18,Open,,High
9012,9203,Wrong Plan Charged,2026-05-03 21:32:42,Closed,10,Low
9013,41366,Billing Dispute,2026-02-09 10:44:05,Escalated,,Medium
9014,19117,Porting Issue,2024-02-05 09:42:06,Escalated,,Low
9015,11730,Slow Internet,2024-03-06 03:35:47,Closed,4,Critical
9016,26922,Network Issue,2025-09-12 21:25:52,Open,,Critical
9017,31055,Signal Not Available,2023-09-02 08:50:23,In Progress,,Critical
9018,40400,Recharge Failure,2025-03-07 20:42:59,Closed,12,Medium
9019,34987,Recharge Failure,2023-05-21 02:21:13,In Progress,,Low
9020,13865,Billing Dispute,2025-01-06 15:22:24,Resolved,14,Low
9021,42871,Refund Request,2025-08-15 11:54:35,Closed,10,Critical
9022,4925,Slow Internet,2025-09-15 13:18:57,In Progress,,Low
9023,15891,Customer Service,2026-02-27 03:24:57,Closed,3,High
9024,6360,Recharge Failure,2025-10-12 08:10:59,Closed,0,Critical
9025,42012,Wrong Plan Charged,2024-09-08 11:09:10,In Progress,,High
9026,14485,Call Drop,2023-05-07 15:11:15,Closed,0,High
9027,9642,Recharge Failure,2026-06-17 11:19:43,Closed,3,Medium
9028,29501,Wrong Plan Charged,2024-12-22 00:28:52,In Progress,,Low
9029,22515,Slow Internet,2023-01-25 22:16:21,Resolved,2,Low
9030,15504,Billing Dispute,2023-04-26 22:36:59,Closed,0,Critical
9031,11878,Data Not Working,2024-03-08 22:27:41,Escalated,,Medium
9032,31222,Network Issue,2025-11-21 15:51:56,Escalated,,Critical
9033,7002,Slow Internet,2025-07-27 03:06:52,Closed,12,High
9034,4930,Billing Dispute,2024-03-13 17:20:23,Escalated,,High
9035,41211,Data Not Working,2024-07-25 13:03:02,In Progress,,Low
9036,47740,Signal Not Available,2024-10-01 14:53:54,Escalated,,Medium
9037,5659,Signal Not Available,2025-10-30 07:13:39,In Progress,,High
9038,18778,Network Issue,2024-10-04 18:06:36,In Progress,,Critical
9039,15009,Billing Dispute,2026-05-25 06:40:53,Closed,12,Medium
9040,34895,Signal Not Available,2023-04-24 21:52:26,Open,,Critical
9041,46811,Network Issue,2023-07-23 08:12:38,Closed,6,Medium
9042,2691,Network Issue,2023-06-18 10:57:34,Escalated,,Medium
9043,27537,Slow Internet,2024-08-07 19:30:27,Open,,Low
9044,18335,Recharge Failure,2026-02-28 15:17:00,Open,,Critical
9045,43991,Porting Issue,2026-04-25 08:22:25,Resolved,9,Low
9046,3115,SIM Activation,2023-01-30 05:50:33,In Progress,,Low
9047,1621,Data Not Working,2025-10-22 19:52:11,Open,,Low
9048,21691,Billing Dispute,2023-05-07 18:57:14,Open,,Critical
9049,23571,Wrong Plan Charged,2023-05-17 12:56:14,In Progress,,Critical
9050,11869,Data Not Working,2026-06-15 13:22:25,Open,,Low
9051,7203,Call Drop,2026-07-11 00:41:06,In Progress,,High
9052,34700,Network Issue,2023-02-10 05:18:39,Resolved,11,Low
9053,27254,Wrong Plan Charged,2024-02-14 07:57:17,Escalated,,Medium
9054,1949,Call Drop,2024-05-09 15:39:57,Escalated,,Medium
9055,33060,Network Issue,2023-10-19 23:17:11,In Progress,,High
9056,27809,Recharge Failure,2025-10-23 08:53:57,In Progress,,Critical
9057,19407,Customer Service,2026-04-20 09:54:49,Escalated,,High
9058,16056,Call Drop,2025-05-26 23:56:16,In Progress,,Medium
9059,40080,Porting Issue,2026-03-14 03:13:41,Escalated,,High
9060,11368,Porting Issue,2024-10-20 22:30:39,Escalated,,Medium
9061,46026,Signal Not Available,2025-06-18 05:25:45,Closed,5,High
9062,44437,Wrong Plan Charged,2024-09-05 21:47:22,Escalated,,Low
9063,27543,Customer Service,2025-07-18 12:00:59,In Progress,,High
9064,12732,Slow Internet,2023-08-17 13:11:02,Open,,Medium
9065,37846,Network Issue,2024-10-29 11:41:42,Escalated,,Low
9066,22769,Data Not Working,2023-02-06 16:59:03,Escalated,,Critical
9067,23505,Billing Dispute,2025-05-18 00:23:19,Resolved,4,Medium
9068,34186,Customer Service,2023-12-25 08:13:13,Resolved,8,Critical
9069,32009,Wrong Plan Charged,2023-04-29 14:49:15,Closed,2,Low
9070,42648,Call Drop,2025-10-23 05:42:44,Resolved,5,Medium
9071,26995,Slow Internet,2023-10-15 03:53:30,Closed,11,Medium
9072,16492,Signal Not Available,2023-12-17 21:17:16,Resolved,9,High
9073,7775,SIM Activation,2025-01-16 01:09:52,Resolved,0,Low
9074,28906,Refund Request,2026-04-08 22:58:35,Open,,Medium
9075,34570,Wrong Plan Charged,2024-04-24 05:14:43,Open,,High
9076,15922,Porting Issue,2023-02-23 10:24:46,Closed,0,Low
9077,1782,SIM Activation,2025-10-17 21:09:07,Closed,7,Low
9078,31006,Porting Issue,2026-01-27 12:21:50,Resolved,4,Critical
9079,29501,Billing Dispute,2024-09-04 15:10:41,Closed,13,High
9080,34821,Network Issue,2024-01-28 21:56:14,Open,,Critical
9081,49706,Recharge Failure,2025-08-08 21:05:32,In Progress,,High
9082,694,Wrong Plan Charged,2026-04-27 16:48:12,Closed,12,Medium
9083,31217,Recharge Failure,2023-12-01 20:44:07,Closed,10,Low
9084,6902,Recharge Failure,2024-08-06 23:58:06,Escalated,,Medium
9085,40008,Call Drop,2025-11-03 19:16:26,Closed,15,Medium
9086,2705,Call Drop,2025-03-17 01:08:15,Escalated,,High
9087,15431,Call Drop,2023-11-11 17:44:07,In Progress,,High
9088,26394,Network Issue,2025-11-07 01:51:07,In Progress,,Medium
9089,25357,SIM Activation,2026-02-10 04:30:28,Escalated,,High
9090,24378,Customer Service,2024-03-16 04:22:56,Closed,4,Critical
9091,983,Data Not Working,2024-03-12 16:18:18,Resolved,14,Low
9092,2435,Wrong Plan Charged,2023-01-18 06:10:33,Open,,Critical
9093,13288,Call Drop,2026-04-06 16:27:17,Resolved,0,Medium
9094,7390,Network Issue,2024-10-28 02:24:11,Open,,Critical
9095,12778,Wrong Plan Charged,2026-03-24 15:50:06,Closed,2,Critical
9096,6683,Refund Request,2024-02-20 04:55:55,Resolved,11,Critical
9097,45074,Data Not Working,2024-04-28 22:55:23,Closed,15,Critical
9098,16720,Refund Request,2025-03-30 22:02:22,Closed,9,High
9099,18650,Refund Request,2023-12-20 09:28:37,Resolved,6,Low
9100,47833,Customer Service,2024-08-07 22:20:59,Open,,Low
9101,31870,Customer Service,2024-01-07 20:04:09,Escalated,,Low
9102,15744,Wrong Plan Charged,2026-02-24 12:29:50,Closed,9,Critical
9103,47630,Billing Dispute,2023-01-19 07:53:43,In Progress,,Critical
9104,17546,SIM Activation,2023-12-23 01:58:23,Resolved,8,Low
9105,37210,Porting Issue,2026-01-15 03:10:18,In Progress,,High
9106,2757,SIM Activation,2025-03-19 17:50:32,Open,,High
9107,14841,Billing Dispute,2024-05-08 14:21:18,Closed,5,High
9108,37973,Recharge Failure,2023-06-24 18:36:29,Closed,1,Critical
9109,7350,Billing Dispute,2023-10-06 07:34:55,Escalated,,High
9110,12385,Refund Request,2026-06-05 13:29:43,Resolved,4,Critical
9111,18623,SIM Activation,2023-12-09 20:12:33,Open,,Low
9112,19823,Porting Issue,2026-07-26 10:22:58,In Progress,,Critical
9113,14236,Porting Issue,2023-05-05 12:15:48,Closed,2,Medium
9114,41,Slow Internet,2026-06-09 15:23:21,Escalated,,Critical
9115,19594,Call Drop,2025-09-30 21:49:40,Escalated,,Critical
9116,46297,Porting Issue,2024-11-07 11:55:12,In Progress,,Low
9117,9338,Signal Not Available,2026-06-03 13:34:55,Closed,4,Critical
9118,17451,Data Not Working,2024-12-31 20:15:44,Resolved,3,High
9119,10586,Billing Dispute,2024-05-13 00:46:56,Open,,Low
9120,32437,Network Issue,2023-07-09 09:20:07,Resolved,9,High
9121,27884,Signal Not Available,2023-10-18 03:17:29,Escalated,,High
9122,17204,Recharge Failure,2023-12-14 13:07:58,Resolved,1,Critical
9123,22423,Signal Not Available,2024-05-16 15:34:17,In Progress,,High
9124,43936,Recharge Failure,2024-03-11 13:23:41,Open,,Medium
9125,24630,Signal Not Available,2025-05-01 13:55:51,Escalated,,Low
9126,40082,Recharge Failure,2026-06-10 14:51:21,In Progress,,High
9127,36930,Refund Request,2023-06-18 03:59:17,Closed,4,Critical
9128,24263,SIM Activation,2025-12-26 03:53:45,In Progress,,High
9129,48210,Recharge Failure,2025-04-15 12:15:43,In Progress,,Low
9130,34638,Recharge Failure,2023-01-19 03:15:57,Open,,Critical
9131,23285,Customer Service,2023-04-03 13:05:25,Escalated,,Medium
9132,16390,Network Issue,2025-05-24 02:44:43,Escalated,,Low
9133,44457,Call Drop,2023-06-15 17:40:26,Closed,13,Medium
9134,14627,Wrong Plan Charged,2024-01-20 09:31:59,Escalated,,Medium
9135,20410,Data Not Working,2024-10-16 05:53:32,Escalated,,Medium
9136,47867,Refund Request,2026-05-25 22:55:22,Escalated,,High
9137,30039,Slow Internet,2024-03-27 07:31:07,Open,,High
9138,42638,SIM Activation,2023-08-23 20:21:42,Closed,7,Critical
9139,820,Customer Service,2026-06-08 09:38:13,Resolved,1,High
9140,5739,Network Issue,2025-11-19 23:20:41,Escalated,,Low
9141,48843,Billing Dispute,2024-07-30 00:33:56,Resolved,14,High
9142,15927,Data Not Working,2023-06-02 21:02:12,Resolved,2,Medium
9143,17570,Billing Dispute,2023-12-30 20:10:57,Closed,6,Low
9144,47844,Refund Request,2025-01-07 10:24:45,Resolved,8,Medium
9145,27876,Billing Dispute,2023-06-30 16:23:03,Escalated,,High
9146,31674,Billing Dispute,2025-03-20 11:16:14,Open,,Medium
9147,43153,Network Issue,2024-11-11 18:06:30,In Progress,,Critical
9148,19510,SIM Activation,2025-11-14 01:11:37,Resolved,2,Critical
9149,22440,Signal Not Available,2025-03-27 16:11:02,Closed,2,High
9150,6010,Recharge Failure,2023-04-24 11:35:39,Escalated,,Critical
9151,44137,Porting Issue,2023-02-19 05:03:25,Resolved,15,High
9152,30878,Recharge Failure,2024-07-08 06:45:40,Open,,Low
9153,23724,SIM Activation,2024-10-26 23:49:36,Open,,Medium
9154,12851,Customer Service,2024-01-18 03:57:34,In Progress,,Low
9155,13130,Customer Service,2026-01-26 09:13:40,Open,,Low
9156,35004,Recharge Failure,2023-07-19 21:59:08,Escalated,,High
9157,4575,Signal Not Available,2026-03-04 11:56:23,Escalated,,High
9158,23704,Recharge Failure,2026-03-12 06:56:52,Closed,8,High
9159,42417,Data Not Working,2025-10-01 05:45:01,Closed,3,High
9160,39528,Wrong Plan Charged,2023-04-27 15:13:09,Closed,0,Medium
9161,29254,Customer Service,2025-08-14 07:39:48,Closed,6,Medium
9162,29127,Signal Not Available,2024-01-04 13:06:04,In Progress,,High
9163,14607,SIM Activation,2023-03-05 22:51:56,Resolved,7,Critical
9164,25985,Wrong Plan Charged,2024-07-15 19:37:45,Open,,High
9165,767,Call Drop,2025-12-28 05:05:45,Closed,11,High
9166,11356,Customer Service,2025-09-18 04:16:17,Escalated,,Medium
9167,26278,Data Not Working,2026-07-03 05:44:04,Closed,1,Low
9168,3123,Refund Request,2024-07-10 11:13:23,Open,,High
9169,25755,Signal Not Available,2024-02-23 23:25:03,Resolved,12,Medium
9170,41346,Porting Issue,2024-01-21 03:27:46,In Progress,,High
9171,39155,Wrong Plan Charged,2024-03-10 14:30:19,Closed,15,High
9172,24013,Network Issue,2024-03-11 22:23:01,Escalated,,Medium
9173,1732,Call Drop,2024-08-05 01:44:16,Resolved,15,High
9174,11994,Slow Internet,2025-03-06 16:31:49,In Progress,,High
9175,9128,Signal Not Available,2024-08-17 21:16:55,Open,,Critical
9176,26852,Data Not Working,2024-06-28 23:14:24,Resolved,3,Medium
9177,46511,Signal Not Available,2025-07-17 13:52:51,In Progress,,Low
9178,9298,Customer Service,2023-10-24 12:08:37,Resolved,15,Critical
9179,19964,Wrong Plan Charged,2026-07-17 21:24:04,Escalated,,Critical
9180,6529,SIM Activation,2026-07-14 13:59:13,In Progress,,Critical
9181,5484,Billing Dispute,2023-05-26 19:18:34,Escalated,,Low
9182,12821,Recharge Failure,2024-02-06 11:59:12,Escalated,,High
9183,39789,Data Not Working,2023-01-26 19:47:34,In Progress,,High
9184,5271,Recharge Failure,2023-07-04 16:49:20,In Progress,,Low
9185,406,Billing Dispute,2026-04-02 15:35:32,Closed,1,High
9186,21703,Signal Not Available,2025-04-06 19:19:31,Open,,Low
9187,40527,SIM Activation,2023-07-03 07:00:52,Closed,13,Low
9188,26796,Refund Request,2024-09-21 23:43:27,Escalated,,Low
9189,28042,Customer Service,2024-01-07 16:19:14,In Progress,,High
9190,30103,Slow Internet,2024-08-19 01:00:39,In Progress,,Critical
9191,33274,Signal Not Available,2024-04-01 08:47:27,Open,,Medium
9192,46898,Call Drop,2026-01-05 20:16:57,Resolved,14,High
9193,48988,Recharge Failure,2025-12-07 21:53:55,Escalated,,Low
9194,46607,Data Not Working,2023-11-05 22:41:17,Open,,Medium
9195,6461,Porting Issue,2023-04-16 17:50:03,In Progress,,High
9196,37451,Data Not Working,2026-06-20 23:49:26,Escalated,,High
9197,34142,Refund Request,2025-02-12 17:05:13,Escalated,,Low
9198,46508,Billing Dispute,2023-06-23 17:07:15,In Progress,,Low
9199,34967,SIM Activation,2026-04-02 06:28:33,Closed,7,Medium
9200,40936,Billing Dispute,2023-08-08 07:05:44,Escalated,,Medium
9201,45752,Data Not Working,2024-04-03 18:36:38,In Progress,,High
9202,1469,Slow Internet,2024-01-11 04:37:18,Escalated,,High
9203,22064,Porting Issue,2024-08-16 15:47:33,In Progress,,Low
9204,11673,Recharge Failure,2026-01-06 22:38:35,Closed,1,High
9205,37906,Refund Request,2023-08-18 19:59:56,Closed,0,High
9206,13336,Network Issue,2024-07-04 10:49:16,Resolved,14,Low
9207,34494,Call Drop,2025-05-12 05:19:49,Resolved,11,Medium
9208,27822,Signal Not Available,2026-07-07 09:50:17,Resolved,13,Medium
9209,22,Data Not Working,2026-03-29 03:00:53,In Progress,,Critical
9210,38352,Network Issue,2025-01-21 02:19:49,Closed,8,Critical
9211,44304,Recharge Failure,2023-02-21 13:48:50,Resolved,10,Medium
9212,45239,Refund Request,2024-05-12 04:49:39,In Progress,,Low
9213,40124,Billing Dispute,2024-05-26 02:58:04,Escalated,,Critical
9214,48896,Signal Not Available,2023-03-24 11:51:05,Open,,High
9215,18266,Billing Dispute,2024-01-16 07:12:41,Escalated,,Low
9216,22033,Slow Internet,2025-11-26 20:00:31,Closed,10,High
9217,48860,Signal Not Available,2025-10-30 12:56:37,Open,,Medium
9218,14048,Data Not Working,2025-11-19 09:42:56,Escalated,,Medium
9219,4374,SIM Activation,2025-05-27 08:16:59,Escalated,,Critical
9220,28151,Porting Issue,2023-07-09 08:51:05,In Progress,,Low
9221,43789,Billing Dispute,2025-03-20 12:00:18,Resolved,4,Low
9222,6823,Refund Request,2025-04-12 09:30:00,Open,,Critical
9223,2839,Call Drop,2025-05-24 08:13:22,In Progress,,Critical
9224,9333,SIM Activation,2023-06-03 17:12:25,Resolved,3,Medium
9225,24616,Recharge Failure,2025-08-02 19:21:16,Closed,12,Low
9226,35648,Signal Not Available,2026-06-03 05:56:05,Resolved,2,Medium
9227,614,Slow Internet,2024-04-20 15:55:09,Open,,High
9228,32987,Billing Dispute,2026-04-13 04:02:25,Closed,11,Low
9229,36210,Call Drop,2025-05-11 11:16:06,Closed,2,Critical
9230,48957,Signal Not Available,2024-01-31 13:26:54,Resolved,4,Critical
9231,864,Slow Internet,2023-05-14 07:19:50,Open,,High
9232,45679,Refund Request,2025-06-29 03:14:56,Closed,12,Low
9233,49565,Data Not Working,2024-01-29 05:03:13,Escalated,,Critical
9234,14009,Recharge Failure,2025-03-08 05:54:33,Escalated,,Critical
9235,30497,Call Drop,2024-12-05 19:15:08,Open,,High
9236,21701,Customer Service,2024-09-23 10:31:38,Open,,Critical
9237,13297,Signal Not Available,2024-05-16 01:05:14,Closed,10,High
9238,2725,Signal Not Available,2025-05-23 09:09:03,In Progress,,Low
9239,11092,Network Issue,2025-05-21 10:06:10,Open,,Medium
9240,16325,Network Issue,2023-10-29 08:24:18,Resolved,5,Medium
9241,15713,Porting Issue,2023-08-19 13:09:46,Open,,Low
9242,29227,Recharge Failure,2023-12-07 00:03:49,Closed,7,Low
9243,28623,SIM Activation,2025-04-24 11:33:48,Open,,Critical
9244,19678,Refund Request,2025-04-24 00:23:59,Escalated,,High
9245,18212,Call Drop,2024-08-14 23:19:54,Closed,2,Critical
9246,25576,Signal Not Available,2026-06-04 02:05:29,In Progress,,Critical
9247,14306,Porting Issue,2025-05-18 02:23:11,Open,,Critical
9248,26149,SIM Activation,2024-09-14 04:37:31,In Progress,,Critical
9249,44016,Billing Dispute,2025-01-27 18:18:48,Closed,15,Medium
9250,43346,SIM Activation,2025-04-19 16:52:11,Resolved,15,Low
9251,35806,Porting Issue,2024-03-12 01:44:11,Resolved,10,Critical
9252,30421,Slow Internet,2026-07-01 20:05:26,In Progress,,Low
9253,23246,Network Issue,2025-06-22 15:43:58,Open,,High
9254,10676,Refund Request,2026-03-16 23:13:13,Escalated,,High
9255,36945,Slow Internet,2025-08-02 15:36:12,Escalated,,Low
9256,5875,Refund Request,2023-08-15 16:50:59,Open,,Medium
9257,28042,Wrong Plan Charged,2025-06-23 02:46:54,In Progress,,Critical
9258,38589,Customer Service,2026-07-21 01:03:36,In Progress,,Critical
9259,6330,Slow Internet,2023-06-07 03:29:27,Resolved,11,Critical
9260,22381,Call Drop,2024-06-13 14:54:02,In Progress,,Medium
9261,35047,Porting Issue,2023-04-28 13:11:11,Open,,Medium
9262,28922,Porting Issue,2026-07-11 00:04:58,Open,,Medium
9263,15701,Slow Internet,2025-11-14 18:47:59,Closed,11,High
9264,26828,Recharge Failure,2025-08-31 01:53:13,Resolved,12,Critical
9265,29520,Customer Service,2023-07-25 20:04:09,In Progress,,Critical
9266,35508,Porting Issue,2025-02-17 03:57:50,Resolved,8,Critical
9267,4885,Data Not Working,2024-05-05 12:10:37,Closed,6,Medium
9268,47881,Customer Service,2024-08-28 16:48:43,Escalated,,Low
9269,47833,Recharge Failure,2023-02-12 09:15:16,Closed,10,Medium
9270,1247,Customer Service,2024-09-01 13:43:03,In Progress,,Medium
9271,11834,SIM Activation,2026-01-19 03:28:59,In Progress,,Critical
9272,7667,Slow Internet,2025-11-08 01:10:54,Open,,Critical
9273,39607,Slow Internet,2024-09-28 04:37:07,In Progress,,Medium
9274,29023,Porting Issue,2025-11-11 15:05:49,Resolved,4,Low
9275,36095,Call Drop,2024-07-29 13:29:33,Open,,High
9276,43404,SIM Activation,2024-07-27 12:56:53,Escalated,,Medium
9277,39886,Customer Service,2024-01-31 19:52:32,Open,,Low
9278,42066,Call Drop,2025-01-17 12:39:01,Open,,Critical
9279,1509,SIM Activation,2025-07-15 05:18:36,Escalated,,Low
9280,17999,Call Drop,2024-04-12 19:39:59,Open,,Low
9281,33539,Signal Not Available,2026-06-19 12:26:55,Open,,Critical
9282,20948,Network Issue,2023-09-30 13:34:55,Escalated,,High
9283,34845,Signal Not Available,2024-04-06 14:15:28,Escalated,,Medium
9284,12447,Slow Internet,2025-09-16 15:11:55,Escalated,,Critical
9285,3723,Customer Service,2024-02-19 09:51:49,Open,,High
9286,42287,Call Drop,2024-05-27 21:34:26,Open,,Low
9287,31295,Wrong Plan Charged,2024-04-11 17:46:01,Closed,4,Critical
9288,46445,Data Not Working,2023-01-16 15:43:22,Open,,Critical
9289,21599,Data Not Working,2025-06-25 12:22:30,In Progress,,High
9290,12290,SIM Activation,2026-06-04 18:00:41,Escalated,,Medium
9291,15356,Refund Request,2025-07-13 05:50:54,Open,,High
9292,21957,Recharge Failure,2024-02-22 05:21:08,Open,,Low
9293,35928,Call Drop,2024-07-22 22:32:06,In Progress,,Medium
9294,21193,Porting Issue,2024-02-03 18:17:10,In Progress,,Critical
9295,3436,Call Drop,2025-10-03 11:26:02,Open,,Low
9296,33331,Refund Request,2025-08-14 04:46:25,Closed,4,High
9297,38535,Customer Service,2026-05-20 13:25:56,Open,,Critical
9298,7828,SIM Activation,2026-01-03 22:15:10,Open,,Critical
9299,21072,Customer Service,2024-01-27 07:23:27,Resolved,2,Medium
9300,44427,Refund Request,2025-12-25 16:18:59,Resolved,4,Medium
9301,4894,Signal Not Available,2024-05-30 00:35:26,Closed,5,High
9302,1155,Billing Dispute,2023-05-24 13:28:30,In Progress,,Critical
9303,34263,Slow Internet,2024-01-06 21:42:01,In Progress,,High
9304,45858,Signal Not Available,2023-06-21 06:55:29,In Progress,,Medium
9305,16500,Billing Dispute,2025-07-26 04:24:13,Escalated,,Low
9306,42711,Porting Issue,2023-02-16 11:46:25,Resolved,4,Critical
9307,11935,Refund Request,2023-10-17 05:13:02,Escalated,,High
9308,41916,Call Drop,2024-08-12 17:26:20,Open,,High
9309,646,Call Drop,2026-06-23 22:22:28,Escalated,,High
9310,34202,Network Issue,2025-10-01 17:34:46,Resolved,15,Critical
9311,9876,SIM Activation,2025-02-25 13:45:13,Escalated,,High
9312,21281,Slow Internet,2023-01-12 09:52:43,In Progress,,High
9313,716,Customer Service,2023-04-24 17:22:44,Escalated,,Low
9314,49083,SIM Activation,2023-07-16 08:37:49,Resolved,1,Critical
9315,45090,Refund Request,2026-07-20 12:50:12,Resolved,7,Low
9316,17761,Slow Internet,2025-03-25 03:41:39,Open,,High
9317,23184,Refund Request,2023-05-22 08:09:02,Escalated,,Low
9318,12961,Network Issue,2024-12-08 11:50:30,Closed,6,Critical
9319,33527,Billing Dispute,2025-07-17 03:06:12,Escalated,,High
9320,20412,Signal Not Available,2025-07-30 13:35:57,In Progress,,Critical
9321,48019,Call Drop,2025-03-22 21:49:29,Resolved,4,Medium
9322,343,Wrong Plan Charged,2023-06-09 13:32:10,Resolved,11,High
9323,30851,Network Issue,2026-02-10 17:23:08,Closed,7,Medium
9324,1260,Slow Internet,2024-01-21 08:26:54,Resolved,13,Critical
9325,38050,Billing Dispute,2025-10-26 20:43:47,Resolved,1,Medium
9326,11990,Call Drop,2024-08-14 10:10:26,Resolved,8,Medium
9327,41970,Wrong Plan Charged,2025-09-06 15:12:39,Resolved,14,Critical
9328,30790,Call Drop,2026-05-04 08:10:29,Open,,High
9329,16988,Call Drop,2023-12-19 20:36:23,Escalated,,Critical
9330,28143,Porting Issue,2024-01-15 16:21:12,Resolved,11,High
9331,20174,Slow Internet,2024-05-18 12:01:08,Open,,Critical
9332,39922,Billing Dispute,2023-08-08 20:20:28,Closed,8,Low
9333,4555,Recharge Failure,2024-12-24 02:03:03,Closed,11,High
9334,3547,Call Drop,2023-12-22 15:54:26,In Progress,,Medium
9335,43250,Wrong Plan Charged,2023-12-27 09:48:21,Resolved,9,Critical
9336,38906,Porting Issue,2023-01-23 05:22:21,Resolved,8,Medium
9337,16008,SIM Activation,2024-04-08 04:40:08,In Progress,,Critical
9338,22702,SIM Activation,2024-08-09 07:58:14,Open,,Critical
9339,11653,Network Issue,2026-04-08 19:29:20,Closed,0,Critical
9340,31260,SIM Activation,2023-03-03 18:56:42,Closed,8,Medium
9341,20227,Refund Request,2025-07-11 21:47:20,Closed,13,Critical
9342,2308,Porting Issue,2025-11-05 17:04:58,Open,,Low
9343,18583,Recharge Failure,2025-04-29 11:00:25,Closed,8,Low
9344,7735,Signal Not Available,2025-04-16 03:58:45,Open,,High
9345,36753,SIM Activation,2024-10-18 17:21:01,Resolved,10,Critical
9346,47404,Customer Service,2024-05-31 09:32:47,Closed,12,Low
9347,22320,Network Issue,2026-06-16 23:46:18,Open,,Critical
9348,35585,Porting Issue,2025-06-01 15:06:22,In Progress,,Critical
9349,11569,Recharge Failure,2023-07-28 08:42:59,Open,,Critical
9350,32401,SIM Activation,2024-03-25 18:38:43,Closed,12,High
9351,2263,Billing Dispute,2026-05-11 13:34:45,Resolved,2,Medium
9352,14450,Signal Not Available,2025-08-06 20:54:31,Open,,Critical
9353,12873,Recharge Failure,2024-06-23 19:16:39,Escalated,,Critical
9354,44414,SIM Activation,2023-09-07 07:26:00,Closed,9,High
9355,19965,SIM Activation,2025-12-28 17:44:30,Resolved,2,Critical
9356,37483,Network Issue,2026-02-15 05:03:18,Closed,14,Medium
9357,22258,Signal Not Available,2023-10-14 16:41:14,Closed,7,Critical
9358,31283,Billing Dispute,2025-04-23 07:46:07,Resolved,6,Medium
9359,22190,Wrong Plan Charged,2024-10-30 21:23:35,Open,,Low
9360,3581,Porting Issue,2024-04-03 12:06:34,Resolved,10,High
9361,15784,Wrong Plan Charged,2026-01-06 03:06:51,Resolved,1,High
9362,5414,Billing Dispute,2023-02-15 04:32:28,Resolved,4,High
9363,19428,Signal Not Available,2023-12-11 01:26:03,Resolved,13,Low
9364,24662,Customer Service,2024-10-31 16:20:26,Open,,Critical
9365,41295,Call Drop,2023-04-14 06:16:32,In Progress,,High
9366,29146,Porting Issue,2023-06-08 06:45:10,Resolved,7,Medium
9367,36252,Recharge Failure,2024-07-26 14:57:54,In Progress,,Critical
9368,7963,Porting Issue,2023-02-11 16:05:02,Open,,Low
9369,44769,Slow Internet,2023-09-21 13:38:19,Closed,9,Medium
9370,9756,Refund Request,2024-08-11 19:36:54,Resolved,11,High
9371,8896,Call Drop,2024-03-20 04:08:15,Closed,15,Critical
9372,43055,Network Issue,2024-05-11 00:20:46,Open,,High
9373,37414,Customer Service,2026-06-21 21:50:47,Resolved,0,Medium
9374,38623,Customer Service,2024-11-24 00:41:04,Open,,Critical
9375,10101,SIM Activation,2024-09-17 21:30:40,Closed,3,High
9376,35703,Call Drop,2024-10-14 08:46:46,Closed,7,Critical
9377,7892,Network Issue,2025-12-09 07:09:21,Escalated,,High
9378,14066,Data Not Working,2023-04-09 01:26:35,Escalated,,Medium
9379,13233,Signal Not Available,2025-05-05 13:01:33,Resolved,7,Medium
9380,12111,Billing Dispute,2024-07-25 23:18:35,In Progress,,Medium
9381,36509,Wrong Plan Charged,2023-09-15 02:45:59,Open,,High
9382,32766,SIM Activation,2024-09-20 19:04:43,Escalated,,High
9383,44045,Customer Service,2025-08-12 18:11:55,In Progress,,High
9384,20100,Call Drop,2026-07-19 04:34:54,Resolved,14,Critical
9385,4728,Network Issue,2025-02-25 01:24:50,In Progress,,Critical
9386,715,Porting Issue,2023-05-20 01:44:15,Open,,High
9387,46320,Customer Service,2026-04-05 16:21:51,Open,,Low
9388,46492,SIM Activation,2025-06-16 11:10:56,Escalated,,Critical
9389,5911,Customer Service,2024-04-11 20:29:54,Escalated,,High
9390,11256,Billing Dispute,2023-06-06 00:30:26,Open,,Critical
9391,41565,Call Drop,2025-04-03 15:57:02,Closed,12,High
9392,37412,Signal Not Available,2023-10-13 20:57:58,Resolved,9,High
9393,2680,Wrong Plan Charged,2024-02-01 08:04:27,Escalated,,Low
9394,34496,Customer Service,2023-01-25 17:25:30,Closed,11,High
9395,48082,Refund Request,2024-04-05 23:18:25,Resolved,2,Low
9396,26864,Refund Request,2026-07-10 02:57:45,Open,,Critical
9397,33435,Signal Not Available,2026-03-27 09:42:34,Closed,15,Critical
9398,43077,Call Drop,2024-04-19 12:40:59,In Progress,,Critical
9399,7235,Refund Request,2025-02-01 16:55:57,Escalated,,Medium
9400,730,Billing Dispute,2024-10-11 19:23:03,Closed,15,High
9401,12589,SIM Activation,2023-07-27 14:19:54,Resolved,5,Low
9402,40778,Wrong Plan Charged,2023-03-04 18:34:52,Open,,Low
9403,41367,Data Not Working,2023-04-12 13:23:12,Closed,10,Critical
9404,40961,Signal Not Available,2026-06-04 04:56:21,In Progress,,Low
9405,26802,Refund Request,2025-11-12 00:12:40,Closed,12,Medium
9406,32478,SIM Activation,2023-01-11 10:38:46,Resolved,8,High
9407,40639,Slow Internet,2024-03-28 23:40:20,Open,,Medium
9408,8321,Customer Service,2023-08-26 18:46:41,Closed,4,Medium
9409,4858,Recharge Failure,2023-07-08 01:42:26,Escalated,,Medium
9410,3363,Slow Internet,2026-01-03 11:23:17,Open,,Critical
9411,42309,Recharge Failure,2026-07-19 17:46:32,In Progress,,Critical
9412,8627,Customer Service,2026-04-21 09:54:51,Escalated,,Critical
9413,33645,Porting Issue,2025-12-04 17:00:00,Open,,High
9414,49470,Recharge Failure,2024-12-11 16:43:30,Escalated,,Critical
9415,46735,SIM Activation,2026-04-11 19:32:37,Resolved,4,High
9416,47666,Signal Not Available,2023-01-06 09:32:39,Open,,High
9417,16096,Refund Request,2025-06-29 04:15:09,Closed,6,Medium
9418,16225,SIM Activation,2024-06-07 23:37:08,Open,,High
9419,20082,Recharge Failure,2025-01-31 05:25:05,Open,,Critical
9420,49439,Billing Dispute,2023-01-23 09:14:15,Escalated,,Medium
9421,44541,Data Not Working,2023-01-15 06:36:20,Open,,Low
9422,35490,Refund Request,2023-09-23 09:18:57,Open,,High
9423,49963,Recharge Failure,2024-09-17 15:46:08,Escalated,,High
9424,45044,Signal Not Available,2026-02-08 20:59:15,In Progress,,Medium
9425,25265,Porting Issue,2025-10-08 11:21:20,Open,,Critical
9426,18564,Network Issue,2024-05-01 17:20:52,Resolved,8,Low
9427,16214,Wrong Plan Charged,2023-09-05 11:45:21,Resolved,4,Critical
9428,13809,Customer Service,2024-07-02 09:02:33,In Progress,,Low
9429,33134,SIM Activation,2026-02-04 11:48:31,Resolved,14,High
9430,29792,SIM Activation,2023-06-23 07:12:52,In Progress,,Low
9431,32513,SIM Activation,2024-01-22 10:45:48,Escalated,,Critical
9432,46384,Network Issue,2025-03-16 22:10:42,In Progress,,Critical
9433,26020,Call Drop,2024-12-09 20:35:23,Closed,4,Medium
9434,18138,Slow Internet,2024-10-19 07:38:33,Open,,Critical
9435,39925,Refund Request,2025-02-08 15:25:06,Escalated,,High
9436,30875,Signal Not Available,2024-06-04 15:04:17,In Progress,,High
9437,24551,Call Drop,2026-06-19 06:36:39,Resolved,8,Low
9438,23619,Customer Service,2024-11-22 16:07:11,In Progress,,Low
9439,276,SIM Activation,2024-03-28 17:19:53,Resolved,14,Medium
9440,13353,Slow Internet,2025-12-17 09:00:11,Escalated,,High
9441,39111,Customer Service,2023-06-05 22:09:40,Closed,1,Low
9442,9380,Recharge Failure,2025-05-04 20:34:48,Closed,10,Medium
9443,43102,Slow Internet,2025-06-09 04:53:05,Resolved,11,Low
9444,17075,Refund Request,2024-02-09 16:04:57,Resolved,4,Critical
9445,29804,Call Drop,2025-12-09 07:23:25,Escalated,,High
9446,27744,Data Not Working,2023-10-29 10:41:44,Closed,11,Critical
9447,36237,Refund Request,2025-11-12 23:25:57,Closed,14,Low
9448,9351,Call Drop,2023-12-23 01:18:19,Resolved,4,Low
9449,49371,SIM Activation,2023-02-27 11:01:15,Closed,15,Low
9450,10533,SIM Activation,2023-10-13 08:05:08,Escalated,,Low
9451,17817,Billing Dispute,2024-01-18 09:26:07,Closed,5,Critical
9452,11523,Porting Issue,2024-09-02 00:02:43,In Progress,,Critical
9453,20944,Refund Request,2024-10-26 14:40:53,Escalated,,Medium
9454,38336,Signal Not Available,2023-04-27 15:51:07,Escalated,,Low
9455,6900,Wrong Plan Charged,2023-07-01 21:16:06,Open,,Medium
9456,14807,Data Not Working,2023-08-23 02:53:51,Open,,Low
9457,25475,Data Not Working,2023-07-29 19:19:49,Closed,7,High
9458,6141,Network Issue,2024-09-01 07:07:58,Closed,8,High
9459,11353,Customer Service,2024-05-05 23:52:02,Escalated,,High
9460,24924,Signal Not Available,2024-05-31 22:15:43,Resolved,15,Low
9461,21595,Signal Not Available,2025-01-27 07:43:23,Escalated,,High
9462,12704,Slow Internet,2024-02-08 06:06:13,Closed,1,Critical
9463,23175,Customer Service,2026-03-22 16:04:04,Escalated,,Low
9464,32748,Call Drop,2025-07-02 11:10:58,Open,,High
9465,4409,Porting Issue,2025-09-07 19:31:33,Escalated,,Critical
9466,37059,Wrong Plan Charged,2023-12-29 22:09:39,Escalated,,Low
9467,13230,Call Drop,2025-12-18 01:10:46,Closed,15,High
9468,5757,SIM Activation,2023-12-15 11:39:56,Resolved,14,High
9469,26981,Recharge Failure,2026-02-11 09:46:15,Open,,Critical
9470,25105,SIM Activation,2026-06-03 03:37:01,Resolved,1,Low
9471,17294,Refund Request,2023-11-19 13:07:17,Resolved,8,High
9472,38155,Data Not Working,2025-10-14 17:00:21,Closed,9,Low
9473,5990,Call Drop,2023-11-11 02:00:21,In Progress,,Medium
9474,48882,Customer Service,2023-05-26 11:20:08,Open,,High
9475,7758,Slow Internet,2026-06-09 04:18:58,In Progress,,Low
9476,30089,Signal Not Available,2026-06-26 18:40:51,Resolved,15,Critical
9477,30304,Call Drop,2024-10-07 01:21:27,Resolved,14,Low
9478,25568,Billing Dispute,2025-04-06 01:59:37,Resolved,15,Medium
9479,18276,Slow Internet,2023-04-26 02:31:43,Closed,7,Medium
9480,18415,Wrong Plan Charged,2023-05-05 23:23:50,Escalated,,Low
9481,25404,Network Issue,2024-12-20 11:37:26,Open,,High
9482,39380,Network Issue,2025-01-21 07:03:29,In Progress,,High
9483,14513,Slow Internet,2023-04-19 22:29:56,Resolved,10,High
9484,8208,Recharge Failure,2023-03-09 11:32:32,In Progress,,Medium
9485,16517,Customer Service,2024-12-23 22:59:57,In Progress,,Medium
9486,17344,Slow Internet,2024-10-08 21:27:37,In Progress,,Critical
9487,36181,Refund Request,2023-08-07 19:36:56,Closed,9,Low
9488,7792,Slow Internet,2026-01-15 03:10:26,Escalated,,Critical
9489,1033,Signal Not Available,2026-05-09 05:22:05,Open,,Critical
9490,19,Slow Internet,2025-07-28 16:09:36,In Progress,,High
9491,46035,Call Drop,2024-06-17 16:59:20,Escalated,,High
9492,29191,Slow Internet,2023-07-24 08:07:02,Closed,10,Critical
9493,7266,Slow Internet,2024-07-18 04:12:04,Open,,Medium
9494,24424,Wrong Plan Charged,2024-03-24 07:00:00,Resolved,1,High
9495,20746,Recharge Failure,2026-03-31 13:45:26,Escalated,,Critical
9496,7679,Call Drop,2025-12-26 15:53:01,Resolved,2,Medium
9497,638,Call Drop,2025-10-07 04:19:03,Escalated,,High
9498,34739,Refund Request,2024-09-16 14:16:18,Open,,Medium
9499,34156,Slow Internet,2025-05-02 18:01:39,Open,,Critical
9500,47935,Network Issue,2026-02-27 17:56:34,Escalated,,High
9501,43253,Customer Service,2024-03-07 09:06:12,Escalated,,High
9502,20053,Billing Dispute,2024-11-27 03:05:24,In Progress,,Low
9503,35184,Wrong Plan Charged,2024-05-05 19:36:03,In Progress,,Critical
9504,26794,Network Issue,2024-06-21 21:42:44,In Progress,,Low
9505,6365,Recharge Failure,2023-01-28 00:51:09,Escalated,,Low
9506,9806,Customer Service,2024-06-04 09:00:16,In Progress,,High
9507,49849,Data Not Working,2024-04-18 14:22:32,Open,,Critical
9508,6738,Signal Not Available,2024-03-28 20:31:11,Resolved,8,Medium
9509,49258,Network Issue,2025-03-03 00:44:54,Resolved,4,Medium
9510,30414,Refund Request,2023-08-31 00:58:28,Escalated,,High
9511,10327,Data Not Working,2023-12-15 18:05:31,In Progress,,Low
9512,45007,Customer Service,2024-09-28 07:08:13,Open,,Low
9513,11669,Refund Request,2025-11-22 15:31:14,Resolved,13,Critical
9514,43284,Porting Issue,2025-09-13 11:26:46,In Progress,,Low
9515,38528,Porting Issue,2025-07-18 03:59:07,Closed,5,Critical
9516,44695,Wrong Plan Charged,2024-06-15 23:16:35,Escalated,,Low
9517,4105,Signal Not Available,2025-04-18 10:47:29,Open,,High
9518,17625,Signal Not Available,2024-08-18 15:04:52,Closed,14,Medium
9519,2075,Porting Issue,2025-07-27 11:41:05,Closed,9,Medium
9520,29348,Billing Dispute,2025-06-11 05:05:34,Resolved,12,High
9521,37951,Call Drop,2026-05-22 12:50:02,Resolved,0,Critical
9522,49106,Wrong Plan Charged,2026-03-15 21:15:02,Closed,5,Medium
9523,34727,Slow Internet,2025-05-11 20:01:48,Open,,High
9524,10046,Wrong Plan Charged,2023-05-26 17:09:45,In Progress,,Critical
9525,27206,Slow Internet,2024-06-12 12:29:33,In Progress,,Low
9526,19721,Porting Issue,2023-02-08 06:57:58,Escalated,,Critical
9527,24001,Signal Not Available,2025-02-20 12:09:34,Closed,13,High
9528,42743,Porting Issue,2026-07-18 19:58:38,In Progress,,High
9529,9001,Slow Internet,2024-04-27 08:50:45,In Progress,,Low
9530,32502,Data Not Working,2025-04-14 23:45:51,Resolved,12,High
9531,21853,Network Issue,2025-05-10 17:14:11,Closed,13,Medium
9532,10842,Refund Request,2025-12-10 13:56:50,Closed,9,Medium
9533,7584,SIM Activation,2023-09-20 18:16:19,Resolved,13,Critical
9534,10505,Recharge Failure,2025-03-24 01:35:33,In Progress,,Critical
9535,26932,SIM Activation,2023-07-25 14:15:53,Open,,High
9536,933,Billing Dispute,2025-01-08 17:33:22,Open,,Critical
9537,14618,Billing Dispute,2023-09-27 03:01:02,In Progress,,High
9538,37721,Customer Service,2026-05-07 04:29:33,Escalated,,Critical
9539,16700,Billing Dispute,2023-12-11 03:39:03,Escalated,,Medium
9540,8011,Recharge Failure,2025-08-31 07:51:14,Open,,Critical
9541,35513,Customer Service,2025-09-05 01:19:49,Escalated,,Medium
9542,44986,Refund Request,2024-12-09 03:24:14,Open,,Critical
9543,41010,Porting Issue,2023-05-24 00:11:30,In Progress,,Low
9544,18935,Billing Dispute,2024-12-24 02:18:53,In Progress,,Critical
9545,37289,Porting Issue,2023-03-12 20:15:23,Escalated,,Medium
9546,12796,Slow Internet,2025-07-01 15:18:53,Resolved,5,Critical
9547,48519,Customer Service,2023-01-18 08:15:16,Resolved,1,High
9548,5256,Porting Issue,2024-05-03 01:10:58,In Progress,,Low
9549,9769,Slow Internet,2025-02-08 11:33:55,Open,,Critical
9550,45586,Recharge Failure,2024-10-26 12:02:55,Escalated,,Critical
9551,47620,SIM Activation,2023-07-18 14:48:46,In Progress,,Medium
9552,15969,Porting Issue,2025-10-24 17:21:14,In Progress,,Medium
9553,28307,Slow Internet,2025-09-08 15:37:17,Resolved,12,High
9554,11721,Slow Internet,2025-11-20 06:05:19,Escalated,,Low
9555,18063,Slow Internet,2025-09-30 20:51:40,Resolved,13,Medium
9556,1643,Slow Internet,2025-02-07 15:20:11,In Progress,,High
9557,14247,Refund Request,2026-01-27 18:55:07,Resolved,2,Low
9558,34932,Customer Service,2025-12-02 21:13:30,Closed,5,Critical
9559,13678,Porting Issue,2025-11-15 20:25:14,Escalated,,Low
9560,35361,Call Drop,2025-05-24 22:47:27,Escalated,,Critical
9561,12732,Call Drop,2026-04-21 12:27:21,Resolved,9,Low
9562,7440,Network Issue,2023-05-13 12:49:06,Open,,Critical
9563,39295,Wrong Plan Charged,2023-10-22 14:47:59,Escalated,,High
9564,39594,Refund Request,2024-03-01 20:33:10,Open,,Low
9565,15093,Slow Internet,2025-03-08 16:56:30,Escalated,,Critical
9566,49700,Network Issue,2024-12-22 15:34:47,Resolved,13,Low
9567,37092,Network Issue,2023-03-15 09:26:28,In Progress,,Critical
9568,35917,Recharge Failure,2024-06-21 00:38:15,Resolved,12,High
9569,18711,Call Drop,2023-12-11 11:43:22,Resolved,6,Medium
9570,20601,Call Drop,2026-06-15 18:53:53,In Progress,,Low
9571,41935,Porting Issue,2024-01-22 12:59:32,Escalated,,Medium
9572,49311,SIM Activation,2026-03-07 22:32:06,In Progress,,Low
9573,9317,Porting Issue,2023-06-15 03:04:23,Escalated,,Low
9574,29289,Refund Request,2024-12-23 04:57:21,Resolved,5,Medium
9575,44734,Wrong Plan Charged,2025-01-23 04:00:25,Resolved,1,Low
9576,16286,Wrong Plan Charged,2025-06-19 13:47:46,In Progress,,High
9577,28467,Network Issue,2023-10-25 01:30:55,In Progress,,Medium
9578,33644,Refund Request,2024-10-15 17:43:36,Resolved,8,Critical
9579,24125,SIM Activation,2024-09-13 17:26:48,Escalated,,Low
9580,46348,Slow Internet,2026-03-15 16:43:10,In Progress,,Critical
9581,16878,Network Issue,2023-04-19 01:51:20,In Progress,,Medium
9582,24422,Data Not Working,2024-09-01 15:50:22,Open,,Medium
9583,2441,Call Drop,2023-04-13 23:48:23,Resolved,4,Low
9584,22241,Slow Internet,2025-12-07 13:20:45,Resolved,7,High
9585,44845,Customer Service,2024-01-30 21:50:45,Resolved,0,Medium
9586,26595,Data Not Working,2025-09-23 18:18:53,Escalated,,Medium
9587,49246,Signal Not Available,2023-12-16 10:27:05,Open,,Medium
9588,34214,Billing Dispute,2023-01-05 02:33:18,Escalated,,Critical
9589,40609,Customer Service,2023-02-12 10:47:38,Closed,4,High
9590,14713,Wrong Plan Charged,2023-07-15 06:25:14,Closed,12,Critical
9591,46183,Refund Request,2025-07-18 21:57:52,Escalated,,Medium
9592,32772,Wrong Plan Charged,2024-03-28 04:21:25,In Progress,,Critical
9593,10908,Network Issue,2023-01-02 15:34:07,In Progress,,High
9594,7705,Customer Service,2023-08-09 00:28:55,Resolved,3,High
9595,30815,Call Drop,2023-09-28 13:50:55,Escalated,,Medium
9596,12296,Refund Request,2025-01-19 17:28:12,Closed,12,Low
9597,49831,Slow Internet,2023-06-06 20:01:57,Open,,Medium
9598,31318,Customer Service,2025-11-01 08:20:41,Closed,10,High
9599,27087,Slow Internet,2025-07-26 19:48:40,Closed,13,High
9600,34153,Customer Service,2026-02-02 14:08:04,Closed,9,High
9601,27601,Customer Service,2026-02-17 11:52:12,Escalated,,High
9602,18548,Data Not Working,2023-05-20 17:41:44,Resolved,10,Medium
9603,542,SIM Activation,2025-01-02 21:02:23,Resolved,3,High
9604,4550,Call Drop,2023-04-13 09:15:35,Escalated,,Critical
9605,27027,SIM Activation,2024-10-15 05:26:28,In Progress,,High
9606,31604,Wrong Plan Charged,2026-06-21 17:40:03,Open,,High
9607,35612,Call Drop,2025-02-06 21:01:25,In Progress,,High
9608,47855,Slow Internet,2025-06-24 18:11:44,Open,,Medium
9609,23572,Refund Request,2024-10-06 06:49:41,In Progress,,High
9610,33781,Wrong Plan Charged,2026-03-26 15:06:05,Closed,5,High
9611,14367,Data Not Working,2025-07-31 07:20:33,Escalated,,Low
9612,36045,Signal Not Available,2026-07-25 21:12:30,In Progress,,Low
9613,23361,Signal Not Available,2025-12-25 23:06:30,Closed,4,High
9614,9400,Call Drop,2023-01-23 04:06:52,Closed,10,Critical
9615,15088,SIM Activation,2023-04-03 20:03:07,In Progress,,Medium
9616,41669,Slow Internet,2025-05-24 05:49:17,In Progress,,Medium
9617,8321,Network Issue,2024-10-23 15:44:51,Resolved,10,High
9618,31940,Call Drop,2024-11-13 17:51:37,Open,,Critical
9619,6719,SIM Activation,2024-12-30 09:23:45,Closed,7,Critical
9620,2589,Network Issue,2025-02-12 05:39:58,Escalated,,Medium
9621,811,Signal Not Available,2026-01-28 12:27:05,In Progress,,Critical
9622,658,Call Drop,2024-08-25 20:17:30,Escalated,,Low
9623,27359,Signal Not Available,2025-10-28 08:29:45,Resolved,15,High
9624,42226,SIM Activation,2025-03-18 03:44:20,In Progress,,Medium
9625,48838,Billing Dispute,2024-09-09 15:46:23,Open,,Critical
9626,10134,Customer Service,2023-06-06 03:29:31,Resolved,2,Critical
9627,12833,Recharge Failure,2024-10-23 04:19:17,Open,,High
9628,9944,Signal Not Available,2024-08-21 11:27:01,Resolved,2,High
9629,34641,Network Issue,2024-03-22 10:03:22,In Progress,,Critical
9630,17097,Porting Issue,2026-06-13 03:31:03,Open,,Low
9631,33073,SIM Activation,2023-01-04 00:15:27,In Progress,,Low
9632,16577,Customer Service,2023-09-21 21:13:17,Open,,Medium
9633,33082,Porting Issue,2025-12-06 03:33:58,In Progress,,Medium
9634,32476,Network Issue,2024-01-27 08:35:07,Resolved,13,High
9635,40008,Slow Internet,2023-10-11 14:49:37,Open,,Medium
9636,43823,Refund Request,2025-09-10 03:37:10,Closed,0,Medium
9637,5421,Recharge Failure,2025-10-18 17:11:12,Open,,Medium
9638,38020,Customer Service,2025-02-23 22:59:36,Resolved,7,Critical
9639,2317,Slow Internet,2025-07-18 20:10:38,Closed,3,Medium
9640,13561,SIM Activation,2023-10-15 08:55:28,Closed,1,Critical
9641,36564,SIM Activation,2024-11-08 02:43:49,Escalated,,Medium
9642,28061,Network Issue,2024-02-12 01:08:22,Resolved,4,Medium
9643,38962,Signal Not Available,2023-06-04 08:42:59,Closed,2,Critical
9644,27759,Data Not Working,2024-02-19 08:12:54,Escalated,,Medium
9645,25593,Customer Service,2023-12-27 23:25:22,Escalated,,Critical
9646,16359,Signal Not Available,2023-11-20 19:01:04,In Progress,,High
9647,14269,Porting Issue,2025-06-27 01:58:01,In Progress,,Low
9648,33444,Call Drop,2023-01-21 18:33:39,Open,,Low
9649,17847,Refund Request,2023-03-27 09:01:50,Resolved,9,High
9650,46071,Data Not Working,2026-04-19 10:57:02,In Progress,,High
9651,17303,Refund Request,2025-12-31 22:02:10,Open,,Medium
9652,40731,Porting Issue,2023-04-29 23:16:09,Open,,High
9653,31319,Signal Not Available,2023-10-03 22:00:42,Closed,1,Medium
9654,30312,Porting Issue,2024-10-28 03:02:32,Resolved,6,Critical
9655,9044,Data Not Working,2024-04-17 16:51:23,Escalated,,Low
9656,24809,Billing Dispute,2024-01-22 16:02:52,In Progress,,Low
9657,18405,SIM Activation,2024-04-24 06:07:09,Resolved,3,Critical
9658,37683,Call Drop,2025-03-04 00:45:00,Open,,Low
9659,45121,Billing Dispute,2026-04-16 18:24:33,Closed,14,Medium
9660,32012,Slow Internet,2024-10-31 05:09:47,In Progress,,Critical
9661,36440,SIM Activation,2025-08-09 22:51:11,Open,,Low
9662,24642,Customer Service,2023-08-01 09:54:08,Closed,14,High
9663,7939,Porting Issue,2025-06-10 23:40:10,Escalated,,Critical
9664,20770,Data Not Working,2026-07-27 09:23:48,Closed,7,Low
9665,31362,Recharge Failure,2026-07-24 19:28:02,Resolved,2,Low
9666,16104,Recharge Failure,2023-08-06 10:06:05,Escalated,,Low
9667,28473,Signal Not Available,2026-03-02 09:57:48,Resolved,1,Low
9668,720,Porting Issue,2025-12-22 13:54:37,Closed,6,Critical
9669,49204,Signal Not Available,2023-11-26 11:24:35,In Progress,,Critical
9670,45792,Data Not Working,2023-01-02 13:01:07,Open,,Low
9671,23040,Data Not Working,2025-02-21 01:46:35,Closed,7,High
9672,40594,Wrong Plan Charged,2024-12-06 13:42:58,Open,,Low
9673,11305,Wrong Plan Charged,2024-04-21 02:05:40,Open,,Low
9674,40,Wrong Plan Charged,2023-08-27 17:38:54,Closed,9,Critical
9675,22742,SIM Activation,2024-02-29 05:55:55,Escalated,,Low
9676,44673,Porting Issue,2024-09-22 18:50:11,Resolved,0,Medium
9677,7265,Data Not Working,2024-09-02 13:57:35,In Progress,,Low
9678,27729,Billing Dispute,2026-06-26 12:52:22,In Progress,,High
9679,41824,Signal Not Available,2025-08-25 17:26:50,Closed,8,Medium
9680,20779,Network Issue,2023-06-05 22:27:00,Open,,Medium
9681,201,Network Issue,2024-12-29 13:52:07,Open,,High
9682,26161,SIM Activation,2024-04-11 23:55:20,Resolved,7,Medium
9683,37097,Wrong Plan Charged,2025-03-01 02:53:18,In Progress,,Low
9684,13967,Signal Not Available,2023-05-17 07:48:10,Resolved,1,Medium
9685,6976,Customer Service,2024-06-17 11:39:25,Closed,3,Low
9686,709,Network Issue,2025-10-02 13:26:31,Escalated,,Low
9687,45811,Signal Not Available,2024-12-05 07:32:36,In Progress,,High
9688,5718,SIM Activation,2026-04-17 02:49:40,Escalated,,Low
9689,26479,Signal Not Available,2026-05-17 02:38:30,In Progress,,Medium
9690,17829,Call Drop,2024-02-27 10:31:03,In Progress,,Critical
9691,37337,Wrong Plan Charged,2024-09-27 07:41:13,Resolved,8,Medium
9692,28746,Customer Service,2025-08-05 19:53:50,In Progress,,Medium
9693,24330,Refund Request,2024-12-30 04:20:47,Open,,Low
9694,11222,Slow Internet,2024-06-14 20:23:08,In Progress,,Critical
9695,6706,Refund Request,2025-05-23 04:09:50,Closed,0,Critical
9696,47476,Customer Service,2026-07-15 22:59:16,Closed,10,Critical
9697,3672,Wrong Plan Charged,2025-03-06 23:17:30,Resolved,0,Medium
9698,15708,Porting Issue,2023-09-22 06:52:40,Open,,Low
9699,19027,Porting Issue,2026-07-17 17:13:06,Closed,14,High
9700,4639,Call Drop,2026-05-22 04:18:34,Open,,Critical
9701,30303,Billing Dispute,2024-05-17 19:45:57,Open,,Low
9702,19190,Billing Dispute,2024-10-19 02:09:34,Resolved,8,Critical
9703,1973,Billing Dispute,2023-10-04 04:23:26,Open,,Medium
9704,14625,Refund Request,2025-03-13 16:41:10,Open,,Medium
9705,14179,Network Issue,2025-10-17 02:16:00,Open,,Low
9706,19904,Signal Not Available,2025-11-13 09:40:58,Escalated,,Low
9707,45769,Call Drop,2023-07-25 21:13:51,Resolved,11,Medium
9708,12931,Porting Issue,2025-06-03 21:24:29,Closed,0,Critical
9709,40066,Network Issue,2024-09-04 23:18:02,Closed,2,Medium
9710,11044,Recharge Failure,2026-01-20 08:33:33,Closed,2,High
9711,26256,Refund Request,2025-12-16 05:27:10,In Progress,,Critical
9712,26791,Signal Not Available,2025-09-13 01:57:27,In Progress,,Medium
9713,49924,Signal Not Available,2023-10-27 21:18:56,Open,,Low
9714,39761,Recharge Failure,2024-01-24 20:27:48,Escalated,,Critical
9715,15008,Refund Request,2023-08-16 09:33:42,Resolved,6,Low
9716,31358,Recharge Failure,2024-05-08 11:48:02,Resolved,0,High
9717,35672,Billing Dispute,2023-08-22 11:56:18,In Progress,,Low
9718,29543,Recharge Failure,2026-06-17 09:48:37,In Progress,,Critical
9719,10104,Call Drop,2025-10-15 07:23:55,Closed,8,Critical
9720,11466,Wrong Plan Charged,2023-09-13 16:22:50,Resolved,15,Critical
9721,7797,Customer Service,2025-06-16 12:05:35,Escalated,,Medium
9722,5390,Porting Issue,2025-09-07 07:58:42,Escalated,,Medium
9723,7537,Network Issue,2026-02-11 00:16:41,Resolved,0,High
9724,41542,Refund Request,2025-06-05 17:24:36,Closed,14,Low
9725,6041,Customer Service,2025-12-02 19:20:56,Escalated,,High
9726,46137,Data Not Working,2024-06-19 22:49:59,Escalated,,Low
9727,834,Data Not Working,2024-12-09 05:48:17,In Progress,,High
9728,24561,Porting Issue,2023-05-08 11:36:31,In Progress,,Medium
9729,43538,Data Not Working,2023-10-07 16:27:27,Open,,Critical
9730,13980,Wrong Plan Charged,2025-08-04 22:22:01,Closed,5,Medium
9731,49758,Refund Request,2025-12-28 10:04:17,Escalated,,Medium
9732,1247,Customer Service,2023-06-22 18:17:10,Closed,8,Low
9733,22920,Porting Issue,2024-05-20 09:44:02,Open,,Critical
9734,12970,SIM Activation,2025-06-01 22:48:16,Closed,13,Critical
9735,2547,Signal Not Available,2024-06-04 23:28:43,Escalated,,High
9736,28912,Customer Service,2024-06-28 05:15:14,Closed,12,Low
9737,22515,Customer Service,2024-10-20 16:49:41,Escalated,,Critical
9738,32586,Billing Dispute,2026-05-26 13:50:24,Closed,12,Low
9739,1007,SIM Activation,2025-09-01 17:17:47,Resolved,7,Medium
9740,14553,Wrong Plan Charged,2023-03-28 14:54:55,Escalated,,Low
9741,7421,Signal Not Available,2026-03-10 09:05:26,In Progress,,High
9742,31746,Data Not Working,2023-09-06 23:12:37,Closed,12,Medium
9743,37586,SIM Activation,2023-12-19 17:33:29,Resolved,7,Critical
9744,21592,Customer Service,2024-01-01 05:13:47,In Progress,,Medium
9745,20091,SIM Activation,2025-07-26 08:00:34,In Progress,,Medium
9746,11437,Refund Request,2026-04-25 18:56:49,Escalated,,Critical
9747,3831,Slow Internet,2023-11-12 19:48:10,Escalated,,Critical
9748,14544,Refund Request,2023-09-23 20:00:00,Closed,12,Low
9749,38,Signal Not Available,2024-04-09 08:32:44,Open,,Critical
9750,39724,Call Drop,2024-08-16 14:35:16,Open,,Low
9751,36406,Wrong Plan Charged,2025-09-09 16:38:06,In Progress,,High
9752,9980,Network Issue,2023-06-01 04:50:57,In Progress,,Low
9753,36062,Signal Not Available,2023-02-15 06:48:37,Resolved,3,Low
9754,34671,Slow Internet,2024-10-17 02:54:33,Open,,Low
9755,47126,Recharge Failure,2024-12-28 20:18:15,Escalated,,High
9756,26539,Signal Not Available,2024-04-22 14:57:29,Open,,Low
9757,47603,SIM Activation,2024-04-13 19:58:28,In Progress,,Low
9758,45056,Refund Request,2023-05-31 11:36:17,In Progress,,High
9759,44681,Slow Internet,2024-03-16 04:48:27,In Progress,,Critical
9760,24639,Wrong Plan Charged,2024-11-23 21:15:12,In Progress,,Critical
9761,46832,Refund Request,2025-12-25 11:01:42,Open,,Medium
9762,22354,SIM Activation,2023-05-06 19:00:20,Closed,10,Critical
9763,3509,Slow Internet,2023-09-14 02:26:31,Escalated,,Critical
9764,20713,Porting Issue,2025-08-01 20:36:49,Closed,9,Low
9765,12504,Data Not Working,2026-01-22 11:55:30,In Progress,,Critical
9766,16868,Data Not Working,2024-04-02 16:48:13,Open,,Critical
9767,14052,Recharge Failure,2023-02-08 20:36:36,In Progress,,Critical
9768,14298,Slow Internet,2025-08-17 00:21:58,Open,,Low
9769,37701,Refund Request,2023-10-17 03:18:55,In Progress,,Critical
9770,30976,Porting Issue,2023-11-06 06:55:08,In Progress,,Medium
9771,4077,Slow Internet,2026-03-04 22:14:55,Resolved,10,Low
9772,32033,Slow Internet,2025-11-21 00:49:48,In Progress,,Medium
9773,38645,Wrong Plan Charged,2023-10-23 23:01:56,Escalated,,Medium
9774,15612,SIM Activation,2024-08-18 19:38:45,Open,,Low
9775,34447,Call Drop,2024-09-10 10:16:43,Resolved,13,Medium
9776,42488,Refund Request,2026-07-15 04:25:17,Closed,12,Low
9777,36806,Refund Request,2026-01-06 01:29:59,Escalated,,Low
9778,22449,Recharge Failure,2024-03-28 02:33:29,Resolved,3,High
9779,12219,Customer Service,2025-06-05 23:24:04,In Progress,,Medium
9780,33099,Wrong Plan Charged,2025-09-02 12:51:15,In Progress,,Medium
9781,24153,Wrong Plan Charged,2025-01-15 05:43:30,Escalated,,High
9782,22650,Signal Not Available,2026-05-02 06:17:19,Resolved,14,Critical
9783,40881,SIM Activation,2023-09-27 07:19:12,In Progress,,Critical
9784,25889,Recharge Failure,2023-12-23 08:34:51,Closed,6,Critical
9785,25998,Billing Dispute,2026-02-12 10:59:53,Resolved,13,High
9786,20960,Recharge Failure,2024-07-19 04:39:34,Escalated,,Critical
9787,7564,Signal Not Available,2023-05-13 19:07:54,Closed,13,Medium
9788,12108,Refund Request,2024-01-01 08:21:01,Escalated,,High
9789,32723,Signal Not Available,2024-05-19 02:55:19,Open,,Medium
9790,37857,Network Issue,2025-07-07 17:24:07,In Progress,,Low
9791,15311,SIM Activation,2024-05-23 18:36:56,Closed,8,Low
9792,32481,Network Issue,2023-03-24 19:41:56,Resolved,11,High
9793,35723,Porting Issue,2023-01-24 06:24:42,Resolved,6,High
9794,25429,Wrong Plan Charged,2024-03-06 23:26:08,Open,,Critical
9795,35559,Customer Service,2024-05-08 02:29:04,In Progress,,Critical
9796,14869,Billing Dispute,2025-02-26 14:04:17,Resolved,1,Critical
9797,23499,Billing Dispute,2024-06-03 18:11:44,Open,,Low
9798,13426,Network Issue,2023-07-18 09:23:29,In Progress,,Critical
9799,776,SIM Activation,2025-08-01 18:59:37,Escalated,,Medium
9800,18421,Billing Dispute,2024-04-12 21:21:48,Open,,Critical
9801,17190,Signal Not Available,2023-11-05 18:22:57,Escalated,,Low
9802,30793,Porting Issue,2023-05-05 08:39:34,Open,,Medium
9803,45111,Network Issue,2024-05-08 19:07:12,Open,,Critical
9804,26831,SIM Activation,2023-04-19 17:45:07,In Progress,,Medium
9805,27600,Porting Issue,2025-01-02 20:33:52,Open,,Critical
9806,23733,Billing Dispute,2023-01-15 07:01:32,Escalated,,Low
9807,20541,SIM Activation,2026-03-11 17:29:07,In Progress,,Medium
9808,21139,Wrong Plan Charged,2024-05-23 06:31:29,Closed,6,High
9809,34795,Slow Internet,2024-08-23 15:15:15,Closed,15,Low
9810,39492,Network Issue,2024-05-28 12:58:27,Escalated,,High
9811,32781,Customer Service,2023-02-21 12:23:45,Open,,High
9812,18304,Call Drop,2024-07-11 22:51:18,Closed,8,Medium
9813,39091,Recharge Failure,2026-07-21 14:41:38,Resolved,5,Critical
9814,16471,Wrong Plan Charged,2023-11-27 13:17:55,Resolved,13,High
9815,48536,Network Issue,2023-04-19 19:11:57,Resolved,0,High
9816,32233,Call Drop,2026-05-31 21:33:15,Resolved,1,Medium
9817,42406,Recharge Failure,2026-03-05 17:53:47,Resolved,0,Low
9818,1810,Data Not Working,2026-05-03 21:58:28,Open,,Medium
9819,36910,Data Not Working,2025-01-02 18:07:11,In Progress,,Low
9820,11168,Porting Issue,2026-07-07 09:40:20,In Progress,,Critical
9821,5551,Signal Not Available,2025-11-04 18:45:06,Open,,High
9822,13066,Network Issue,2023-04-23 20:24:03,Open,,Low
9823,48340,Signal Not Available,2024-07-24 04:21:01,Open,,High
9824,39940,SIM Activation,2023-02-16 05:32:12,Escalated,,Medium
9825,17826,Customer Service,2023-03-07 04:09:11,Resolved,12,Low
9826,44878,Network Issue,2024-07-20 15:46:33,In Progress,,Medium
9827,44164,Recharge Failure,2026-04-14 02:47:25,In Progress,,High
9828,37975,Customer Service,2025-07-12 22:00:24,Closed,12,Medium
9829,36837,Customer Service,2026-06-26 01:42:09,In Progress,,High
9830,37958,Billing Dispute,2023-09-18 19:18:45,Open,,Critical
9831,45311,Signal Not Available,2023-12-24 06:45:04,Escalated,,High
9832,20450,Data Not Working,2025-02-20 05:40:40,Open,,High
9833,32900,Data Not Working,2023-09-13 04:06:41,Escalated,,High
9834,25890,Network Issue,2025-09-23 07:42:05,Escalated,,High
9835,28021,Wrong Plan Charged,2024-10-01 05:17:01,Resolved,6,High
9836,33533,Recharge Failure,2023-10-15 18:10:47,Resolved,1,Medium
9837,48135,Signal Not Available,2026-03-31 10:16:22,Open,,High
9838,25611,Signal Not Available,2024-08-23 01:49:08,Escalated,,Critical
9839,18652,Refund Request,2025-03-07 17:17:32,Open,,High
9840,35152,Slow Internet,2023-03-30 20:21:45,Escalated,,Low
9841,7315,Porting Issue,2023-09-06 22:43:00,Escalated,,High
9842,36272,Wrong Plan Charged,2025-03-30 09:07:13,Resolved,4,Critical
9843,41876,Network Issue,2024-05-22 08:46:46,In Progress,,Medium
9844,35956,Data Not Working,2025-03-02 13:59:17,Resolved,2,Low
9845,23097,Porting Issue,2026-05-03 15:05:22,In Progress,,Low
9846,34784,Refund Request,2025-08-18 19:10:12,Closed,15,High
9847,12067,Wrong Plan Charged,2023-11-27 04:57:16,Open,,Low
9848,35154,Call Drop,2025-09-25 23:26:11,Closed,8,Medium
9849,22518,Refund Request,2023-12-28 08:25:58,In Progress,,High
9850,26988,Signal Not Available,2023-01-02 21:16:34,In Progress,,Medium
9851,41991,Signal Not Available,2024-03-26 06:51:05,In Progress,,Critical
9852,46073,Porting Issue,2026-06-02 08:38:04,Closed,13,High
9853,40649,Wrong Plan Charged,2025-05-29 18:59:25,In Progress,,Medium
9854,4851,Billing Dispute,2025-09-23 00:21:33,Open,,Critical
9855,22134,SIM Activation,2024-12-28 08:09:17,Open,,Low
9856,4749,Customer Service,2025-07-24 21:29:41,Open,,Low
9857,40736,Wrong Plan Charged,2025-08-12 22:01:39,Open,,Low
9858,9460,Billing Dispute,2025-09-25 12:22:47,Open,,Low
9859,35067,Call Drop,2024-08-10 07:08:34,Open,,Medium
9860,42377,Slow Internet,2024-08-14 08:56:00,Open,,Medium
9861,44580,Billing Dispute,2024-11-02 05:03:53,Closed,2,Critical
9862,37700,Slow Internet,2025-03-19 05:31:46,Open,,Critical
9863,21071,Billing Dispute,2023-09-21 07:13:05,Escalated,,Critical
9864,41230,Network Issue,2023-01-03 01:58:59,In Progress,,Critical
9865,21790,Billing Dispute,2025-01-17 05:31:39,Resolved,3,High
9866,43774,Network Issue,2023-08-29 04:29:17,In Progress,,High
9867,16290,Wrong Plan Charged,2023-04-11 09:38:40,Escalated,,Low
9868,12343,Refund Request,2024-09-25 21:06:00,Open,,Medium
9869,16061,SIM Activation,2023-01-09 13:47:15,In Progress,,High
9870,49212,SIM Activation,2024-06-14 13:37:46,Resolved,6,Critical
9871,14964,Slow Internet,2024-09-10 03:07:03,Closed,1,Low
9872,4471,Signal Not Available,2026-05-31 02:13:49,Escalated,,Medium
9873,9889,Slow Internet,2023-11-08 11:20:29,In Progress,,Medium
9874,29220,SIM Activation,2023-01-06 09:19:41,Closed,5,Critical
9875,49652,Signal Not Available,2024-04-25 05:55:22,In Progress,,Critical
9876,20609,Customer Service,2026-07-03 23:22:53,Open,,High
9877,44526,Data Not Working,2025-08-17 19:38:00,Escalated,,Medium
9878,7990,Data Not Working,2025-09-21 20:04:13,Open,,Low
9879,15389,Recharge Failure,2024-10-24 22:17:50,Open,,Medium
9880,29688,Call Drop,2024-11-09 00:29:20,Escalated,,Critical
9881,26175,Refund Request,2023-06-28 23:19:14,Escalated,,High
9882,1306,Customer Service,2025-04-04 21:31:35,Resolved,14,Low
9883,43301,Data Not Working,2025-07-27 06:04:16,Open,,High
9884,24582,Recharge Failure,2024-10-31 21:01:55,Closed,4,Low
9885,30824,Porting Issue,2025-09-19 21:58:09,Closed,13,Low
9886,21595,Billing Dispute,2025-01-29 15:26:00,Closed,11,Medium
9887,34681,Customer Service,2024-07-31 12:06:01,In Progress,,High
9888,32372,Porting Issue,2024-08-01 09:01:38,Escalated,,Medium
9889,44613,Data Not Working,2026-03-21 13:01:55,Closed,6,High
9890,37430,Call Drop,2023-05-27 13:52:53,Closed,2,Medium
9891,11827,SIM Activation,2024-02-24 11:36:27,Closed,15,High
9892,2280,Refund Request,2025-04-18 12:27:46,Resolved,5,Low
9893,32779,Call Drop,2024-01-08 16:08:46,Closed,14,Critical
9894,34945,Refund Request,2023-06-05 16:29:31,Escalated,,Medium
9895,46044,Wrong Plan Charged,2023-07-09 02:56:20,Resolved,0,Critical
9896,12202,Slow Internet,2025-10-19 00:30:22,Closed,0,Low
9897,22181,Customer Service,2023-04-19 10:51:35,Escalated,,Low
9898,19712,Network Issue,2025-04-08 14:47:17,In Progress,,Low
9899,20293,Network Issue,2026-04-17 11:28:42,Closed,1,Critical
9900,31358,Refund Request,2023-01-28 10:27:17,Escalated,,High
9901,9224,Network Issue,2024-02-07 08:49:31,In Progress,,Medium
9902,5333,Wrong Plan Charged,2025-06-07 09:15:46,In Progress,,Critical
9903,24298,Call Drop,2023-12-09 02:37:58,Resolved,10,Critical
9904,44088,Billing Dispute,2024-02-12 13:37:42,Escalated,,High
9905,29621,SIM Activation,2023-11-19 12:33:59,Closed,10,Medium
9906,21268,Call Drop,2026-01-29 11:34:33,Closed,10,Medium
9907,22971,Porting Issue,2023-10-06 12:16:21,In Progress,,Critical
9908,38488,Recharge Failure,2025-07-10 09:09:50,Escalated,,High
9909,6625,SIM Activation,2024-04-12 21:57:22,Escalated,,Critical
9910,10454,Wrong Plan Charged,2023-04-09 00:42:21,Closed,13,Medium
9911,49463,Refund Request,2025-07-22 16:41:46,Escalated,,Medium
9912,21999,Slow Internet,2025-12-26 19:00:08,Resolved,5,High
9913,48206,SIM Activation,2023-12-25 00:38:01,In Progress,,Low
9914,17830,Porting Issue,2025-05-23 11:21:14,Closed,8,Low
9915,42372,Wrong Plan Charged,2026-04-10 02:14:53,In Progress,,Low
9916,11079,Call Drop,2024-11-12 07:53:32,In Progress,,High
9917,40795,Recharge Failure,2023-05-14 01:37:49,Escalated,,Medium
9918,26741,Network Issue,2024-10-11 06:53:12,In Progress,,Critical
9919,35188,Customer Service,2025-04-02 12:29:09,Closed,10,Medium
9920,41436,Signal Not Available,2023-05-11 04:38:00,Closed,7,Medium
9921,27148,Porting Issue,2023-03-15 03:06:44,Escalated,,High
9922,9324,Slow Internet,2025-07-25 02:43:27,Escalated,,Medium
9923,43556,Porting Issue,2024-10-31 14:04:07,Closed,13,Low
9924,4817,Billing Dispute,2025-12-20 22:54:57,In Progress,,Medium
9925,30299,Data Not Working,2026-07-17 14:16:32,Open,,Low
9926,42858,Data Not Working,2025-05-06 01:15:33,Closed,13,Medium
9927,13122,Wrong Plan Charged,2023-09-22 13:41:39,Open,,Medium
9928,28066,Call Drop,2025-06-07 02:25:34,Escalated,,Medium
9929,23655,Slow Internet,2025-03-20 05:07:21,Escalated,,Low
9930,7328,Signal Not Available,2024-09-10 10:12:19,In Progress,,Critical
9931,25591,Network Issue,2024-03-25 20:56:57,Escalated,,High
9932,5866,Call Drop,2025-03-04 22:19:51,Closed,11,High
9933,25190,Call Drop,2024-03-20 10:57:27,In Progress,,Critical
9934,5529,Data Not Working,2026-03-29 17:11:01,Escalated,,Low
9935,5150,Refund Request,2025-07-01 10:57:37,In Progress,,Low
9936,1656,Customer Service,2023-12-09 05:55:25,Resolved,0,High
9937,30285,Data Not Working,2025-06-14 19:27:14,In Progress,,Critical
9938,37392,Signal Not Available,2024-01-08 03:15:08,Resolved,4,Medium
9939,515,Call Drop,2024-04-04 04:06:30,Escalated,,Medium
9940,47176,Porting Issue,2023-12-17 10:27:53,Escalated,,Medium
9941,19144,Customer Service,2025-06-10 01:22:56,Open,,High
9942,26859,Billing Dispute,2025-06-10 16:37:50,Closed,12,Low
9943,3642,Slow Internet,2023-03-04 07:21:46,Open,,High
9944,8989,SIM Activation,2024-01-07 21:55:50,Escalated,,Critical
9945,40989,Porting Issue,2025-06-08 20:43:01,Resolved,3,Critical
9946,20992,Wrong Plan Charged,2024-04-19 23:13:44,Resolved,14,High
9947,16499,Wrong Plan Charged,2025-10-28 22:25:14,Resolved,3,Critical
9948,20949,Slow Internet,2024-08-30 18:14:30,Escalated,,Medium
9949,1440,Network Issue,2025-01-24 10:22:48,Resolved,0,Medium
9950,17511,Wrong Plan Charged,2024-01-04 23:38:45,Open,,Low
9951,9892,Data Not Working,2024-03-06 18:55:25,Open,,High
9952,43750,SIM Activation,2023-08-07 08:56:11,Closed,14,Critical
9953,30233,Call Drop,2025-10-28 01:21:26,Resolved,3,Critical
9954,12105,Recharge Failure,2026-06-14 18:32:11,Open,,Medium
9955,38138,Network Issue,2024-01-30 04:55:05,Escalated,,Low
9956,8340,SIM Activation,2025-09-18 21:08:18,Open,,High
9957,36937,Wrong Plan Charged,2025-03-03 05:50:38,Open,,Medium
9958,35992,Billing Dispute,2023-09-03 08:32:30,Escalated,,Medium
9959,21877,Network Issue,2025-12-04 06:11:15,Open,,Low
9960,5388,Porting Issue,2024-01-24 20:28:47,Escalated,,Low
9961,40942,SIM Activation,2024-05-04 16:09:24,In Progress,,Critical
9962,49839,Wrong Plan Charged,2026-05-21 03:06:25,Open,,Low
9963,45570,Porting Issue,2024-11-06 12:48:25,Open,,Critical
9964,19383,SIM Activation,2024-12-06 18:19:11,Resolved,4,Critical
9965,35040,Refund Request,2025-09-24 13:33:06,Closed,15,High
9966,27100,Call Drop,2024-12-26 22:36:34,Closed,10,Medium
9967,34853,Data Not Working,2025-08-02 06:57:31,Escalated,,Critical
9968,4362,Network Issue,2023-03-14 13:51:48,Resolved,15,High
9969,48730,Data Not Working,2023-01-09 17:35:24,Closed,2,High
9970,4180,Signal Not Available,2025-08-14 06:00:24,Resolved,11,Critical
9971,47673,Network Issue,2023-04-17 05:19:07,Escalated,,High
9972,33117,Slow Internet,2024-10-26 18:08:23,Open,,Critical
9973,15838,Network Issue,2025-04-07 16:22:29,Open,,Medium
9974,11504,Signal Not Available,2023-08-01 18:19:19,Closed,13,Medium
9975,43890,Billing Dispute,2025-01-02 10:30:00,Closed,13,High
9976,26236,Network Issue,2025-03-12 09:43:53,Escalated,,Medium
9977,43492,Recharge Failure,2023-06-21 17:04:19,Resolved,13,Critical
9978,37157,SIM Activation,2025-02-27 19:40:09,In Progress,,High
9979,48314,Recharge Failure,2024-05-18 09:38:17,Open,,High
9980,1409,Billing Dispute,2023-05-20 06:40:03,Closed,7,Medium
9981,23779,Slow Internet,2025-02-15 13:56:35,Resolved,15,Low
9982,15404,SIM Activation,2023-09-02 20:24:16,Escalated,,Medium
9983,16843,Data Not Working,2025-06-25 13:59:37,Escalated,,Critical
9984,8448,SIM Activation,2026-06-11 00:55:38,In Progress,,Medium
9985,46824,Refund Request,2023-10-01 05:40:00,Closed,11,Critical
9986,45086,Slow Internet,2025-03-07 02:59:11,Resolved,3,Critical
9987,43352,Porting Issue,2026-01-08 09:06:18,Resolved,9,Medium
9988,22242,Network Issue,2023-05-12 19:24:34,Open,,High
9989,29768,Network Issue,2024-11-22 07:49:48,Open,,Critical
9990,40534,Call Drop,2025-04-08 13:14:58,Closed,12,High
9991,20922,Network Issue,2023-10-29 23:24:16,In Progress,,Medium
9992,41271,Slow Internet,2025-07-24 08:04:57,Escalated,,High
9993,40378,SIM Activation,2023-10-13 05:10:34,Escalated,,Medium
9994,7076,Wrong Plan Charged,2025-01-26 15:14:59,Escalated,,Critical
9995,34595,Recharge Failure,2023-06-10 09:53:03,Escalated,,Medium
9996,44629,Network Issue,2024-09-29 06:16:43,Open,,Critical
9997,45630,Call Drop,2023-12-18 15:13:41,In Progress,,Low
9998,35726,SIM Activation,2023-12-26 15:39:49,Open,,Low
9999,25724,Call Drop,2025-01-23 12:45:18,Escalated,,Medium
10000,22224,Wrong Plan Charged,2024-05-26 11:54:12,Resolved,12,Low
